Year,state_id,Production(BU),Plant_Area(km^2),Harvest_Area(km^2),State_Code,State_Name
1981,0,31026657.42,2158.431764,2158.431764,AL,ALABAMA
1981,2,436674.9714,337.2133524,208.0859775,AZ,ARIZONA
1981,3,8649058.443,472.4370091,472.4370091,AR,ARKANSAS
1981,4,1512352.351,657.5993077,317.3632923,CA,CALIFORNIA
1981,5,8754474.788,5271.314994,3816.503428,CO,COLORADO
1981,6,2360469.617,107.5515868,107.5515868,CT,CONNECTICUT
1981,7,16436180.59,670.5140418,670.5140418,DE,DELAWARE
1981,8,0,0,0,DC,DISTRICT OF COLUMBIA
1981,9,5501396.653,684.542563,684.542563,FL,FLORIDA
1981,10,20537932.52,2314.821892,2314.821892,GA,GEORGIA
1981,12,94804.67306,240.4232797,38.38736066,ID,IDAHO
1981,13,1223043117,48295.21114,48295.21114,IL,ILLINOIS
1981,14,673544539.3,25704.77108,25704.77108,IN,INDIANA
1981,15,440062505.6,56590.62759,56074.28691,IA,IOWA
1981,16,101216902.1,12732.88311,11368.68748,KS,KANSAS
1981,17,166634999,7635.900685,7635.900685,KY,KENTUCKY
1981,18,37097295.95,2430.966327,2430.966327,LA,LOUISIANA
1981,19,2096633.956,132.9482071,132.8803349,ME,MAINE
1981,20,63322796.52,2650.939802,2650.939802,MD,MARYLAND
1981,21,3574705.791,155.9303139,155.9303139,MA,MASSACHUSETTS
1981,22,203423434.9,10554.20459,10554.16493,MI,MICHIGAN
1981,23,188631704.9,32991.64306,28839.80206,MN,MINNESOTA
1981,24,43767807.77,2959.822079,2959.822079,MS,MISSISSIPPI
1981,25,319836713.8,15302.59504,15302.59504,MO,MISSOURI
1981,26,446396.8423,194.3764446,125.1935834,MT,MONTANA
1981,27,112739544.1,22474.75175,20407.53266,NE,NEBRASKA
1981,28,0,2.77858E-06,0,NV,NEVADA
1981,29,640174.6514,29.09647543,29.09647543,NH,NEW HAMPSHIRE
1981,30,20996700.85,730.5410085,730.5410085,NJ,NEW JERSEY
1981,31,1789243.705,470.5392234,430.3915042,NM,NEW MEXICO
1981,32,110570964.4,5546.552161,5546.532076,NY,NEW YORK
1981,33,101356486.5,3755.93165,3755.93165,NC,NORTH CAROLINA
1981,34,12533214.79,4590.093566,3832.019656,ND,NORTH DAKOTA
1981,35,410726672,16067.33913,16067.33913,OH,OHIO
1981,36,12066345.91,1341.838569,933.6651728,OK,OKLAHOMA
1981,37,6772981.714,568.8773167,461.8629111,OR,OREGON
1981,38,161429904.3,6883.137584,6883.137584,PA,PENNSYLVANIA
1981,39,775711.2124,32.17486463,32.17486463,RI,RHODE ISLAND
1981,40,39042834.19,2081.300988,2081.300988,SC,SOUTH CAROLINA
1981,41,16697927.52,18204.16904,6908.797422,SD,SOUTH DAKOTA
1981,42,90773729.21,4183.446531,4183.446531,TN,TENNESSEE
1981,43,157305842.7,8144.702142,7958.212812,TX,TEXAS
1981,44,62809.30538,235.507715,45.05477545,UT,UTAH
1981,45,3358189.512,215.2780112,215.2780112,VT,VERMONT
1981,46,65577618.09,2397.429977,2397.429977,VA,VIRGINIA
1981,47,5084005.378,997.814959,560.9476879,WA,WASHINGTON
1981,48,13477368.67,536.8994155,536.8994155,WV,WEST VIRGINIA
1981,49,346922583.1,18769.82739,18754.54391,WI,WISCONSIN
1981,50,311420.0434,407.6728157,84.34654021,WY,WYOMING
1982,0,45436389.09,2116.213143,2116.213143,AL,ALABAMA
1982,2,89896.71079,341.1208796,68.23670229,AZ,ARIZONA
1982,3,9392216.905,473.5042197,473.5042197,AR,ARKANSAS
1982,4,2803109.873,658.9434717,405.222057,CA,CALIFORNIA
1982,5,17291689.1,5315.674602,4175.64731,CO,COLORADO
1982,6,2819261.558,113.10688,113.10688,CT,CONNECTICUT
1982,7,19419047.21,665.7692328,665.7692328,DE,DELAWARE
1982,8,0,0,0,DC,DISTRICT OF COLUMBIA
1982,9,19076661.22,688.3762118,688.3762118,FL,FLORIDA
1982,10,54074065.48,2286.883384,2286.883384,GA,GEORGIA
1982,12,106731.8676,238.8869061,48.14381219,ID,IDAHO
1982,13,1105390894,48291.66404,48291.66404,IL,ILLINOIS
1982,14,687958050.4,25616.78718,25616.78718,IN,INDIANA
1982,15,1302298283,56537.69571,56537.69571,IA,IOWA
1982,16,137798819.1,12812.23994,12263.4326,KS,KANSAS
1982,17,177800742.5,7618.524772,7618.524772,KY,KENTUCKY
1982,18,34400235.02,2380.715399,2380.715399,LA,LOUISIANA
1982,19,2317744.423,131.6014797,131.6014797,ME,MAINE
1982,20,64586523.99,2637.248868,2637.248868,MD,MARYLAND
1982,21,3477019.971,150.9451421,150.9451421,MA,MASSACHUSETTS
1982,22,220060467.7,10513.82414,10513.78448,MI,MICHIGAN
1982,23,521656108.1,32884.74515,32832.30338,MN,MINNESOTA
1982,24,61633418.59,2925.016832,2925.016832,MS,MISSISSIPPI
1982,25,340814420.6,15270.43781,15270.43781,MO,MISSOURI
1982,26,1263158.283,204.3764404,168.8593242,MT,MONTANA
1982,27,341005599.3,22267.32789,22154.29954,NE,NEBRASKA
1982,28,0,1.69691E-06,0,NV,NEVADA
1982,29,628480.1568,28.56169948,28.56169948,NH,NEW HAMPSHIRE
1982,30,19518546.58,719.538471,719.538471,NJ,NEW JERSEY
1982,31,1085693.62,476.7682688,317.4661348,NM,NEW MEXICO
1982,32,113769256.6,5456.586546,5456.586546,NY,NEW YORK
1982,33,100172951.9,3724.244129,3724.244129,NC,NORTH CAROLINA
1982,34,12993241.91,4596.125206,3886.0211,ND,NORTH DAKOTA
1982,35,411149431.4,16027.31676,16027.31676,OH,OHIO
1982,36,21278805.77,1372.012912,1369.62326,OK,OKLAHOMA
1982,37,5221770.509,568.4179776,424.2162983,OR,OREGON
1982,38,141092078.3,6833.576892,6833.576892,PA,PENNSYLVANIA
1982,39,726029.1665,30.94375379,30.94375379,RI,RHODE ISLAND
1982,40,49832930.93,2065.676391,2065.676391,SC,SOUTH CAROLINA
1982,41,152201777.7,18307.36238,17664.59064,SD,SOUTH DAKOTA
1982,42,98046631.39,4148.184648,4148.184648,TN,TENNESSEE
1982,43,55900049.06,7994.615768,7539.190774,TX,TEXAS
1982,44,304757.3731,238.4119258,113.3947011,UT,UTAH
1982,45,3551228.368,212.3172225,212.3172225,VT,VERMONT
1982,46,60944719.86,2369.715895,2369.715895,VA,VIRGINIA
1982,47,3714445.278,996.9054395,434.0387435,WA,WASHINGTON
1982,48,12405774.87,527.8810891,527.8810891,WV,WEST VIRGINIA
1982,49,394744329.8,18510.09305,18494.79392,WI,WISCONSIN
1982,50,1288995.003,405.4813124,363.3376556,WY,WYOMING
1983,0,33955847.25,1307.152654,1307.152654,AL,ALABAMA
1983,2,637226.7219,362.6702259,208.6427519,AZ,ARIZONA
1983,3,7758302.63,386.5743445,386.0750528,AR,ARKANSAS
1983,4,5006729.219,612.5984457,432.7256692,CA,CALIFORNIA
1983,5,12319959.09,5101.060858,2832.424905,CO,COLORADO
1983,6,2636071.751,101.8738303,101.8738303,CT,CONNECTICUT
1983,7,19172436.39,627.9501183,627.9501183,DE,DELAWARE
1983,8,0,0,0,DC,DISTRICT OF COLUMBIA
1983,9,14641864.96,521.649136,521.649136,FL,FLORIDA
1983,10,45443355.1,1846.985496,1846.985496,GA,GEORGIA
1983,12,213206.5904,166.8125628,62.96299426,ID,IDAHO
1983,13,953648626.8,47850.23527,47850.23527,IL,ILLINOIS
1983,14,656009620,25333.41803,25333.41803,IN,INDIANA
1983,15,960234916.8,56074.0748,56074.0748,IA,IOWA
1983,16,75343909.34,12320.26255,8212.643181,KS,KANSAS
1983,17,153901666.8,5950.905127,5950.905127,KY,KENTUCKY
1983,18,53949990.59,1927.848253,1927.848253,LA,LOUISIANA
1983,19,655946.9571,37.00990797,37.00990797,ME,MAINE
1983,20,51736931.56,1902.983434,1902.983434,MD,MARYLAND
1983,21,2461750.927,116.8212381,116.8212381,MA,MASSACHUSETTS
1983,22,205641698.6,9676.417943,9676.417943,MI,MICHIGAN
1983,23,395283915.7,31606.96759,31575.14524,MN,MINNESOTA
1983,24,54248040,1929.392386,1929.392386,MS,MISSISSIPPI
1983,25,276824662.9,13295.5981,13295.5981,MO,MISSOURI
1983,26,829582.3223,183.7797605,147.3647583,MT,MONTANA
1983,27,215368561.5,21960.06896,20394.65883,NE,NEBRASKA
1983,28,0,0,0,NV,NEVADA
1983,29,518988.0351,24.68899953,24.68899953,NH,NEW HAMPSHIRE
1983,30,15107904.07,519.9794412,519.9794412,NJ,NEW JERSEY
1983,31,627398.9894,480.3763378,276.0061411,NM,NEW MEXICO
1983,32,71836422.45,3377.960691,3377.960691,NY,NEW YORK
1983,33,88884102.78,3138.004041,3138.004041,NC,NORTH CAROLINA
1983,34,16137762.34,3921.691561,2743.171567,ND,NORTH DAKOTA
1983,35,392718050.8,15201.47513,15201.47513,OH,OHIO
1983,36,11769183.45,1175.183236,671.6590849,OK,OKLAHOMA
1983,37,5866355.75,449.3556535,336.4361143,OR,OREGON
1983,38,123435193.2,5114.104282,5114.104282,PA,PENNSYLVANIA
1983,39,0,0,0,RI,RHODE ISLAND
1983,40,42257132.9,1709.146211,1709.146211,SC,SOUTH CAROLINA
1983,41,163389930.7,16792.65025,16018.61719,SD,SOUTH DAKOTA
1983,42,85328004.29,3268.586897,3268.586897,TN,TENNESSEE
1983,43,70075518.79,5920.899271,5270.009744,TX,TEXAS
1983,44,326561.4451,228.8018738,149.1136519,UT,UTAH
1983,45,5224863.314,290.2043278,290.2043278,VT,VERMONT
1983,46,52674163.87,1884.300457,1884.300457,VA,VIRGINIA
1983,47,5766233.268,897.2084279,548.3317186,WA,WASHINGTON
1983,48,9274197.117,344.9847814,344.9847814,WV,WEST VIRGINIA
1983,49,300675517.8,16511.53859,16511.53859,WI,WISCONSIN
1983,50,631892.4231,375.6189588,156.8299365,WY,WYOMING
1984,0,47884351.26,2067.448466,2067.448466,AL,ALABAMA
1984,2,1268407.746,355.7425772,284.3639126,AZ,ARIZONA
1984,3,6050966.932,463.9712157,463.9712157,AR,ARKANSAS
1984,4,1088942.643,647.2984388,276.6915095,CA,CALIFORNIA
1984,5,6166905.003,5168.760269,3281.6592,CO,COLORADO
1984,6,2880646.892,116.7429886,116.7429886,CT,CONNECTICUT
1984,7,19198256.68,656.3416197,656.3416197,DE,DELAWARE
1984,8,0,0,0,DC,DISTRICT OF COLUMBIA
1984,9,19235265.2,677.7921889,677.7921889,FL,FLORIDA
1984,10,53093586.87,2252.570703,2252.570703,GA,GEORGIA
1984,12,201125.6981,236.8479892,79.5356258,ID,IDAHO
1984,13,1206915918,48292.89728,48292.89728,IL,ILLINOIS
1984,14,700475473.1,25442.99137,25442.99137,IN,INDIANA
1984,15,1093725046,56432.47704,56432.47704,IA,IOWA
1984,16,89271828.25,12367.94138,8258.165128,KS,KANSAS
1984,17,208472648.7,7615.202354,7615.202354,KY,KENTUCKY
1984,18,33077154.37,2265.617407,2265.617407,LA,LOUISIANA
1984,19,1925394.513,128.9306702,128.9306695,ME,MAINE
1984,20,73525290.65,2612.170753,2612.170753,MD,MARYLAND
1984,21,3081099.582,145.4892258,145.4892258,MA,MASSACHUSETTS
1984,22,205875527.4,10456.46199,10456.42233,MI,MICHIGAN
1984,23,550620877.7,32688.88898,32369.00265,MN,MINNESOTA
1984,24,54940154.31,2869.839074,2869.839074,MS,MISSISSIPPI
1984,25,380845364.7,15162.82777,15162.82777,MO,MISSOURI
1984,26,516119.563,206.8832485,158.8433442,MT,MONTANA
1984,27,219859898.3,21709.58266,20905.46246,NE,NEBRASKA
1984,28,0,1.6742E-06,0,NV,NEVADA
1984,29,510299.8945,27.49830541,27.49830541,NH,NEW HAMPSHIRE
1984,30,18989514.42,699.4382089,699.4382089,NJ,NEW JERSEY
1984,31,1612357.184,467.6750927,434.6644581,NM,NEW MEXICO
1984,32,109453018.8,5298.469099,5298.469099,NY,NEW YORK
1984,33,85051551.01,3670.735109,3670.735109,NC,NORTH CAROLINA
1984,34,13929119.54,4596.750488,3793.663273,ND,NORTH DAKOTA
1984,35,450295687.8,15953.69981,15953.69981,OH,OHIO
1984,36,7764679.551,1352.174173,969.0331844,OK,OKLAHOMA
1984,37,7044235.75,556.9957133,451.4208176,OR,OREGON
1984,38,167557240.9,6726.356487,6726.356487,PA,PENNSYLVANIA
1984,39,676472.8536,29.35091882,29.35091882,RI,RHODE ISLAND
1984,40,38213637.41,2035.385679,2035.385679,SC,SOUTH CAROLINA
1984,41,218664310.9,18423.96689,18095.3791,SD,SOUTH DAKOTA
1984,42,103918399.9,4103.834289,4103.834289,TN,TENNESSEE
1984,43,18497286.12,7683.66711,6003.966495,TX,TEXAS
1984,44,403813.6491,237.5636866,118.224721,UT,UTAH
1984,45,3596951.906,215.0041897,215.0041897,VT,VERMONT
1984,46,66276863.37,2353.889851,2353.889851,VA,VIRGINIA
1984,47,6478140.072,969.6595165,632.4316573,WA,WASHINGTON
1984,48,14438309.26,522.4694846,522.4694846,WV,WEST VIRGINIA
1984,49,331120078.4,17998.03637,17997.91923,WI,WISCONSIN
1984,50,727233.3514,397.890886,331.9142835,WY,WYOMING
1985,0,46976522.9,2034.298188,2034.298188,AL,ALABAMA
1985,2,339534.9009,351.9404257,175.0016437,AZ,ARIZONA
1985,3,5759587.047,461.246865,461.246865,AR,ARKANSAS
1985,4,1115348.106,653.8653532,314.1158375,CA,CALIFORNIA
1985,5,16969190.7,5245.7485,4091.166502,CO,COLORADO
1985,6,3324044.535,116.6216849,116.6216849,CT,CONNECTICUT
1985,7,18889713.93,651.8780211,651.8780211,DE,DELAWARE
1985,8,0,0,0,DC,DISTRICT OF COLUMBIA
1985,9,18339010.78,675.4161301,675.4161301,FL,FLORIDA
1985,10,42006369.56,2240.5683,2240.5683,GA,GEORGIA
1985,12,74819.66836,236.1749949,59.48765989,ID,IDAHO
1985,13,1294159606,48297.26776,48297.26776,IL,ILLINOIS
1985,14,738281954,25358.26648,25358.26648,IN,INDIANA
1985,15,1018843520,56380.33969,56380.33969,IA,IOWA
1985,16,73644586.16,12076.39009,9343.604367,KS,KANSAS
1985,17,199116489.5,7614.645481,7614.645481,KY,KENTUCKY
1985,18,20062758.5,2201.917724,2201.917724,LA,LOUISIANA
1985,19,2369233.975,127.5990348,127.5990348,ME,MAINE
1985,20,73826037.73,2604.913504,2604.913504,MD,MARYLAND
1985,21,3591642.282,143.6659287,143.6659287,MA,MASSACHUSETTS
1985,22,221948081,10435.96816,10435.9329,MI,MICHIGAN
1985,23,628035131.3,32587.06545,32585.78628,MN,MINNESOTA
1985,24,46555036.43,2845.514891,2845.514891,MS,MISSISSIPPI
1985,25,357496278.4,15090.57293,15090.57293,MO,MISSOURI
1985,26,363042.8267,213.291215,136.9366005,MT,MONTANA
1985,27,193881906.7,21491.86777,21286.35469,NE,NEBRASKA
1985,28,0,1.66122E-06,0,NV,NEVADA
1985,29,609102.8899,26.97690419,26.97690419,NH,NEW HAMPSHIRE
1985,30,19466006.25,689.10313,689.10313,NJ,NEW JERSEY
1985,31,1844368.781,471.1512195,417.5013499,NM,NEW MEXICO
1985,32,125733129.4,5235.872763,5235.872763,NY,NEW YORK
1985,33,83853870.35,3643.398568,3643.398568,NC,NORTH CAROLINA
1985,34,29619328.95,4608.410715,4269.811397,ND,NORTH DAKOTA
1985,35,461560130.2,15914.92687,15914.92687,OH,OHIO
1985,36,12601846.43,1353.27894,959.2639525,OK,OKLAHOMA
1985,37,7258006.204,565.9401187,435.0807755,OR,OREGON
1985,38,175552037.5,6673.432817,6673.432817,PA,PENNSYLVANIA
1985,39,801869.6906,28.5453176,28.5453176,RI,RHODE ISLAND
1985,40,41823910.61,2012.042242,2012.042242,SC,SOUTH CAROLINA
1985,41,181006785.5,18547.91101,17337.4197,SD,SOUTH DAKOTA
1985,42,97698776.22,4083.425545,4083.425545,TN,TENNESSEE
1985,43,61206315.99,7339.516895,6840.022142,TX,TEXAS
1985,44,97642.37476,237.8762749,90.82680428,UT,UTAH
1985,45,3988631.161,210.8938135,210.8938135,VT,VERMONT
1985,46,60544600.93,2345.554595,2345.554595,VA,VIRGINIA
1985,47,4500337.714,962.7129434,510.8358604,WA,WASHINGTON
1985,48,14521682.05,518.3927689,518.3927689,WV,WEST VIRGINIA
1985,49,359365544.3,17744.93138,17744.8157,WI,WISCONSIN
1985,50,317023.1463,401.6272118,284.1517744,WY,WYOMING
1986,0,45155534.6,1869.474428,1869.474428,AL,ALABAMA
1986,2,1176284.287,351.0921525,296.5828137,AZ,ARIZONA
1986,3,8320371.555,443.6348556,443.6348556,AR,ARKANSAS
1986,4,2424144.967,630.557065,392.0200416,CA,CALIFORNIA
1986,5,9602613.05,5153.292693,2686.419391,CO,COLORADO
1986,6,2790398.348,107.2876138,107.2876138,CT,CONNECTICUT
1986,7,14564626.55,643.1929894,643.1929894,DE,DELAWARE
1986,8,0,0,0,DC,DISTRICT OF COLUMBIA
1986,9,15121276.38,661.5483815,661.5483815,FL,FLORIDA
1986,10,31500175.92,2132.020986,2132.020986,GA,GEORGIA
1986,12,129771.7339,226.3596046,54.88720622,ID,IDAHO
1986,13,1432995073,48259.09432,48259.09432,IL,ILLINOIS
1986,14,760236172.1,25251.68398,25251.68398,IN,INDIANA
1986,15,1405842953,56328.20153,56328.20153,IA,IOWA
1986,16,128263362.8,12832.41732,9517.721433,KS,KANSAS
1986,17,188957068.5,7338.559728,7338.559728,KY,KENTUCKY
1986,18,37963189.58,2147.437672,2147.437672,LA,LOUISIANA
1986,19,1912696.756,110.2172683,110.2172683,ME,MAINE
1986,20,65663294.73,2471.917463,2471.917463,MD,MARYLAND
1986,21,2816469.107,122.4439843,122.4439843,MA,MASSACHUSETTS
1986,22,257709797.9,10282.1104,10282.07514,MI,MICHIGAN
1986,23,654626376.1,32403.15419,32394.2214,MN,MINNESOTA
1986,24,62867186.9,2623.949355,2623.949355,MS,MISSISSIPPI
1986,25,370754047.5,14967.59689,14967.59689,MO,MISSOURI
1986,26,825025.1843,206.3730464,186.8921524,MT,MONTANA
1986,27,238354732.9,21434.36455,21120.51378,NE,NEBRASKA
1986,28,0,1.64825E-06,0,NV,NEVADA
1986,29,575378.7223,27.81381871,27.81381871,NH,NEW HAMPSHIRE
1986,30,16906762.75,662.3618886,662.3618886,NJ,NEW JERSEY
1986,31,2718654.164,487.546939,389.7802141,NM,NEW MEXICO
1986,32,103631111.6,4757.172818,4757.172818,NY,NEW YORK
1986,33,85301791.54,3486.595521,3486.595521,NC,NORTH CAROLINA
1986,34,49127910.87,4501.361674,4284.828485,ND,NORTH DAKOTA
1986,35,470997316.4,15823.17165,15823.17165,OH,OHIO
1986,36,12714798.98,1392.409348,947.0328918,OK,OKLAHOMA
1986,37,5300775.995,527.3177461,412.966541,OR,OREGON
1986,38,168761211.4,6433.610049,6433.610049,PA,PENNSYLVANIA
1986,39,697622.8719,29.44368157,29.44368157,RI,RHODE ISLAND
1986,40,40226405.33,1991.981745,1991.981745,SC,SOUTH CAROLINA
1986,41,196014657.1,18430.39488,18381.14267,SD,SOUTH DAKOTA
1986,42,97100282.08,3939.233894,3939.233894,TN,TENNESSEE
1986,43,87606667.73,7399.651104,7054.957833,TX,TEXAS
1986,44,200567.3201,232.6888221,145.0092372,UT,UTAH
1986,45,3793165.333,228.7533505,228.7533505,VT,VERMONT
1986,46,53332728.55,2181.366113,2181.366113,VA,VIRGINIA
1986,47,3312219.31,954.3233786,396.560998,WA,WASHINGTON
1986,48,12518354.75,431.3552685,431.3552685,WV,WEST VIRGINIA
1986,49,393786418.8,17415.79409,17415.6806,WI,WISCONSIN
1986,50,1324083.272,391.6690586,293.714854,WY,WYOMING
1987,0,34803294.09,1286.035218,1286.035218,AL,ALABAMA
1987,2,917500.6133,362.1872077,315.0095196,AZ,ARIZONA
1987,3,7977427.943,389.7871435,389.7871435,AR,ARKANSAS
1987,4,535725.6927,595.7536915,180.5503057,CA,CALIFORNIA
1987,5,4479845.076,5097.002734,2336.136926,CO,COLORADO
1987,6,2233097.228,84.0726163,84.0726163,CT,CONNECTICUT
1987,7,17086103.44,620.5406043,620.5406043,DE,DELAWARE
1987,8,0,0,0,DC,DISTRICT OF COLUMBIA
1987,9,12844156.8,540.4885235,540.4885235,FL,FLORIDA
1987,10,39441902.04,1898.687417,1898.687417,GA,GEORGIA
1987,12,16755.66763,165.0103595,20.76302808,ID,IDAHO
1987,13,1154162321,48055.7757,48055.7757,IL,ILLINOIS
1987,14,737728782.5,25075.71175,25075.71175,IN,INDIANA
1987,15,738177038.2,56010.07538,56010.07538,IA,IOWA
1987,16,116466783.9,12812.71432,10700.38581,KS,KANSAS
1987,17,170717321.8,6142.629942,6142.629942,KY,KENTUCKY
1987,18,48195482.49,1850.479547,1850.479547,LA,LOUISIANA
1987,19,491979.1058,49.18027803,49.18027803,ME,MAINE
1987,20,50797196.77,1927.942952,1927.942952,MD,MARYLAND
1987,21,2563213.636,110.0416265,110.0416265,MA,MASSACHUSETTS
1987,22,180241892.3,9672.572622,9672.572622,MI,MICHIGAN
1987,23,207083107.1,31401.46805,31198.27212,MN,MINNESOTA
1987,24,50293095.13,1927.794219,1927.794219,MS,MISSISSIPPI
1987,25,330454986.3,13480.21024,13480.21024,MO,MISSOURI
1987,26,999912.7594,204.4535146,172.1350758,MT,MONTANA
1987,27,162696330.5,21436.46142,20209.90391,NE,NEBRASKA
1987,28,0,2.65731E-06,0,NV,NEVADA
1987,29,563415.0206,26.43616963,26.43616963,NH,NEW HAMPSHIRE
1987,30,14761378.75,518.8786466,518.8786466,NJ,NEW JERSEY
1987,31,1874243.227,483.0513692,393.7291478,NM,NEW MEXICO
1987,32,82773745.91,3359.324438,3359.324438,NY,NEW YORK
1987,33,81975963.39,3073.274876,3073.274876,NC,NORTH CAROLINA
1987,34,13081292.49,4069.512299,3483.708886,ND,NORTH DAKOTA
1987,35,447018668.3,15205.04988,15205.04988,OH,OHIO
1987,36,11294729.3,1260.629614,755.6111273,OK,OKLAHOMA
1987,37,4480055.037,460.2563494,347.2947328,OR,OREGON
1987,38,143099447.3,5117.794307,5117.794307,PA,PENNSYLVANIA
1987,39,0,0,0,RI,RHODE ISLAND
1987,40,37438991.92,1694.418976,1694.418976,SC,SOUTH CAROLINA
1987,41,60859417.11,17254.98468,13841.40125,SD,SOUTH DAKOTA
1987,42,89339229.56,3284.527128,3284.527128,TN,TENNESSEE
1987,43,94788434.69,5966.870943,5442.13304,TX,TEXAS
1987,44,127992.2506,219.1031472,50.50573966,UT,UTAH
1987,45,4253046.073,262.3223856,262.3223856,VT,VERMONT
1987,46,52752838.82,1846.472048,1846.472048,VA,VIRGINIA
1987,47,3858985.026,883.4491646,462.8509388,WA,WASHINGTON
1987,48,10029000.49,337.7582471,337.7582471,WV,WEST VIRGINIA
1987,49,267447409.3,16027.92727,16027.92727,WI,WISCONSIN
1987,50,290560.9355,371.0933296,221.0858616,WY,WYOMING
1988,0,19905228.38,1277.972262,1277.972262,AL,ALABAMA
1988,2,2115908.235,360.3782511,315.3480055,AZ,ARIZONA
1988,3,4320105.019,384.3332024,384.3332024,AR,ARKANSAS
1988,4,1473433.844,604.3502846,289.7019696,CA,CALIFORNIA
1988,5,8519243.182,5155.17361,1881.076404,CO,COLORADO
1988,6,1754323.202,82.69705257,82.69705257,CT,CONNECTICUT
1988,7,15388088.65,615.074994,615.074994,DE,DELAWARE
1988,8,0,0,0,DC,DISTRICT OF COLUMBIA
1988,9,7910365.557,524.6126286,524.6126286,FL,FLORIDA
1988,10,19062010.29,1851.808168,1851.808168,GA,GEORGIA
1988,12,13374.94113,164.541681,11.97085547,ID,IDAHO
1988,13,426936006,48034.59786,44854.70015,IL,ILLINOIS
1988,14,444293526.5,24991.15775,24991.15775,IN,INDIANA
1988,15,45587814.46,55939.91552,27626.39134,IA,IOWA
1988,16,60278489.12,13429.95699,6515.880225,KS,KANSAS
1988,17,130684657.6,6121.956945,6121.956945,KY,KENTUCKY
1988,18,27272475.96,1794.794752,1794.794752,LA,LOUISIANA
1988,19,853986.3244,48.59565444,48.59565444,ME,MAINE
1988,20,50783395.87,1925.954394,1925.954394,MD,MARYLAND
1988,21,2332090.66,108.436563,108.436563,MA,MASSACHUSETTS
1988,22,72595917.74,9637.954423,9637.954423,MI,MICHIGAN
1988,23,12079532.05,31317.22687,11813.66709,MN,MINNESOTA
1988,24,21015745.76,1903.047746,1902.211828,MS,MISSISSIPPI
1988,25,153916218.9,13408.56347,12219.65918,MO,MISSOURI
1988,26,4379.749044,212.1059368,4.456326284,MT,MONTANA
1988,27,59709971.55,21286.18666,10516.33121,NE,NEBRASKA
1988,28,0,2.83901E-06,0,NV,NEVADA
1988,29,530859.9238,25.83650578,25.83650578,NH,NEW HAMPSHIRE
1988,30,12671933.36,514.2809408,514.2809408,NJ,NEW JERSEY
1988,31,3900407.412,507.9923518,467.055785,NM,NEW MEXICO
1988,32,60288134.51,3338.603684,3338.603684,NY,NEW YORK
1988,33,85209952.02,3054.845772,3054.845772,NC,NORTH CAROLINA
1988,34,31758.20752,4062.532147,81.49338013,ND,NORTH DAKOTA
1988,35,310739084.8,15167.04124,15167.04124,OH,OHIO
1988,36,6723473.448,1276.463286,977.812867,OK,OKLAHOMA
1988,37,4779250.365,452.2540815,314.9282842,OR,OREGON
1988,38,124858363.8,5091.254639,5091.254639,PA,PENNSYLVANIA
1988,39,0,0,0,RI,RHODE ISLAND
1988,40,26793962.84,1694.180269,1694.180269,SC,SOUTH CAROLINA
1988,41,18154432.31,17309.01458,9080.614834,SD,SOUTH DAKOTA
1988,42,67251940,3265.206907,3265.206907,TN,TENNESSEE
1988,43,23654505.49,6187.310722,5853.895584,TX,TEXAS
1988,44,52709.04322,218.7269153,35.32167031,UT,UTAH
1988,45,4606980.631,254.6858016,254.6858016,VT,VERMONT
1988,46,53807224.99,1846.530138,1846.530138,VA,VIRGINIA
1988,47,4144228.13,877.665827,340.9816745,WA,WASHINGTON
1988,48,9987797.266,335.760655,335.760655,WV,WEST VIRGINIA
1988,49,78456147.61,15838.26382,15407.27645,WI,WISCONSIN
1988,50,240218.742,368.5919301,235.971474,WY,WYOMING
1989,0,38093459.11,1470.991554,1470.991554,AL,ALABAMA
1989,2,140582.9464,355.7128614,124.8516746,AZ,ARIZONA
1989,3,11397822.17,401.0159746,401.0159746,AR,ARKANSAS
1989,4,635691.2439,588.9635629,189.0850172,CA,CALIFORNIA
1989,5,4051435.831,5174.82998,2393.825951,CO,COLORADO
1989,6,3290103.128,129.6094914,129.6094914,CT,CONNECTICUT
1989,7,18440509.93,620.267179,620.267179,DE,DELAWARE
1989,8,0,0,0,DC,DISTRICT OF COLUMBIA
1989,9,14346881.02,580.9532148,580.9532148,FL,FLORIDA
1989,10,52697451.49,1933.018564,1933.018564,GA,GEORGIA
1989,12,49147.61382,170.5154866,17.00977173,ID,IDAHO
1989,13,1168923460,48190.02718,48190.02718,IL,ILLINOIS
1989,14,727586737,24952.00628,24952.00628,IN,INDIANA
1989,15,296148449.8,56128.99087,54199.9923,IA,IOWA
1989,16,83249505.65,13341.07595,8925.973439,KS,KANSAS
1989,17,199688929.9,6557.104114,6557.104114,KY,KENTUCKY
1989,18,49991665.64,1894.587535,1894.587535,LA,LOUISIANA
1989,19,630297.0197,35.00443987,35.00443987,ME,MAINE
1989,20,59777902.62,2120.928462,2120.928462,MD,MARYLAND
1989,21,3025115.997,130.1589478,130.1589478,MA,MASSACHUSETTS
1989,22,199449329,9906.8743,9906.8743,MI,MICHIGAN
1989,23,127301401.8,31731.01269,26500.36047,MN,MINNESOTA
1989,24,58153452.3,2121.822678,2121.822678,MS,MISSISSIPPI
1989,25,286311123.1,14225.60407,14033.72754,MO,MISSOURI
1989,26,682181.1697,204.3429495,116.9089809,MT,MONTANA
1989,27,72958476.82,21144.34428,17751.60063,NE,NEBRASKA
1989,28,0,2.82197E-06,0,NV,NEVADA
1989,29,546148.4851,25.23279239,25.23279239,NH,NEW HAMPSHIRE
1989,30,15211781.9,567.1936099,567.1936099,NJ,NEW JERSEY
1989,31,922689.0817,495.2286909,262.1478254,NM,NEW MEXICO
1989,32,77354916.7,3741.216167,3741.216167,NY,NEW YORK
1989,33,90612375.97,3186.19526,3186.19526,NC,NORTH CAROLINA
1989,34,2242301.934,4271.943303,1580.25744,ND,NORTH DAKOTA
1989,35,413198535.2,15502.22739,15502.22739,OH,OHIO
1989,36,17152425.22,1343.771987,1033.898431,OK,OKLAHOMA
1989,37,6191833.077,483.0529237,364.0344076,OR,OREGON
1989,38,133535588.8,5608.366698,5608.366698,PA,PENNSYLVANIA
1989,39,704455.5867,29.17840226,29.17840226,RI,RHODE ISLAND
1989,40,47258124.62,1805.789216,1805.789216,SC,SOUTH CAROLINA
1989,41,11640944.31,18268.93153,7720.81986,SD,SOUTH DAKOTA
1989,42,102572678.4,3463.983009,3463.983009,TN,TENNESSEE
1989,43,89427823.47,6543.97962,5910.468985,TX,TEXAS
1989,44,43251.86498,230.9499278,43.59322049,UT,UTAH
1989,45,3208405.662,200.7971268,200.7971268,VT,VERMONT
1989,46,57715642.93,1955.963869,1955.963869,VA,VIRGINIA
1989,47,4745578.4,891.1802861,399.7810178,WA,WASHINGTON
1989,48,9088345.129,345.7542538,345.7542538,WV,WEST VIRGINIA
1989,49,226224247.1,16297.30645,16297.30645,WI,WISCONSIN
1989,50,441223.7799,367.5357897,297.6839778,WY,WYOMING
1990,0,39013437.59,1645.610037,1645.610037,AL,ALABAMA
1990,2,2682303.328,352.7497028,310.6005858,AZ,ARIZONA
1990,3,6216368.966,411.3372598,411.3372598,AR,ARKANSAS
1990,4,1317873.739,596.4000799,217.4176711,CA,CALIFORNIA
1990,5,3595892.36,5217.14604,1634.131808,CO,COLORADO
1990,6,2366318.489,91.38607025,91.38607025,CT,CONNECTICUT
1990,7,17958664.96,621.3891051,621.3891051,DE,DELAWARE
1990,8,0,0,0,DC,DISTRICT OF COLUMBIA
1990,9,11897738.76,609.6933016,609.6933016,FL,FLORIDA
1990,10,28511332.69,1983.026893,1983.026893,GA,GEORGIA
1990,12,84021.38023,213.3489696,29.57427224,ID,IDAHO
1990,13,1364040008,48241.84598,48241.84598,IL,ILLINOIS
1990,14,704560571.6,24891.58572,24891.58572,IN,INDIANA
1990,15,1386470902,56117.96604,56117.96604,IA,IOWA
1990,16,80326394.7,14914.02471,10033.32016,KS,KANSAS
1990,17,178061354.9,7057.579682,7057.579682,KY,KENTUCKY
1990,18,11343445.21,1932.957765,1932.957765,LA,LOUISIANA
1990,19,592718.9753,34.61331541,34.61331541,ME,MAINE
1990,20,65612560.93,2333.995206,2333.995206,MD,MARYLAND
1990,21,2890176.61,121.2582635,121.2582635,MA,MASSACHUSETTS
1990,22,243894714.4,10064.97186,10064.14808,MI,MICHIGAN
1990,23,674288937.6,31914.45227,31784.1671,MN,MINNESOTA
1990,24,42368060.86,2372.820066,2372.820066,MS,MISSISSIPPI
1990,25,354332716.6,14642.46773,14642.46773,MO,MISSOURI
1990,26,461045.9968,209.2196623,112.0573993,MT,MONTANA
1990,27,146856436,21100.31355,19494.8146,NE,NEBRASKA
1990,28,0,2.79926E-06,0,NV,NEVADA
1990,29,544830.8332,25.38264987,25.38264987,NH,NEW HAMPSHIRE
1990,30,16452269.69,611.9339241,611.9339241,NJ,NEW JERSEY
1990,31,1161226.721,519.3427414,390.1353342,NM,NEW MEXICO
1990,32,93638268.8,4209.762483,4209.762483,NY,NEW YORK
1990,33,74128773.06,3310.79985,3310.79985,NC,NORTH CAROLINA
1990,34,17909896.46,4416.0758,3710.143436,ND,NORTH DAKOTA
1990,35,426094043.8,15623.21983,15623.21983,OH,OHIO
1990,36,8441437.672,1431.660333,1172.77682,OK,OKLAHOMA
1990,37,5442759.418,489.0216756,330.6659298,OR,OREGON
1990,38,148691406.3,6052.561918,6052.561918,PA,PENNSYLVANIA
1990,39,616919.6804,25.97467146,25.97467146,RI,RHODE ISLAND
1990,40,18533284.75,1873.25958,1873.25958,SC,SOUTH CAROLINA
1990,41,156719740.3,18654.47762,18040.81188,SD,SOUTH DAKOTA
1990,42,104628305.4,3724.273201,3724.273201,TN,TENNESSEE
1990,43,24934741.66,7561.449666,6168.733697,TX,TEXAS
1990,44,41262.03573,225.7016206,32.53751045,UT,UTAH
1990,45,3178482.412,199.1054241,199.1054241,VT,VERMONT
1990,46,60941228.37,2061.024216,2061.024216,VA,VIRGINIA
1990,47,5167696.343,946.5277278,437.1937545,WA,WASHINGTON
1990,48,10401277.68,386.8095303,386.8095303,WV,WEST VIRGINIA
1990,49,377091677.7,16345.49695,16308.14653,WI,WISCONSIN
1990,50,671949.0077,376.8896863,87.29828255,WY,WYOMING
1991,0,40840171.78,1782.626384,1782.626384,AL,ALABAMA
1991,2,486242.7894,379.5376928,233.0939877,AZ,ARIZONA
1991,3,9644804.86,425.8189092,425.8189092,AR,ARKANSAS
1991,4,1477378,608.0998945,280.0777834,CA,CALIFORNIA
1991,5,13147471.07,5028.837917,3387.491184,CO,COLORADO
1991,6,1950648.049,102.9438167,102.9438167,CT,CONNECTICUT
1991,7,7981300.638,631.6146822,631.6146822,DE,DELAWARE
1991,8,0,0,0,DC,DISTRICT OF COLUMBIA
1991,9,18537535.94,653.0541893,653.0541893,FL,FLORIDA
1991,10,45265089.84,2030.620008,2030.620008,GA,GEORGIA
1991,12,58796.96665,225.0193407,27.729193,ID,IDAHO
1991,13,992349755.3,47854.04695,47854.04695,IL,ILLINOIS
1991,14,601649770.1,24927.66468,24927.66468,IN,INDIANA
1991,15,606151663.4,55507.06247,54826.96185,IA,IOWA
1991,16,55517300.56,14577.0345,11932.23617,KS,KANSAS
1991,17,174043544.9,7239.777046,7239.777046,KY,KENTUCKY
1991,18,51237778,1987.218423,1987.218423,LA,LOUISIANA
1991,19,1918937.987,106.7987992,106.7987992,ME,MAINE
1991,20,44692993.92,2452.740343,2452.740343,MD,MARYLAND
1991,21,2541610.466,118.2335183,118.2335183,MA,MASSACHUSETTS
1991,22,170049463.6,10435.34383,10435.34383,MI,MICHIGAN
1991,23,486527806.8,31899.82477,31880.07522,MN,MINNESOTA
1991,24,64196976.55,2544.789414,2544.789414,MS,MISSISSIPPI
1991,25,238659122,14734.27548,14734.27548,MO,MISSOURI
1991,26,637468.8684,207.1437923,139.0500078,MT,MONTANA
1991,27,131671809.4,20905.32491,19581.0444,NE,NEBRASKA
1991,28,0,3.27621E-06,0,NV,NEVADA
1991,29,503155.6377,25.38117363,25.38117363,NH,NEW HAMPSHIRE
1991,30,11618366.13,629.6770651,629.6770651,NJ,NEW JERSEY
1991,31,4372178.886,543.542779,539.8975849,NM,NEW MEXICO
1991,32,98926128.91,4605.473704,4605.473704,NY,NEW YORK
1991,33,87038887.51,3508.064724,3508.064724,NC,NORTH CAROLINA
1991,34,12411745.1,4437.914184,3036.701071,ND,NORTH DAKOTA
1991,35,388493511.5,15632.57697,15632.57697,OH,OHIO
1991,36,11334559.77,1507.010816,1026.822964,OK,OKLAHOMA
1991,37,6139091.543,501.7642612,388.0811458,OR,OREGON
1991,38,145998714,6313.469862,6313.469862,PA,PENNSYLVANIA
1991,39,487604.317,26.85360623,26.85360623,RI,RHODE ISLAND
1991,40,47239271.55,1917.922705,1917.922705,SC,SOUTH CAROLINA
1991,41,95167888.86,18505.85162,17714.33805,SD,SOUTH DAKOTA
1991,42,95354346.2,3867.182213,3867.182213,TN,TENNESSEE
1991,43,62761826.4,7770.29737,7565.9214,TX,TEXAS
1991,44,88129.5541,244.3544001,97.09825902,UT,UTAH
1991,45,3658891.737,209.6139495,209.6139495,VT,VERMONT
1991,46,55808239.24,2156.04254,2156.04254,VA,VIRGINIA
1991,47,5285479.515,902.8538364,518.6240519,WA,WASHINGTON
1991,48,10978352.34,422.1664639,422.1664639,WV,WEST VIRGINIA
1991,49,291382620,16540.64641,16540.64641,WI,WISCONSIN
1991,50,207210.4088,380.2056612,44.97041079,WY,WYOMING
1992,0,51306646.42,1889.080663,1889.080663,AL,ALABAMA
1992,2,437095.403,416.5291616,150.9131284,AZ,ARIZONA
1992,3,11907115.74,439.2113571,439.2113571,AR,ARKANSAS
1992,4,751387.1557,634.9917247,242.9964679,CA,CALIFORNIA
1992,5,8099537.782,4941.283864,4397.101321,CO,COLORADO
1992,6,2935683.536,109.8896269,109.8896269,CT,CONNECTICUT
1992,7,15566578.2,640.3270757,640.3270757,DE,DELAWARE
1992,8,0,0,0,DC,DISTRICT OF COLUMBIA
1992,9,16736635.91,689.9184251,689.9184251,FL,FLORIDA
1992,10,50618480.15,2101.454058,2101.454058,GA,GEORGIA
1992,12,7170.367662,234.6311026,1.859297633,ID,IDAHO
1992,13,1366505632,47470.42716,47470.42716,IL,ILLINOIS
1992,14,747339374.6,24966.18491,24966.18491,IN,INDIANA
1992,15,1581945354,54896.70981,54896.70981,IA,IOWA
1992,16,145983439.6,13633.35228,12281.02928,KS,KANSAS
1992,17,194535346.9,7361.11436,7361.11436,KY,KENTUCKY
1992,18,56642480.36,2038.52757,2038.52757,LA,LOUISIANA
1992,19,2197600.903,123.9952667,123.9545434,ME,MAINE
1992,20,71747230.51,2554.959162,2554.959162,MD,MARYLAND
1992,21,3333771.998,138.3712938,138.3712938,MA,MASSACHUSETTS
1992,22,264357200.1,10798.04958,10798.01432,MI,MICHIGAN
1992,23,820752229.5,31841.45097,31840.67334,MN,MINNESOTA
1992,24,80739237.82,2693.389104,2693.389104,MS,MISSISSIPPI
1992,25,319230688.5,14766.53313,14766.53313,MO,MISSOURI
1992,26,1092735.874,214.599021,143.0307682,MT,MONTANA
1992,27,355584391.8,20529.92051,20381.81486,NE,NEBRASKA
1992,28,0,2.14791E-06,0,NV,NEVADA
1992,29,534510.4789,24.36706197,24.36706197,NH,NEW HAMPSHIRE
1992,30,16617564,645.5782248,645.5782248,NJ,NEW JERSEY
1992,31,1854522.876,564.2104121,388.9672276,NM,NEW MEXICO
1992,32,108020145.6,4981.393323,4981.393323,NY,NEW YORK
1992,33,98258965.47,3729.630619,3729.630619,NC,NORTH CAROLINA
1992,34,54364501.63,4493.285498,4271.212037,ND,NORTH DAKOTA
1992,35,454510943.5,15632.64601,15632.64601,OH,OHIO
1992,36,20422613.14,1536.612959,1031.432909,OK,OKLAHOMA
1992,37,5659473.922,534.5423791,341.7291458,OR,OREGON
1992,38,179533074.3,6534.080409,6534.080409,PA,PENNSYLVANIA
1992,39,671372.7311,26.24792455,26.24792455,RI,RHODE ISLAND
1992,40,50795658.01,1923.209644,1923.209644,SC,SOUTH CAROLINA
1992,41,367528705.9,18481.09645,17520.52324,SD,SOUTH DAKOTA
1992,42,108414685.9,3977.072053,3977.072053,TN,TENNESSEE
1992,43,88418651.41,7848.192825,7446.918513,TX,TEXAS
1992,44,26808.15379,263.1458517,36.77826807,UT,UTAH
1992,45,3363643.99,189.9307947,189.9307947,VT,VERMONT
1992,46,67041135.58,2294.474302,2294.474302,VA,VIRGINIA
1992,47,3790047.924,885.7385125,336.0754286,WA,WASHINGTON
1992,48,14329237.69,482.999213,482.999213,WV,WEST VIRGINIA
1992,49,396160867.2,16709.30067,16709.30067,WI,WISCONSIN
1992,50,900318.5992,394.6001498,233.7214759,WY,WYOMING
1993,0,32256145.7,1291.741183,1291.741183,AL,ALABAMA
1993,2,1407016.716,445.59187,364.1772667,AZ,ARIZONA
1993,3,8275251.845,379.6177431,379.6177431,AR,ARKANSAS
1993,4,2774789.025,599.9843291,344.4359983,CA,CALIFORNIA
1993,5,9618232.549,4735.328985,2950.199729,CO,COLORADO
1993,6,1423365.021,79.49991488,79.49991488,CT,CONNECTICUT
1993,7,12805535.11,629.8307985,629.8307985,DE,DELAWARE
1993,8,0,0,0,DC,DISTRICT OF COLUMBIA
1993,9,10829294.43,577.0395649,577.0395649,FL,FLORIDA
1993,10,37619746.05,1857.554578,1857.554578,GA,GEORGIA
1993,12,89109.16189,164.688861,25.8932756,ID,IDAHO
1993,13,1229388415,46903.86467,46903.86467,IL,ILLINOIS
1993,14,665468574.1,24895.59498,24895.59498,IN,INDIANA
1993,15,1254314921,54208.34096,54208.34096,IA,IOWA
1993,16,167663204.3,13236.51665,12784.90056,KS,KANSAS
1993,17,160688895.7,6016.622828,6016.622828,KY,KENTUCKY
1993,18,49567180.7,1761.568503,1761.568503,LA,LOUISIANA
1993,19,770336.3742,49.38081311,49.38081311,ME,MAINE
1993,20,50362893.59,1970.162141,1970.162141,MD,MARYLAND
1993,21,2483537.706,109.600647,109.600647,MA,MASSACHUSETTS
1993,22,237695604.6,10342.58408,10339.84094,MI,MICHIGAN
1993,23,671542695.5,31034.83938,31032.51084,MN,MINNESOTA
1993,24,50350096.07,1912.780336,1912.780336,MS,MISSISSIPPI
1993,25,357796932.7,13441.01325,13441.01325,MO,MISSOURI
1993,26,3394789.087,200.1692621,190.7496781,MT,MONTANA
1993,27,456867876.6,20361.42181,19662.79517,NE,NEBRASKA
1993,28,0,3.93324E-06,0,NV,NEVADA
1993,29,558022.2312,24.63364379,24.63364379,NH,NEW HAMPSHIRE
1993,30,12549373.68,530.4009322,530.4009322,NJ,NEW JERSEY
1993,31,2748646.745,623.4847951,590.7284616,NM,NEW MEXICO
1993,32,79935102.52,3410.951336,3410.951336,NY,NEW YORK
1993,33,74264043.02,3256.226644,3256.226644,NC,NORTH CAROLINA
1993,34,89255991.14,4009.076396,4004.081959,ND,NORTH DAKOTA
1993,35,429435210.3,15134.18834,15134.18834,OH,OHIO
1993,36,12780594.31,1342.646686,1249.124521,OK,OKLAHOMA
1993,37,5513470.215,441.5347245,333.0727272,OR,OREGON
1993,38,144929761.4,5270.976157,5270.976157,PA,PENNSYLVANIA
1993,39,0,0,0,RI,RHODE ISLAND
1993,40,31403998.76,1699.664591,1699.664591,SC,SOUTH CAROLINA
1993,41,435805629.7,17440.64066,17440.64066,SD,SOUTH DAKOTA
1993,42,83756518.94,3289.171669,3289.171669,TN,TENNESSEE
1993,43,60807081.59,6325.580085,6017.684883,TX,TEXAS
1993,44,50953.05029,274.6242902,30.22823568,UT,UTAH
1993,45,4603709.856,237.789419,237.789419,VT,VERMONT
1993,46,46263538.84,1822.433354,1822.433354,VA,VIRGINIA
1993,47,4039872.737,811.2570033,385.623743,WA,WASHINGTON
1993,48,9406518.109,313.1779437,313.1779437,WV,WEST VIRGINIA
1993,49,301181498.1,15990.7866,15940.29117,WI,WISCONSIN
1993,50,1682497.646,377.5121707,301.0078701,WY,WYOMING
1994,0,46084698.72,1904.941163,1904.941163,AL,ALABAMA
1994,2,137531.2219,480.790888,227.0977976,AZ,ARIZONA
1994,3,7200805.73,433.668107,433.668107,AR,ARKANSAS
1994,4,1803271.402,645.7471252,305.8819896,CA,CALIFORNIA
1994,5,1241479.54,4765.741259,1315.388031,CO,COLORADO
1994,6,2890170.185,111.7074798,111.7074798,CT,CONNECTICUT
1994,7,17333347.09,652.2395483,652.2395483,DE,DELAWARE
1994,8,0,0,0,DC,DISTRICT OF COLUMBIA
1994,9,20463259.38,713.477694,713.4663207,FL,FLORIDA
1994,10,52058804.35,2090.782211,2090.782211,GA,GEORGIA
1994,12,20477.72716,235.1428897,14.64460705,ID,IDAHO
1994,13,1483484123,46640.03171,46640.03171,IL,ILLINOIS
1994,14,780035547.2,25003.77903,25003.77903,IN,INDIANA
1994,15,1435765922,53674.8924,53674.8924,IA,IOWA
1994,16,64032928.73,14567.29502,9454.642446,KS,KANSAS
1994,17,207884532.2,7126.725583,7126.725583,KY,KENTUCKY
1994,18,50919922.36,2027.098643,2027.098643,LA,LOUISIANA
1994,19,1902516.877,127.0381344,127.0381344,ME,MAINE
1994,20,69622026.32,2560.440513,2560.440513,MD,MARYLAND
1994,21,3208744.186,141.330751,141.330751,MA,MASSACHUSETTS
1994,22,270835526.8,11305.04692,11303.36204,MI,MICHIGAN
1994,23,645651721.8,31592.1861,31590.9059,MN,MINNESOTA
1994,24,70890639.93,2670.5836,2670.5836,MS,MISSISSIPPI
1994,25,332505013.3,14486.49994,14486.49994,MO,MISSOURI
1994,26,1188151.598,210.456943,121.4429826,MT,MONTANA
1994,27,207865118.6,20332.69944,16324.07201,NE,NEBRASKA
1994,28,0,4.37612E-06,0,NV,NEVADA
1994,29,482644.9531,24.3838137,24.3838137,NH,NEW HAMPSHIRE
1994,30,17959380.01,653.5706354,653.5706354,NJ,NEW JERSEY
1994,31,526805.8625,675.150654,455.0382342,NM,NEW MEXICO
1994,32,106014053.4,5123.61195,5123.61195,NY,NEW YORK
1994,33,106386272.1,3934.903494,3934.903494,NC,NORTH CAROLINA
1994,34,43974467.55,4383.320219,4292.789335,ND,NORTH DAKOTA
1994,35,457245334.6,15533.47307,15533.47307,OH,OHIO
1994,36,7332889.572,1600.065408,862.5228279,OK,OKLAHOMA
1994,37,6215522.132,519.6347407,352.7302421,OR,OREGON
1994,38,178677077,6678.56592,6678.56592,PA,PENNSYLVANIA
1994,39,689459.3935,27.9260162,27.9260162,RI,RHODE ISLAND
1994,40,49764455.92,1936.22955,1936.22955,SC,SOUTH CAROLINA
1994,41,162617654.3,18129.89562,17410.65468,SD,SOUTH DAKOTA
1994,42,110941880.4,3984.790741,3984.790741,TN,TENNESSEE
1994,43,32328358.99,8295.652781,6948.745396,TX,TEXAS
1994,44,44246.78715,293.2394336,28.33224047,UT,UTAH
1994,45,2928399.586,189.138803,189.138803,VT,VERMONT
1994,46,62750677.62,2286.968951,2286.968951,VA,VIRGINIA
1994,47,4295141.733,837.7928476,294.8069031,WA,WASHINGTON
1994,48,13679874.78,466.0858526,466.0858526,WV,WEST VIRGINIA
1994,49,385290282.5,16955.40131,16955.18313,WI,WISCONSIN
1994,50,492399.0995,407.8003998,147.5060661,WY,WYOMING
1995,0,36806286.8,1534.578603,1534.578603,AL,ALABAMA
1995,2,340109.3266,505.2416205,180.078837,AZ,ARIZONA
1995,3,6727466.763,387.8949997,387.8949997,AR,ARKANSAS
1995,4,4425860.412,602.8860078,409.0657209,CA,CALIFORNIA
1995,5,12524873.18,4582.033002,2262.269121,CO,COLORADO
1995,6,2828375.409,108.9574545,108.9574545,CT,CONNECTICUT
1995,7,17880435.27,646.1973077,646.1973077,DE,DELAWARE
1995,8,0,0,0,DC,DISTRICT OF COLUMBIA
1995,9,18069211.3,639.8172545,639.8172545,FL,FLORIDA
1995,10,48745161.53,1894.257337,1894.257337,GA,GEORGIA
1995,12,139296.238,175.2179613,31.59575723,ID,IDAHO
1995,13,1280359558,46143.60651,46143.60651,IL,ILLINOIS
1995,14,677216963.7,24978.94148,24978.94148,IN,INDIANA
1995,15,1333907296,53050.15873,53050.15873,IA,IOWA
1995,16,180859842.1,13076.9441,12684.62172,KS,KANSAS
1995,17,165465802.6,6293.384667,6293.384667,KY,KENTUCKY
1995,18,39349286.56,1849.749822,1849.749822,LA,LOUISIANA
1995,19,669668.1715,36.70463538,36.70463538,ME,MAINE
1995,20,60234544.35,2192.650791,2192.650791,MD,MARYLAND
1995,21,3076667.576,130.9159884,130.9159884,MA,MASSACHUSETTS
1995,22,234786320,11073.32104,11073.28137,MI,MICHIGAN
1995,23,646992996.5,31118.3792,31118.3792,MN,MINNESOTA
1995,24,49725015.29,2126.330528,2126.330528,MS,MISSISSIPPI
1995,25,368934600.5,13768.18154,13768.18154,MO,MISSOURI
1995,26,1702916.32,194.4956593,148.4794495,MT,MONTANA
1995,27,183870662.3,19994.08195,19129.35469,NE,NEBRASKA
1995,28,0,4.82428E-06,0,NV,NEVADA
1995,29,533002.5474,24.64192341,24.64192341,NH,NEW HAMPSHIRE
1995,30,16382618.04,590.7085569,590.7085569,NJ,NEW JERSEY
1995,31,1694660.995,676.2066703,510.6515339,NM,NEW MEXICO
1995,32,83714155.39,4030.786419,4030.786419,NY,NEW YORK
1995,33,104240797.5,3644.406911,3644.406911,NC,NORTH CAROLINA
1995,34,58442260.05,4056.863955,4049.580924,ND,NORTH DAKOTA
1995,35,405216738.7,15317.42449,15317.42449,OH,OHIO
1995,36,13887847.51,1396.368509,1334.310825,OK,OKLAHOMA
1995,37,5736830.424,448.9169956,343.2649352,OR,OREGON
1995,38,153400604.7,5912.597498,5912.597498,PA,PENNSYLVANIA
1995,39,721507.5155,30.38391893,30.38391893,RI,RHODE ISLAND
1995,40,50146635.69,1838.22793,1838.22793,SC,SOUTH CAROLINA
1995,41,260010318.3,17618.50175,17616.22931,SD,SOUTH DAKOTA
1995,42,89621658.07,3544.466587,3544.466587,TN,TENNESSEE
1995,43,31198497.47,6813.316114,6189.249869,TX,TEXAS
1995,44,59847.23038,302.8341161,41.32744361,UT,UTAH
1995,45,3672274.921,194.3226948,194.3226948,VT,VERMONT
1995,46,57195750.03,1967.431766,1967.431766,VA,VIRGINIA
1995,47,4954246.322,829.3312744,492.2454837,WA,WASHINGTON
1995,48,9629147.899,339.6647403,339.6647403,WV,WEST VIRGINIA
1995,49,341103827.2,16753.26027,16753.26027,WI,WISCONSIN
1995,50,816651.6543,408.3756712,201.4347915,WY,WYOMING
1996,0,48203878.62,1920.671654,1920.671654,AL,ALABAMA
1996,2,159868.4445,523.5207855,186.1213602,AZ,ARIZONA
1996,3,2841659.086,428.159216,423.0276867,AR,ARKANSAS
1996,4,3094175.406,653.4953069,413.9308582,CA,CALIFORNIA
1996,5,7770484.173,4481.874523,3468.869613,CO,COLORADO
1996,6,2876354.263,111.6289518,111.6289518,CT,CONNECTICUT
1996,7,19253009.7,663.8262506,663.8262506,DE,DELAWARE
1996,8,0,0,0,DC,DISTRICT OF COLUMBIA
1996,9,20260528.03,749.8423005,749.8423005,FL,FLORIDA
1996,10,38702991.67,2083.068219,2083.068219,GA,GEORGIA
1996,12,177945.404,236.3667638,48.11372924,ID,IDAHO
1996,13,1246151960,45807.49413,45807.49413,IL,ILLINOIS
1996,14,697555985,25042.7957,25042.7957,IN,INDIANA
1996,15,1214877922,52453.55634,52453.55634,IA,IOWA
1996,16,73730484.91,12550.86142,10880.31135,KS,KANSAS
1996,17,165153200.5,6875.202595,6875.202595,KY,KENTUCKY
1996,18,18176972.29,2020.687991,2020.687991,LA,LOUISIANA
1996,19,2143050.227,130.0660418,129.9935675,ME,MAINE
1996,20,73057209.34,2561.949116,2561.949116,MD,MARYLAND
1996,21,3354094.081,144.667039,144.667039,MA,MASSACHUSETTS
1996,22,252697038.9,11792.83789,11790.66654,MI,MICHIGAN
1996,23,368124471.1,31333.31466,31259.31985,MN,MINNESOTA
1996,24,43143499.75,2641.895386,2641.895386,MS,MISSISSIPPI
1996,25,254159789.3,14214.47039,14214.47039,MO,MISSOURI
1996,26,739417.0634,206.8106351,150.5885305,MT,MONTANA
1996,27,126527888.7,19737.12315,19196.10309,NE,NEBRASKA
1996,28,0,5.26717E-06,0,NV,NEVADA
1996,29,519994.8275,24.40056362,24.40056362,NH,NEW HAMPSHIRE
1996,30,18475029.76,661.5092834,661.5092834,NJ,NEW JERSEY
1996,31,1366510.282,667.8458613,575.6078943,NM,NEW MEXICO
1996,32,112862401.6,5255.177385,5255.177385,NY,NEW YORK
1996,33,108481575.6,4128.718362,4128.718362,NC,NORTH CAROLINA
1996,34,35320673.59,4283.109813,4059.768145,ND,NORTH DAKOTA
1996,35,417601844.7,15434.78225,15434.78225,OH,OHIO
1996,36,5950737,1541.662145,1483.530805,OK,OKLAHOMA
1996,37,7393703.028,511.7041196,411.2854965,OR,OREGON
1996,38,180780513.6,6809.304441,6809.304441,PA,PENNSYLVANIA
1996,39,715117.6286,29.63675998,29.63675998,RI,RHODE ISLAND
1996,40,31719225.25,1949.739148,1949.739148,SC,SOUTH CAROLINA
1996,41,90077979.45,17782.76722,17709.41262,SD,SOUTH DAKOTA
1996,42,92887031.74,3992.300433,3992.300433,TN,TENNESSEE
1996,43,9779198.614,7383.817608,5556.911461,TX,TEXAS
1996,44,15431.46305,320.0506278,31.56371913,UT,UTAH
1996,45,3269857.697,188.3150358,188.3150358,VT,VERMONT
1996,46,65550117.82,2279.106875,2279.106875,VA,VIRGINIA
1996,47,5014792.202,796.3043162,430.4820233,WA,WASHINGTON
1996,48,12555573.68,444.3583298,444.3583298,WV,WEST VIRGINIA
1996,49,308099624.2,17197.7207,17197.61014,WI,WISCONSIN
1996,50,602242.8023,421.6688975,285.7537535,WY,WYOMING
1997,0,51587548.26,1932.387097,1932.387097,AL,ALABAMA
1997,2,656412.809,552.7293978,358.8609651,AZ,ARIZONA
1997,3,10309770.46,424.579821,424.579821,AR,ARKANSAS
1997,4,920120.647,657.6879095,269.7252422,CA,CALIFORNIA
1997,5,16661448.72,4405.13898,4049.782481,CO,COLORADO
1997,6,2974939.101,111.6261459,111.6261459,CT,CONNECTICUT
1997,7,16581102.99,670.0851283,670.0851283,DE,DELAWARE
1997,8,0,0,0,DC,DISTRICT OF COLUMBIA
1997,9,22962585.98,758.749861,758.749861,FL,FLORIDA
1997,10,56350678.44,2077.057655,2077.057655,GA,GEORGIA
1997,12,133272.8178,236.8588903,49.37115305,ID,IDAHO
1997,13,1101296433,45391.75449,45391.75449,IL,ILLINOIS
1997,14,665971222.3,25062.17816,25062.17816,IN,INDIANA
1997,15,794742176.5,51842.55254,51842.55254,IA,IOWA
1997,16,82087179.11,13392.45651,12608.65321,KS,KANSAS
1997,17,184376907.1,6758.786219,6758.786219,KY,KENTUCKY
1997,18,52238484.5,2013.264989,2013.264989,LA,LOUISIANA
1997,19,2181909.766,131.5940026,131.5940026,ME,MAINE
1997,20,68779041.92,2563.053097,2563.053097,MD,MARYLAND
1997,21,3338358.095,146.2951963,146.2951963,MA,MASSACHUSETTS
1997,22,232991323.9,12045.34417,12044.88452,MI,MICHIGAN
1997,23,499287901.2,31212.61488,31211.80174,MN,MINNESOTA
1997,24,74757669.14,2633.517989,2633.517989,MS,MISSISSIPPI
1997,25,223390194.1,14074.25785,14074.25785,MO,MISSOURI
1997,26,1132460.169,204.6104518,145.4720956,MT,MONTANA
1997,27,129849353.2,19700.8923,19169.00817,NE,NEBRASKA
1997,28,0,5.71532E-06,0,NV,NEVADA
1997,29,504424.8964,24.4235606,24.4235606,NH,NEW HAMPSHIRE
1997,30,16319135.75,665.7308783,665.7308783,NJ,NEW JERSEY
1997,31,3133528.959,736.8414377,583.0217442,NM,NEW MEXICO
1997,32,101427302.5,5319.946662,5319.946662,NY,NEW YORK
1997,33,123539590.2,4229.48106,4229.48106,NC,NORTH CAROLINA
1997,34,61109952.73,4220.144632,4063.933442,ND,NORTH DAKOTA
1997,35,388352575.3,15385.10245,15385.10245,OH,OHIO
1997,36,20458169.35,1578.647999,1577.416284,OK,OKLAHOMA
1997,37,7132016.029,498.0970171,399.567018,OR,OREGON
1997,38,179163719.1,6889.026097,6889.026097,PA,PENNSYLVANIA
1997,39,726572.0672,30.4870272,30.4870272,RI,RHODE ISLAND
1997,40,57085216.6,1957.410156,1957.410156,SC,SOUTH CAROLINA
1997,41,173849089.6,17603.18173,17603.18173,SD,SOUTH DAKOTA
1997,42,115755823.3,3998.670502,3998.670502,TN,TENNESSEE
1997,43,90276933.31,7734.551495,7479.647549,TX,TEXAS
1997,44,156634.2135,336.0131826,108.0629281,UT,UTAH
1997,45,2981410.891,187.978527,187.978527,VT,VERMONT
1997,46,65500959.06,2275.352124,2275.352124,VA,VIRGINIA
1997,47,5507272.36,769.2261591,513.4092204,WA,WASHINGTON
1997,48,12442123.39,432.102563,432.102563,WV,WEST VIRGINIA
1997,49,323121619.9,17322.86488,17322.75359,WI,WISCONSIN
1997,50,1374793.164,427.7042426,375.3410404,WY,WYOMING
1998,0,41356455.37,1939.475672,1939.475672,AL,ALABAMA
1998,2,831974.6264,589.1643232,350.40801,AZ,ARIZONA
1998,3,4055855.625,431.0708878,431.0708878,AR,ARKANSAS
1998,4,7511487.031,665.7274894,470.9830189,CA,CALIFORNIA
1998,5,10379915.72,4423.104334,3624.33645,CO,COLORADO
1998,6,3060343.084,109.6603419,109.6603419,CT,CONNECTICUT
1998,7,18875874.44,677.2986995,677.2986995,DE,DELAWARE
1998,8,0,0,0,DC,DISTRICT OF COLUMBIA
1998,9,9740013.552,779.9060591,779.9060591,FL,FLORIDA
1998,10,19633118.51,2088.324007,2085.833518,GA,GEORGIA
1998,12,366648.5193,237.1123625,95.36107677,ID,IDAHO
1998,13,1295100006,44999.72335,44999.72335,IL,ILLINOIS
1998,14,749690212.1,25084.7751,25084.7751,IN,INDIANA
1998,15,1218124044,51231.72543,51231.72543,IA,IOWA
1998,16,105157036.4,13668.40242,11749.33766,KS,KANSAS
1998,17,176849911,6630.342574,6630.342574,KY,KENTUCKY
1998,18,21276588.2,2038.589148,2038.589148,LA,LOUISIANA
1998,19,2537588.171,133.1622437,133.1622437,ME,MAINE
1998,20,74439922.4,2567.911376,2567.911376,MD,MARYLAND
1998,21,3716468.911,148.6147652,148.6147652,MA,MASSACHUSETTS
1998,22,306649494,12277.79984,12277.79984,MI,MICHIGAN
1998,23,619252227.3,31077.29734,31077.29734,MN,MINNESOTA
1998,24,40966994.5,2621.298688,2621.298688,MS,MISSISSIPPI
1998,25,348235965.1,14014.87638,14014.87638,MO,MISSOURI
1998,26,518354.4131,204.9146849,134.0276137,MT,MONTANA
1998,27,331729786.1,19568.83637,18975.76224,NE,NEBRASKA
1998,28,0,6.15821E-06,0,NV,NEVADA
1998,29,569203.6593,24.45033489,24.45033489,NH,NEW HAMPSHIRE
1998,30,18562539.16,670.5826469,670.5826469,NJ,NEW JERSEY
1998,31,937387.9735,813.4556358,437.511446,NM,NEW MEXICO
1998,32,121464391.9,5377.796513,5377.796513,NY,NEW YORK
1998,33,110014493.8,4318.930676,4318.930676,NC,NORTH CAROLINA
1998,34,44676454.24,4196.002387,4101.144964,ND,NORTH DAKOTA
1998,35,456286960.7,15334.47428,15334.47428,OH,OHIO
1998,36,8263967.08,1693.799367,1483.840656,OK,OKLAHOMA
1998,37,6773083.816,496.8171995,405.602985,OR,OREGON
1998,38,191926121.2,6942.693062,6942.693062,PA,PENNSYLVANIA
1998,39,842425.2066,31.317137,31.317137,RI,RHODE ISLAND
1998,40,30848684.33,1965.916533,1965.916533,SC,SOUTH CAROLINA
1998,41,220755887.1,17575.32912,17573.62644,SD,SOUTH DAKOTA
1998,42,101421253.7,4004.055207,4004.055207,TN,TENNESSEE
1998,43,10600354.16,8173.944363,5611.833459,TX,TEXAS
1998,44,208070.4265,347.8900694,126.5266193,UT,UTAH
1998,45,3611847.485,187.6106824,187.6106824,VT,VERMONT
1998,46,63608462.73,2267.383928,2267.383928,VA,VIRGINIA
1998,47,5232598.098,751.389971,499.065943,WA,WASHINGTON
1998,48,12255877.72,414.0481142,414.0481142,WV,WEST VIRGINIA
1998,49,383578678.7,17440.32383,17440.32383,WI,WISCONSIN
1998,50,417867.3914,439.5684096,121.9987431,WY,WYOMING
1999,0,45037961.04,1916.852582,1916.852582,AL,ALABAMA
1999,2,2371499.287,598.6798091,442.0350082,AZ,ARIZONA
1999,3,8756454.861,413.9427115,413.9427115,AR,ARKANSAS
1999,4,2353795.996,651.5406478,391.8008701,CA,CALIFORNIA
1999,5,14171665.41,4132.674142,3506.579605,CO,COLORADO
1999,6,1696895.229,107.2563343,107.2563343,CT,CONNECTICUT
1999,7,14607343.92,681.4099757,681.4099757,DE,DELAWARE
1999,8,0,0,0,DC,DISTRICT OF COLUMBIA
1999,9,21534331.8,770.1285665,770.1285665,FL,FLORIDA
1999,10,44178132.38,2027.935137,2027.935137,GA,GEORGIA
1999,12,122738.7478,233.1455607,35.06669096,ID,IDAHO
1999,13,1196359102,44552.33949,44552.33949,IL,ILLINOIS
1999,14,724337772.3,25097.27937,25097.27937,IN,INDIANA
1999,15,1190382238,50621.22643,50621.22643,IA,IOWA
1999,16,147291297.3,12752.15476,12617.95241,KS,KANSAS
1999,17,177728596.7,6458.730684,6458.730684,KY,KENTUCKY
1999,18,31155042.44,1989.601638,1989.601638,LA,LOUISIANA
1999,19,2272083.012,116.3833654,116.3833654,ME,MAINE
1999,20,43191405.16,2540.80787,2540.80787,MD,MARYLAND
1999,21,2446484.824,148.7022758,148.7022758,MA,MASSACHUSETTS
1999,22,285888887.6,12476.62619,12476.62619,MI,MICHIGAN
1999,23,555210015.2,30933.36233,30932.08043,MN,MINNESOTA
1999,24,49575743.86,2568.853504,2568.853504,MS,MISSISSIPPI
1999,25,367789462.5,13757.87042,13757.87042,MO,MISSOURI
1999,26,1239028.787,197.4568991,147.234819,MT,MONTANA
1999,27,280370265.1,19145.10664,18669.66538,NE,NEBRASKA
1999,28,0,6.60109E-06,0,NV,NEVADA
1999,29,443739.2205,25.44047916,25.44047916,NH,NEW HAMPSHIRE
1999,30,12936833.65,671.4849287,671.4849287,NJ,NEW JERSEY
1999,31,5678814.376,788.6388519,661.9826068,NM,NEW MEXICO
1999,32,122769603.7,5314.549105,5314.549105,NY,NEW YORK
1999,33,115490882.6,4352.535652,4352.535652,NC,NORTH CAROLINA
1999,34,58835403.28,4080.108204,4077.316475,ND,NORTH DAKOTA
1999,35,420583968.3,15269.92743,15269.92743,OH,OHIO
1999,36,17713805.44,1575.999047,1430.313878,OK,OKLAHOMA
1999,37,5436762.305,475.4252489,376.6069639,OR,OREGON
1999,38,155507839.3,6952.356286,6952.356286,PA,PENNSYLVANIA
1999,39,506630.4921,34.83324693,34.83324693,RI,RHODE ISLAND
1999,40,47398657.9,1967.228743,1967.228743,SC,SOUTH CAROLINA
1999,41,193251168.5,17208.25789,17208.25789,SD,SOUTH DAKOTA
1999,42,105976822.5,3986.602299,3986.602299,TN,TENNESSEE
1999,43,80237063.44,7466.671547,7203.766527,TX,TEXAS
1999,44,45095.5522,361.7403145,36.46570351,UT,UTAH
1999,45,3976004.357,199.7210773,199.7210773,VT,VERMONT
1999,46,56473691.31,2226.254173,2226.254173,VA,VIRGINIA
1999,47,3681743.215,724.0630699,389.0639638,WA,WASHINGTON
1999,48,10937634.81,392.0030997,392.0030997,WV,WEST VIRGINIA
1999,49,362800338.3,17549.26873,17549.26873,WI,WISCONSIN
1999,50,707961.0941,432.8590564,221.286527,WY,WYOMING
2000,0,44031428.1,1958.530996,1958.530996,AL,ALABAMA
2000,2,714928.454,637.4239197,413.5789618,AZ,ARIZONA
2000,3,7455894.865,424.0482134,424.0482134,AR,ARKANSAS
2000,4,3519927.961,673.3840519,429.4152786,CA,CALIFORNIA
2000,5,1141790.865,4151.232959,1264.654261,CO,COLORADO
2000,6,2795576.214,111.510894,111.510894,CT,CONNECTICUT
2000,7,19700059.42,689.3236567,689.3236567,DE,DELAWARE
2000,8,0,0,0,DC,DISTRICT OF COLUMBIA
2000,9,13032489.51,806.5099857,806.5099857,FL,FLORIDA
2000,10,22682932.67,2080.486726,2080.486726,GA,GEORGIA
2000,12,82674.85456,238.0526983,28.29484966,ID,IDAHO
2000,13,1020827554,44168.02662,44168.02662,IL,ILLINOIS
2000,14,715647400.6,25123.55335,25123.55335,IN,INDIANA
2000,15,504000002.8,50010.34272,45160.81344,IA,IOWA
2000,16,85819579.19,12917.98509,7996.909061,KS,KANSAS
2000,17,184262384.5,6374.400233,6374.400233,KY,KENTUCKY
2000,18,17920660.83,2028.805678,2028.805678,LA,LOUISIANA
2000,19,2301967.174,136.1421286,136.1421286,ME,MAINE
2000,20,71360720.01,2573.83763,2573.83763,MD,MARYLAND
2000,21,3501575.285,151.1874341,151.1874341,MA,MASSACHUSETTS
2000,22,279020352.6,12770.08292,12770.03885,MI,MICHIGAN
2000,23,407758493.9,30829.06529,30642.75806,MN,MINNESOTA
2000,24,38823452.99,2594.319052,2594.319052,MS,MISSISSIPPI
2000,25,280186004.8,13734.69956,13484.07776,MO,MISSOURI
2000,26,850599.2687,199.0684859,106.5603547,MT,MONTANA
2000,27,11545027.16,19129.68752,5583.456046,NE,NEBRASKA
2000,28,0,7.04925E-06,0,NV,NEVADA
2000,29,525304.5977,24.44768925,24.44768925,NH,NEW HAMPSHIRE
2000,30,17315832.24,677.8458488,677.8458488,NJ,NEW JERSEY
2000,31,1308133.771,863.9285753,631.1106332,NM,NEW MEXICO
2000,32,111561941.5,5496.200081,5496.200081,NY,NEW YORK
2000,33,115656735.2,4505.385065,4505.385065,NC,NORTH CAROLINA
2000,34,44494785.39,4073.767727,3825.640271,ND,NORTH DAKOTA
2000,35,404128076,15234.49686,15234.49686,OH,OHIO
2000,36,17586360.72,1682.123752,1262.144397,OK,OKLAHOMA
2000,37,7282510.369,484.2329226,389.7963304,OR,OREGON
2000,38,172408156.3,7079.837576,7079.837576,PA,PENNSYLVANIA
2000,39,800942.9496,33.02526549,33.02526549,RI,RHODE ISLAND
2000,40,34335029.41,1978.865592,1978.865592,SC,SOUTH CAROLINA
2000,41,24073179.55,17169.88113,8633.560572,SD,SOUTH DAKOTA
2000,42,107544202.7,4019.525419,4019.525419,TN,TENNESSEE
2000,43,48002529.21,7869.146657,7564.343985,TX,TEXAS
2000,44,59227.57971,372.9461795,59.57378278,UT,UTAH
2000,45,3206063.662,186.8093031,186.8093031,VT,VERMONT
2000,46,66861418.87,2261.386568,2261.386568,VA,VIRGINIA
2000,47,4585866.065,706.2015574,441.9933049,WA,WASHINGTON
2000,48,11136246.28,382.4854133,382.4854133,WV,WEST VIRGINIA
2000,49,397465875.5,17685.46669,17685.23825,WI,WISCONSIN
2000,50,341190.5985,450.5633806,46.21262405,WY,WYOMING
2001,0,50931912.84,1832.620846,1832.620846,AL,ALABAMA
2001,2,546584.7988,623.1731964,272.1664527,AZ,ARIZONA
2001,3,5574367.973,398.6403716,398.6403716,AR,ARKANSAS
2001,4,1446434.201,648.6820864,298.9635879,CA,CALIFORNIA
2001,5,1173736.335,3949.738889,1013.590407,CO,COLORADO
2001,6,2885007.568,104.1586147,104.1586147,CT,CONNECTICUT
2001,7,20402164.6,683.287854,683.287854,DE,DELAWARE
2001,8,0,0,0,DC,DISTRICT OF COLUMBIA
2001,9,19525283.45,781.26042,781.26042,FL,FLORIDA
2001,10,45617101.88,1984.251585,1984.251585,GA,GEORGIA
2001,12,15881.42178,229.0957777,10.38639879,ID,IDAHO
2001,13,1028680040,44129.39721,44129.39721,IL,ILLINOIS
2001,14,720287614.5,25112.16378,25112.16378,IN,INDIANA
2001,15,782233824.8,50019.49362,50019.49362,IA,IOWA
2001,16,89732897.1,12229.07127,8426.934063,KS,KANSAS
2001,17,158377158.2,6222.32166,6222.32166,KY,KENTUCKY
2001,18,48572413.91,1939.927468,1939.927468,LA,LOUISIANA
2001,19,1937943.702,120.0548922,119.8082969,ME,MAINE
2001,20,78035321.96,2463.848857,2463.848857,MD,MARYLAND
2001,21,3285411.449,128.4473431,128.4473431,MA,MASSACHUSETTS
2001,22,253912828.6,12594.09318,12594.09318,MI,MICHIGAN
2001,23,377494085,30766.24638,30765.47315,MN,MINNESOTA
2001,24,50850071.32,2450.283182,2450.283182,MS,MISSISSIPPI
2001,25,348291906.4,13522.42793,13522.42793,MO,MISSOURI
2001,26,1175318.228,189.4724605,109.8804484,MT,MONTANA
2001,27,131410734.9,18919.19707,16783.37075,NE,NEBRASKA
2001,28,0,7.01762E-06,0,NV,NEVADA
2001,29,598553.5652,25.7548501,25.7548501,NH,NEW HAMPSHIRE
2001,30,20018993.94,665.6186419,665.6186419,NJ,NEW JERSEY
2001,31,973122.4732,817.0329168,379.1750273,NM,NEW MEXICO
2001,32,118497009.7,5082.577539,5082.577539,NY,NEW YORK
2001,33,122938946.7,4327.19968,4327.19968,NC,NORTH CAROLINA
2001,34,41088442.96,3981.530279,3936.961808,ND,NORTH DAKOTA
2001,35,434909607.4,15196.71008,15196.71008,OH,OHIO
2001,36,7889793.475,1546.414581,953.6150141,OK,OKLAHOMA
2001,37,5967319.687,455.001466,309.6938883,OR,OREGON
2001,38,193621206.3,6832.977384,6832.977384,PA,PENNSYLVANIA
2001,39,900103.1607,34.80473549,34.80473549,RI,RHODE ISLAND
2001,40,52286325.34,1977.922567,1977.922567,SC,SOUTH CAROLINA
2001,41,91785738.48,16947.57784,16927.88589,SD,SOUTH DAKOTA
2001,42,101328299,3897.907096,3897.907096,TN,TENNESSEE
2001,43,31842816.12,7016.198778,6207.226368,TX,TEXAS
2001,44,42078.62269,372.0351803,22.96884716,UT,UTAH
2001,45,3705129.68,200.0749811,200.0749811,VT,VERMONT
2001,46,66796928.8,2118.662886,2118.662886,VA,VIRGINIA
2001,47,3956109.76,701.2591712,300.9223233,WA,WASHINGTON
2001,48,10876582.77,356.1216646,356.1216646,WV,WEST VIRGINIA
2001,49,321944278.7,17624.39995,17624.28574,WI,WISCONSIN
2001,50,139761.705,436.4102669,41.284397,WY,WYOMING
2002,0,41472742.79,1853.560875,1853.560875,AL,ALABAMA
2002,2,400149.6592,627.4717123,303.2093342,AZ,ARIZONA
2002,3,5144573.47,419.8591733,418.8815116,AR,ARKANSAS
2002,4,1991515.421,651.2917241,291.564081,CA,CALIFORNIA
2002,5,101284.6785,4161.652833,187.5985212,CO,COLORADO
2002,6,2849167.43,102.8878819,102.8878819,CT,CONNECTICUT
2002,7,17004114.35,677.7667061,677.7667061,DE,DELAWARE
2002,8,0,0,0,DC,DISTRICT OF COLUMBIA
2002,9,20390897.74,783.0792668,783.0792668,FL,FLORIDA
2002,10,40120125.6,2004.491953,2004.491953,GA,GEORGIA
2002,12,45860.84988,222.2187436,29.79774079,ID,IDAHO
2002,13,840084473,43586.55345,43586.55345,IL,ILLINOIS
2002,14,691183769.7,24789.90235,24789.90235,IN,INDIANA
2002,15,382095813.3,49348.4689,47833.58429,IA,IOWA
2002,16,48003490.05,12741.91554,4963.571171,KS,KANSAS
2002,17,154817219.8,6194.281074,6194.281074,KY,KENTUCKY
2002,18,32939888.98,1986.0296,1981.071069,LA,LOUISIANA
2002,19,1879733.172,118.5981975,118.5981975,ME,MAINE
2002,20,61648286.33,2475.972022,2475.972022,MD,MARYLAND
2002,21,2963468.829,127.4878081,127.4878081,MA,MASSACHUSETTS
2002,22,261993559.2,12479.92502,12479.88095,MI,MICHIGAN
2002,23,218019735.7,30370.76877,30270.45319,MN,MINNESOTA
2002,24,46556428.85,2480.551678,2480.551678,MS,MISSISSIPPI
2002,25,244154528.1,13551.32239,13551.32239,MO,MISSOURI
2002,26,360196.133,191.3173162,74.66154974,MT,MONTANA
2002,27,12233072.82,18715.10771,5995.239912,NE,NEBRASKA
2002,28,0,6.89108E-06,0,NV,NEVADA
2002,29,316407.2948,25.41517785,25.41517785,NH,NEW HAMPSHIRE
2002,30,17026248.73,657.3736193,657.3736193,NJ,NEW JERSEY
2002,31,1538908.141,839.1235581,653.4850155,NM,NEW MEXICO
2002,32,120113158.4,5114.058404,5114.058404,NY,NEW YORK
2002,33,98340672.74,4323.467424,4323.467424,NC,NORTH CAROLINA
2002,34,7483107.108,3987.081269,2171.011058,ND,NORTH DAKOTA
2002,35,442227829.4,15010.3881,15010.3881,OH,OHIO
2002,36,7418963.175,1683.53593,1298.301693,OK,OKLAHOMA
2002,37,5182697.566,450.9625601,354.3606264,OR,OREGON
2002,38,192894450.2,6832.72691,6832.72691,PA,PENNSYLVANIA
2002,39,916569.5267,34.54796344,34.54796344,RI,RHODE ISLAND
2002,40,43923708.28,1965.440888,1965.440888,SC,SOUTH CAROLINA
2002,41,7346141.473,17013.71572,6394.028218,SD,SOUTH DAKOTA
2002,42,97376087.98,3894.453984,3894.453984,TN,TENNESSEE
2002,43,67124316.13,7710.946897,7253.309249,TX,TEXAS
2002,44,38690.31908,370.1008136,33.03042069,UT,UTAH
2002,45,3395056.955,189.3227205,189.3227205,VT,VERMONT
2002,46,53046197.35,2131.83607,2131.83607,VA,VIRGINIA
2002,47,3357801.526,681.972451,329.8003765,WA,WASHINGTON
2002,48,10913584.73,366.9692537,366.9692537,WV,WEST VIRGINIA
2002,49,261290717.4,17398.12192,17398.12192,WI,WISCONSIN
2002,50,10566.39516,442.2865624,65.92365921,WY,WYOMING
2003,0,43890529.23,1913.864127,1913.864127,AL,ALABAMA
2003,2,74121.10039,628.759563,179.3697052,AZ,ARIZONA
2003,3,8288737.924,411.2772186,411.2772186,AR,ARKANSAS
2003,4,3139702.432,657.5058474,361.2918311,CA,CALIFORNIA
2003,5,2200812.673,3885.999449,880.6306734,CO,COLORADO
2003,6,2439661.111,110.213653,110.213653,CT,CONNECTICUT
2003,7,17964151.51,674.9834704,674.9834704,DE,DELAWARE
2003,8,0,0,0,DC,DISTRICT OF COLUMBIA
2003,9,23500012.14,789.6347833,789.6347833,FL,FLORIDA
2003,10,50771526.11,2011.333191,2011.333191,GA,GEORGIA
2003,12,68137.35113,227.2935087,23.25792672,ID,IDAHO
2003,13,677774139.4,43218.66967,43218.66967,IL,ILLINOIS
2003,14,701933796.4,24607.04527,24607.04527,IN,INDIANA
2003,15,507954348.3,48971.44994,48971.44994,IA,IOWA
2003,16,75715168.52,12439.87867,7193.70484,KS,KANSAS
2003,17,156840961.3,6237.688959,6237.688959,KY,KENTUCKY
2003,18,38034359.72,1940.21696,1940.21696,LA,LOUISIANA
2003,19,2247031.263,134.3055977,134.3055977,ME,MAINE
2003,20,65015441.35,2520.269464,2520.269464,MD,MARYLAND
2003,21,2997596.861,149.8449498,149.8449498,MA,MASSACHUSETTS
2003,22,307823990.9,12476.34423,12476.34423,MI,MICHIGAN
2003,23,360125495.3,30178.26457,30056.06462,MN,MINNESOTA
2003,24,60467640.54,2532.211265,2532.211265,MS,MISSISSIPPI
2003,25,228689909.4,13408.40765,13408.40765,MO,MISSOURI
2003,26,269207.9141,193.0254379,64.71789288,MT,MONTANA
2003,27,78129594.64,18327.86877,15591.83265,NE,NEBRASKA
2003,28,0,6.28313E-06,0,NV,NEVADA
2003,29,460530.2397,24.27842865,24.27842865,NH,NEW HAMPSHIRE
2003,30,16836939.23,660.9297192,660.9297192,NJ,NEW JERSEY
2003,31,433364.5557,814.1678061,232.1691453,NM,NEW MEXICO
2003,32,119639239.3,5367.739484,5367.739484,NY,NEW YORK
2003,33,118230386.8,4412.57111,4412.57111,NC,NORTH CAROLINA
2003,34,15816634.78,3972.486704,3363.378289,ND,NORTH DAKOTA
2003,35,418185603.5,14921.35812,14921.35812,OH,OHIO
2003,36,9632648.893,1632.068542,943.0225252,OK,OKLAHOMA
2003,37,4595225.009,466.6705172,365.2415544,OR,OREGON
2003,38,167059115.1,6917.109607,6917.109607,PA,PENNSYLVANIA
2003,39,733137.7141,35.50202989,35.50202989,RI,RHODE ISLAND
2003,40,48157240.75,1933.971898,1933.971898,SC,SOUTH CAROLINA
2003,41,99340329.14,16722.82368,16154.59222,SD,SOUTH DAKOTA
2003,42,99617087.52,3938.839008,3938.839008,TN,TENNESSEE
2003,43,74805898.01,7531.425814,6668.611975,TX,TEXAS
2003,44,71804.06358,366.6408208,39.93009108,UT,UTAH
2003,45,3292972.485,186.7746188,186.7746188,VT,VERMONT
2003,46,58870288.01,2204.845051,2204.845051,VA,VIRGINIA
2003,47,2744378.28,675.6287748,341.1548839,WA,WASHINGTON
2003,48,9559429.575,372.888241,372.888241,WV,WEST VIRGINIA
2003,49,346663762.5,17307.13682,17307.13682,WI,WISCONSIN
2003,50,227469.8819,416.2026348,86.68148621,WY,WYOMING
2004,0,48758972.29,1894.070823,1894.070823,AL,ALABAMA
2004,2,56484.07659,631.8765221,98.65423557,AZ,ARIZONA
2004,3,9408009.425,427.5976461,427.5976461,AR,ARKANSAS
2004,4,1419805.869,646.6707331,285.826556,CA,CALIFORNIA
2004,5,4028619.454,3854.713664,1530.636953,CO,COLORADO
2004,6,2611111.179,107.6452915,107.6452915,CT,CONNECTICUT
2004,7,18243135.07,659.9378986,659.9378986,DE,DELAWARE
2004,8,0,0,0,DC,DISTRICT OF COLUMBIA
2004,9,12926383.22,786.0607554,786.0607554,FL,FLORIDA
2004,10,44864626.12,1986.689083,1986.689083,GA,GEORGIA
2004,12,150898.2768,224.4279469,35.38965667,ID,IDAHO
2004,13,1106031546,42173.65199,42173.65199,IL,ILLINOIS
2004,14,674472201.7,23977.31445,23977.31445,IN,INDIANA
2004,15,933319437.1,47686.99776,47634.86512,IA,IOWA
2004,16,133009723.6,12971.03126,9965.931758,KS,KANSAS
2004,17,156765348.2,6114.450103,6114.450103,KY,KENTUCKY
2004,18,51193397.87,1943.797885,1943.388541,LA,LOUISIANA
2004,19,2234553.378,130.5677813,130.5134255,ME,MAINE
2004,20,67984729.73,2482.316506,2482.316506,MD,MARYLAND
2004,21,3296297.87,147.0200936,147.0200936,MA,MASSACHUSETTS
2004,22,276167956.4,12197.92169,12197.88203,MI,MICHIGAN
2004,23,254341763,29400.99828,29303.71159,MN,MINNESOTA
2004,24,62357830.32,2499.109159,2499.109159,MS,MISSISSIPPI
2004,25,341673507.2,13305.05304,13305.05304,MO,MISSOURI
2004,26,558498.4479,191.4277996,122.2924183,MT,MONTANA
2004,27,79931468.23,17262.13126,13557.4783,NE,NEBRASKA
2004,28,0,6.09332E-06,0,NV,NEVADA
2004,29,495030.7951,23.3920866,23.3920866,NH,NEW HAMPSHIRE
2004,30,17639483.34,647.5799814,647.5799814,NJ,NEW JERSEY
2004,31,632562.4298,829.5822965,437.7489475,NM,NEW MEXICO
2004,32,113957006.3,5310.527842,5310.527842,NY,NEW YORK
2004,33,121172579.8,4366.127529,4366.127529,NC,NORTH CAROLINA
2004,34,31408719.68,3904.556891,3808.150831,ND,NORTH DAKOTA
2004,35,380751089.6,14548.09693,14548.09693,OH,OHIO
2004,36,17186841.04,1790.988546,1695.468673,OK,OKLAHOMA
2004,37,6367980.178,453.9741633,364.6428431,OR,OREGON
2004,38,166264013.2,6787.527686,6787.527686,PA,PENNSYLVANIA
2004,39,746892.3057,32.0813001,32.0813001,RI,RHODE ISLAND
2004,40,44161496.23,1898.30141,1898.30141,SC,SOUTH CAROLINA
2004,41,46157619.83,16406.7671,13836.26151,SD,SOUTH DAKOTA
2004,42,102078871.1,3872.874558,3872.874558,TN,TENNESSEE
2004,43,124890925.4,8154.589191,7673.945893,TX,TEXAS
2004,44,43718.39976,361.4805551,27.74764781,UT,UTAH
2004,45,3440275.409,181.2947954,181.2947954,VT,VERMONT
2004,46,61406476.27,2187.723123,2187.723123,VA,VIRGINIA
2004,47,3997483.446,656.6087945,393.0049154,WA,WASHINGTON
2004,48,10019261.61,369.1216886,369.1216886,WV,WEST VIRGINIA
2004,49,379618791.1,16854.67401,16840.30418,WI,WISCONSIN
2004,50,349081.2975,397.6919712,262.4120375,WY,WYOMING
2005,0,53142322.91,1880.713409,1880.713409,AL,ALABAMA
2005,2,65698.94564,636.6662879,42.48690794,AZ,ARIZONA
2005,3,4266064.924,437.4081284,436.5456044,AR,ARKANSAS
2005,4,5156911.636,642.1167613,443.8516701,CA,CALIFORNIA
2005,5,5693248.005,3882.261292,2019.990805,CO,COLORADO
2005,6,2574887.884,109.0163087,109.0163087,CT,CONNECTICUT
2005,7,19419595.51,653.7197424,653.7197424,DE,DELAWARE
2005,8,0,0,0,DC,DISTRICT OF COLUMBIA
2005,9,24262894.31,781.5356764,781.5356764,FL,FLORIDA
2005,10,53325488.57,1968.012828,1968.012828,GA,GEORGIA
2005,12,156293.7435,222.0744133,43.9021597,ID,IDAHO
2005,13,616632989.9,41733.80579,41733.80579,IL,ILLINOIS
2005,14,694450794,23710.82049,23710.82049,IN,INDIANA
2005,15,515435390.2,47142.55501,47142.55501,IA,IOWA
2005,16,120426163.4,13346.72058,10866.69821,KS,KANSAS
2005,17,172627831.3,6061.303414,6061.303414,KY,KENTUCKY
2005,18,26157331.13,1942.034975,1941.441394,LA,LOUISIANA
2005,19,1769782.586,129.3182408,129.2956167,ME,MAINE
2005,20,72469878.14,2463.991484,2463.991484,MD,MARYLAND
2005,21,3034128.323,145.1586089,145.1586089,MA,MASSACHUSETTS
2005,22,243483564.9,12037.44287,12037.44287,MI,MICHIGAN
2005,23,308770932.4,29066.50765,29066.50765,MN,MINNESOTA
2005,24,59563859.84,2474.210678,2474.210678,MS,MISSISSIPPI
2005,25,233249560.9,13273.04441,13273.04441,MO,MISSOURI
2005,26,1922271.445,190.9111311,140.5429974,MT,MONTANA
2005,27,153897361,17042.5259,16679.9138,NE,NEBRASKA
2005,28,0,1.54896E-05,0,NV,NEVADA
2005,29,449380.8875,23.14873053,23.14873053,NH,NEW HAMPSHIRE
2005,30,18342789.54,640.5777803,640.5777803,NJ,NEW JERSEY
2005,31,1749075.436,926.0226728,537.3547878,NM,NEW MEXICO
2005,32,112190500.3,5286.88873,5286.88873,NY,NEW YORK
2005,33,123641209.4,4331.792646,4331.792646,NC,NORTH CAROLINA
2005,34,30412989.02,3866.352648,3682.13829,ND,NORTH DAKOTA
2005,35,399623461.6,14384.58035,14384.58035,OH,OHIO
2005,36,10309185.26,1889.0881,1336.839605,OK,OKLAHOMA
2005,37,5848253.765,443.175435,340.7749029,OR,OREGON
2005,38,181430962.2,6720.534049,6720.534049,PA,PENNSYLVANIA
2005,39,734549.4623,31.73228906,31.73228906,RI,RHODE ISLAND
2005,40,49140199.97,1878.70885,1878.70885,SC,SOUTH CAROLINA
2005,41,169495340.9,16266.93769,16201.40938,SD,SOUTH DAKOTA
2005,42,109946551.3,3841.021373,3841.021373,TN,TENNESSEE
2005,43,23777022.34,8546.158303,6398.95897,TX,TEXAS
2005,44,158172.8937,357.8251083,62.64331464,UT,UTAH
2005,45,2984441.155,179.982785,179.982785,VT,VERMONT
2005,46,62977664.43,2170.305758,2170.305758,VA,VIRGINIA
2005,47,3980314.004,643.9088757,341.0838581,WA,WASHINGTON
2005,48,10844076.98,366.1055037,366.1055037,WV,WEST VIRGINIA
2005,49,262991767.2,16650.80563,16650.80563,WI,WISCONSIN
2005,50,823064.0111,395.9331841,190.2913512,WY,WYOMING
2006,0,33840823.25,1819.576064,1819.576064,AL,ALABAMA
2006,2,134858.926,625.6747619,81.11671255,AZ,ARIZONA
2006,3,2166214.295,417.8997645,416.1382664,AR,ARKANSAS
2006,4,4006894.853,620.0347717,422.5043953,CA,CALIFORNIA
2006,5,3214025.02,3665.55882,1852.428605,CO,COLORADO
2006,6,2612066.056,103.2079761,103.2079761,CT,CONNECTICUT
2006,7,20168232.94,635.0405563,635.0405563,DE,DELAWARE
2006,8,0,0,0,DC,DISTRICT OF COLUMBIA
2006,9,19176151.69,742.9734256,742.9734256,FL,FLORIDA
2006,10,40538400.21,1897.077793,1897.077793,GA,GEORGIA
2006,12,150180.2436,210.4509567,38.69366557,ID,IDAHO
2006,13,754214317.4,40537.61324,40537.61324,IL,ILLINOIS
2006,14,703000310.7,23034.06082,23034.06082,IN,INDIANA
2006,15,191721866.5,45793.16074,36533.38189,IA,IOWA
2006,16,38217560.8,13277.97461,9911.698076,KS,KANSAS
2006,17,147571332.8,5874.320209,5874.320209,KY,KENTUCKY
2006,18,11124243.56,1836.934934,1836.934934,LA,LOUISIANA
2006,19,1779433.864,109.1593388,109.1593388,ME,MAINE
2006,20,74325141.55,2383.767131,2383.767131,MD,MARYLAND
2006,21,2974470.803,142.1984259,142.1984259,MA,MASSACHUSETTS
2006,22,268646819.8,11665.14767,11665.14767,MI,MICHIGAN
2006,23,158622201.1,28215.57266,27680.46559,MN,MINNESOTA
2006,24,30961999.13,2367.310553,2367.310553,MS,MISSISSIPPI
2006,25,117342058.6,12910.39877,12654.58296,MO,MISSOURI
2006,26,1030065.108,187.4210737,107.5297435,MT,MONTANA
2006,27,13887957.9,16055.9616,8755.856361,NE,NEBRASKA
2006,28,0,5.79644E-06,0,NV,NEVADA
2006,29,448391.6606,23.30189272,23.30189272,NH,NEW HAMPSHIRE
2006,30,18724944.59,619.4348678,619.4348678,NJ,NEW JERSEY
2006,31,2999637.717,805.4031954,642.6679037,NM,NEW MEXICO
2006,32,112564293.8,5052.321655,5052.321655,NY,NEW YORK
2006,33,126495875.3,4169.898442,4169.898442,NC,NORTH CAROLINA
2006,34,6947549.332,3732.207048,2658.694535,ND,NORTH DAKOTA
2006,35,429927109.2,13969.7079,13969.7079,OH,OHIO
2006,36,4972872.319,1846.04497,1402.724325,OK,OKLAHOMA
2006,37,5544867.787,419.1754963,331.1445273,OR,OREGON
2006,38,190303696.5,6497.874089,6497.874089,PA,PENNSYLVANIA
2006,39,796552.234,33.33545567,33.33545567,RI,RHODE ISLAND
2006,40,36990196.43,1831.799439,1831.799439,SC,SOUTH CAROLINA
2006,41,22722275.67,15771.90305,11960.39746,SD,SOUTH DAKOTA
2006,42,74582921.18,3724.242182,3724.242182,TN,TENNESSEE
2006,43,26013273.43,8229.265394,6895.186452,TX,TEXAS
2006,44,59927.00697,348.119471,31.08245476,UT,UTAH
2006,45,3099250.158,184.9575078,184.9575078,VT,VERMONT
2006,46,65643340.92,2082.564249,2082.564249,VA,VIRGINIA
2006,47,3622283.402,617.0141552,369.7400166,WA,WASHINGTON
2006,48,11142176.26,351.5533897,351.5533897,WV,WEST VIRGINIA
2006,49,269219395,16156.57332,16156.57332,WI,WISCONSIN
2006,50,125769.6644,378.9979709,88.74412133,WY,WYOMING
2007,0,38686762.11,1854.097856,1854.097856,AL,ALABAMA
2007,2,1535808.568,672.305722,425.9715674,AZ,ARIZONA
2007,3,9538809.513,410.3612424,410.3612424,AR,ARKANSAS
2007,4,1293913.167,651.4532112,258.6115706,CA,CALIFORNIA
2007,5,10355099.34,3792.630523,2460.411509,CO,COLORADO
2007,6,2870051.554,106.2579458,106.2579458,CT,CONNECTICUT
2007,7,12660309.33,638.3614676,638.3614676,DE,DELAWARE
2007,8,0,0,0,DC,DISTRICT OF COLUMBIA
2007,9,19589253.32,797.8454578,797.8454578,FL,FLORIDA
2007,10,31016048.41,1910.41349,1910.41349,GA,GEORGIA
2007,12,51423.84961,215.7415408,21.85984225,ID,IDAHO
2007,13,760323839.7,40854.52383,40854.52383,IL,ILLINOIS
2007,14,719400842.6,23235.92706,23235.92706,IN,INDIANA
2007,15,592963769.6,46197.75584,46197.75584,IA,IOWA
2007,16,137049138.1,12769.92035,10937.62708,KS,KANSAS
2007,17,175410962.8,5941.690626,5941.690626,KY,KENTUCKY
2007,18,38722978.71,1796.347842,1796.347842,LA,LOUISIANA
2007,19,2432726.625,127.2468147,127.2468147,ME,MAINE
2007,20,60096603.15,2417.933838,2417.933838,MD,MARYLAND
2007,21,3534246.285,143.3900922,143.3900922,MA,MASSACHUSETTS
2007,22,266740059.8,11821.5494,11821.5494,MI,MICHIGAN
2007,23,278806186.4,28489.53826,28433.82093,MN,MINNESOTA
2007,24,35834791.88,2407.86261,2407.86261,MS,MISSISSIPPI
2007,25,209132898.9,12852.27159,12852.27159,MO,MISSOURI
2007,26,1702968.608,204.9185775,145.704263,MT,MONTANA
2007,27,143256741.3,16427.22179,16208.3083,NE,NEBRASKA
2007,28,0,5.82077E-06,0,NV,NEVADA
2007,29,517121.0002,23.0312953,23.0312953,NH,NEW HAMPSHIRE
2007,30,18362899.68,625.9487484,625.9487484,NJ,NEW JERSEY
2007,31,3621439.79,910.2384755,678.5065173,NM,NEW MEXICO
2007,32,125482994.7,5215.181091,5215.181091,NY,NEW YORK
2007,33,125830159.6,4267.643767,4267.643767,NC,NORTH CAROLINA
2007,34,39463475.4,3813.278558,3694.885572,ND,NORTH DAKOTA
2007,35,427482809.2,14103.84258,14103.84258,OH,OHIO
2007,36,26337696.61,1811.752654,1108.789551,OK,OKLAHOMA
2007,37,5641789.437,454.316553,356.3713925,OR,OREGON
2007,38,201080986.2,6588.897378,6588.897378,PA,PENNSYLVANIA
2007,39,804607.2765,31.07060621,31.07060621,RI,RHODE ISLAND
2007,40,43139333.09,1844.895161,1844.895161,SC,SOUTH CAROLINA
2007,41,183184849.8,15911.02332,15907.75972,SD,SOUTH DAKOTA
2007,42,89435516.13,3761.268033,3761.268033,TN,TENNESSEE
2007,43,172740574.3,7953.63889,7492.253398,TX,TEXAS
2007,44,138162.9453,365.7029875,71.93810585,UT,UTAH
2007,45,3422474.073,177.7163598,177.7163598,VT,VERMONT
2007,46,64155775.5,2140.905992,2140.905992,VA,VIRGINIA
2007,47,3451372.564,626.5876664,314.4204942,WA,WASHINGTON
2007,48,12044042.37,357.6871035,357.6871035,WV,WEST VIRGINIA
2007,49,253871722.2,16322.12925,16322.12925,WI,WISCONSIN
2007,50,1347440.26,401.5269468,310.7028923,WY,WYOMING
2008,0,47065436.23,1864.293569,1864.293569,AL,ALABAMA
2008,2,2141985.295,652.640892,523.8883584,AZ,ARIZONA
2008,3,5756143.653,403.8898489,403.3002994,AR,ARKANSAS
2008,4,1121786.156,657.0720086,283.240928,CA,CALIFORNIA
2008,5,7185633.037,3785.641734,3298.833725,CO,COLORADO
2008,6,2935749.632,106.6962798,106.6962798,CT,CONNECTICUT
2008,7,21023422.01,644.6496039,644.6496039,DE,DELAWARE
2008,8,0,0,0,DC,DISTRICT OF COLUMBIA
2008,9,17749760.88,799.2432532,799.2432532,FL,FLORIDA
2008,10,30125637.87,1920.952264,1920.952264,GA,GEORGIA
2008,12,49280.13079,217.3074678,23.45521987,ID,IDAHO
2008,13,1125870909,41285.62669,41285.62669,IL,ILLINOIS
2008,14,722911766.7,23494.96809,23494.96809,IN,INDIANA
2008,15,1108046676,46725.69202,46725.69202,IA,IOWA
2008,16,111061102.3,12461.59351,8290.686409,KS,KANSAS
2008,17,170135793.6,6000.354963,6000.354963,KY,KENTUCKY
2008,18,13217301.45,1811.233552,1808.408692,LA,LOUISIANA
2008,19,1649348.056,128.581546,128.581546,ME,MAINE
2008,20,78904152.82,2440.626231,2440.626231,MD,MARYLAND
2008,21,3453495.327,144.3260053,144.3260053,MA,MASSACHUSETTS
2008,22,319101768.3,11944.86938,11944.82971,MI,MICHIGAN
2008,23,671904729.7,28810.68788,28809.42116,MN,MINNESOTA
2008,24,42885028.57,2423.66826,2423.66826,MS,MISSISSIPPI
2008,25,319834989.2,12898.92013,12898.92013,MO,MISSOURI
2008,26,1560860.041,205.3447443,170.3319458,MT,MONTANA
2008,27,125748385.4,16778.64816,16466.76697,NE,NEBRASKA
2008,28,0,5.85484E-06,0,NV,NEVADA
2008,29,456481.8347,22.88734528,22.88734528,NH,NEW HAMPSHIRE
2008,30,20383718.3,631.2923645,631.2923645,NJ,NEW JERSEY
2008,31,5065721.055,856.7742968,800.4748151,NM,NEW MEXICO
2008,32,129408993.6,5247.999318,5247.999318,NY,NEW YORK
2008,33,115388716.2,4304.795922,4304.795922,NC,NORTH CAROLINA
2008,34,43346818.82,3841.113287,3638.072796,ND,NORTH DAKOTA
2008,35,443936164.2,14267.89079,14267.89079,OH,OHIO
2008,36,15794189.37,1710.78405,1113.568189,OK,OKLAHOMA
2008,37,5265720.482,451.4454826,355.7338776,OR,OREGON
2008,38,206895604.5,6662.32209,6662.32209,PA,PENNSYLVANIA
2008,39,783795.3764,31.38641768,31.38641768,RI,RHODE ISLAND
2008,40,38978431.62,1862.696273,1862.696273,SC,SOUTH CAROLINA
2008,41,190724151.3,16031.68193,15526.76901,SD,SOUTH DAKOTA
2008,42,98331161.59,3796.862915,3796.862915,TN,TENNESSEE
2008,43,19966732.75,7588.986528,6242.554467,TX,TEXAS
2008,44,83603.51975,366.3699822,52.52228668,UT,UTAH
2008,45,2881744.599,179.0383544,179.0383544,VT,VERMONT
2008,46,66264989.45,2153.467102,2153.467102,VA,VIRGINIA
2008,47,3404301.475,636.6361288,319.4915712,WA,WASHINGTON
2008,48,12005450.81,360.9626145,360.9626145,WV,WEST VIRGINIA
2008,49,377366691.8,16506.75868,16506.75868,WI,WISCONSIN
2008,50,1711290.623,403.6480053,353.2350258,WY,WYOMING
2009,0,47582431.83,1857.787413,1857.787413,AL,ALABAMA
2009,2,64719.64686,665.8364496,94.90027774,AZ,ARIZONA
2009,3,5958879.28,429.5684645,429.5684645,AR,ARKANSAS
2009,4,2251510.22,660.8310451,290.4063887,CA,CALIFORNIA
2009,5,6278793.044,3989.872675,1981.81978,CO,COLORADO
2009,6,2626790.326,104.5556977,104.5556977,CT,CONNECTICUT
2009,7,19196804.95,644.4634476,644.4634476,DE,DELAWARE
2009,8,0,0,0,DC,DISTRICT OF COLUMBIA
2009,9,24452739.82,795.8510812,795.8510812,FL,FLORIDA
2009,10,47930790.53,1938.247027,1938.247027,GA,GEORGIA
2009,12,187650.5487,215.8192419,37.21180407,ID,IDAHO
2009,13,1181734443,41144.2526,41144.2526,IL,ILLINOIS
2009,14,684413870.6,23379.54824,23379.54824,IN,INDIANA
2009,15,1111726898,46470.53688,46470.53688,IA,IOWA
2009,16,92300675.79,13655.57211,8148.289842,KS,KANSAS
2009,17,157434819.1,5982.31092,5982.31092,KY,KENTUCKY
2009,18,8186640.042,1909.389836,1905.48557,LA,LOUISIANA
2009,19,1469504.388,127.8768387,127.8720455,ME,MAINE
2009,20,70477424.74,2436.107992,2436.107992,MD,MARYLAND
2009,21,3213977.331,143.6193629,143.6193629,MA,MASSACHUSETTS
2009,22,299866155.8,11888.01025,11870.28156,MI,MICHIGAN
2009,23,623990898.8,28657.84942,28656.54965,MN,MINNESOTA
2009,24,47777607.39,2439.9477,2439.9477,MS,MISSISSIPPI
2009,25,273940639,13107.45076,13107.45076,MO,MISSOURI
2009,26,2005153.661,203.0982284,135.4303903,MT,MONTANA
2009,27,225861341.8,16840.50056,16710.24623,NE,NEBRASKA
2009,28,0,1.49741E-05,0,NV,NEVADA
2009,29,448117.5219,22.76722777,22.76722777,NH,NEW HAMPSHIRE
2009,30,18213022.46,631.6465873,631.6465873,NJ,NEW JERSEY
2009,31,1161643.968,953.7967824,753.0898843,NM,NEW MEXICO
2009,32,123469483.8,5220.369947,5220.369947,NY,NEW YORK
2009,33,126758083.8,4288.717349,4288.717349,NC,NORTH CAROLINA
2009,34,81002583.05,3852.468968,3850.103919,ND,NORTH DAKOTA
2009,35,422040246.2,14193.83225,14193.83225,OH,OHIO
2009,36,8620625.679,1963.677956,1238.390492,OK,OKLAHOMA
2009,37,5064786.616,453.6950568,355.2055796,OR,OREGON
2009,38,187729164.6,6628.804673,6628.804673,PA,PENNSYLVANIA
2009,39,694405.8294,31.23750749,31.23750749,RI,RHODE ISLAND
2009,40,51655108.17,1861.336195,1861.336195,SC,SOUTH CAROLINA
2009,41,264525296.9,16247.01828,16247.01828,SD,SOUTH DAKOTA
2009,42,97910333.71,3802.340611,3802.340611,TN,TENNESSEE
2009,43,9989330.488,8596.606109,5889.955325,TX,TEXAS
2009,44,47663.1572,366.026873,22.77928126,UT,UTAH
2009,45,3045768.566,178.3554822,178.3554822,VT,VERMONT
2009,46,64714559.28,2152.841676,2152.841676,VA,VIRGINIA
2009,47,2564357.783,629.0832475,261.9530993,WA,WASHINGTON
2009,48,10466130.39,360.7079792,360.7079792,WV,WEST VIRGINIA
2009,49,386179624.2,16419.30181,16399.63511,WI,WISCONSIN
2009,50,1311319.985,411.0115721,288.2834504,WY,WYOMING
2010,0,45900752.25,1798.186668,1798.186668,AL,ALABAMA
2010,2,1778758.398,643.5447308,478.2912299,AZ,ARIZONA
2010,3,6445609.848,408.5648688,408.5648688,AR,ARKANSAS
2010,4,4207990.872,627.1093988,423.2980014,CA,CALIFORNIA
2010,5,10216090.43,3526.723633,1664.671841,CO,COLORADO
2010,6,2891820.47,106.3705113,106.3705113,CT,CONNECTICUT
2010,7,13589935.68,617.5006329,617.5006329,DE,DELAWARE
2010,8,0,0,0,DC,DISTRICT OF COLUMBIA
2010,9,18091696.96,758.1417863,758.1417863,FL,FLORIDA
2010,10,36818734.46,1851.42603,1851.42603,GA,GEORGIA
2010,12,221686.0944,208.6839256,40.76863941,ID,IDAHO
2010,13,1161611983,39410.22412,39410.22412,IL,ILLINOIS
2010,14,664185215.9,22405.50941,22405.50941,IN,INDIANA
2010,15,1291815836,44525.48706,44525.48706,IA,IOWA
2010,16,187443831.3,13279.15152,11272.56044,KS,KANSAS
2010,17,141344990.3,5754.491032,5754.491032,KY,KENTUCKY
2010,18,25857309.94,1714.760339,1714.35955,LA,LOUISIANA
2010,19,2219790.7,123.1708643,123.1708643,ME,MAINE
2010,20,60207959.8,2353.383298,2353.383298,MD,MARYLAND
2010,21,3492589.305,138.9325752,138.9325752,MA,MASSACHUSETTS
2010,22,267160972.5,11420.99942,11420.99942,MI,MICHIGAN
2010,23,689003760.1,27429.73054,27429.73054,MN,MINNESOTA
2010,24,48194869.84,2317.318759,2317.318759,MS,MISSISSIPPI
2010,25,350931636,12605.58269,12605.58269,MO,MISSOURI
2010,26,1679181.244,197.5998334,126.9595727,MT,MONTANA
2010,27,343500388.4,15385.64332,15239.17878,NE,NEBRASKA
2010,28,0,5.52389E-06,0,NV,NEVADA
2010,29,508733.8584,22.1569262,22.1569262,NH,NEW HAMPSHIRE
2010,30,14833230.41,605.7942172,605.7942172,NJ,NEW JERSEY
2010,31,3879926.498,903.460253,820.1722805,NM,NEW MEXICO
2010,32,119712324.2,5104.536388,5104.536388,NY,NEW YORK
2010,33,89881445.41,4164.771525,4164.771525,NC,NORTH CAROLINA
2010,34,57659934.46,3684.89659,3624.092032,ND,NORTH DAKOTA
2010,35,396602823.8,13606.82608,13606.82608,OH,OHIO
2010,36,17954159.42,1876.887973,1317.473904,OK,OKLAHOMA
2010,37,6179489.89,422.5237361,335.7495459,OR,OREGON
2010,38,180781926,6390.94095,6390.94095,PA,PENNSYLVANIA
2010,39,797376.2093,30.0335858,30.0335858,RI,RHODE ISLAND
2010,40,31640343.65,1784.059614,1784.059614,SC,SOUTH CAROLINA
2010,41,346431715.4,15465.28423,15465.28423,SD,SOUTH DAKOTA
2010,42,91272633.13,3663.420282,3663.420282,TN,TENNESSEE
2010,43,102013805.3,8250.306761,7948.979284,TX,TEXAS
2010,44,114849.7833,350.9434081,71.61829259,UT,UTAH
2010,45,3252763.115,173.8545912,173.8545912,VT,VERMONT
2010,46,56421787.07,2090.294894,2090.294894,VA,VIRGINIA
2010,47,4092678.52,592.91359,379.8789891,WA,WASHINGTON
2010,48,10552700.42,348.0684785,348.0684785,WV,WEST VIRGINIA
2010,49,343130792.2,15708.44197,15708.44197,WI,WISCONSIN
2010,50,971899.2868,376.8728546,104.7560268,WY,WYOMING
2011,0,30245670.12,1782.415783,1782.415783,AL,ALABAMA
2011,2,478662.8549,656.5249818,382.42541,AZ,ARIZONA
2011,3,2282218.628,399.3785239,391.9394847,AR,ARKANSAS
2011,4,5859077.965,615.805983,443.8753921,CA,CALIFORNIA
2011,5,3654075.38,3544.079234,800.0243559,CO,COLORADO
2011,6,2886915.038,101.8292611,101.8292611,CT,CONNECTICUT
2011,7,19635964.39,609.9203734,609.9203734,DE,DELAWARE
2011,8,0,0,0,DC,DISTRICT OF COLUMBIA
2011,9,10296857.33,766.8455414,766.8455414,FL,FLORIDA
2011,10,21020006.55,1823.49911,1823.49911,GA,GEORGIA
2011,12,208722.09,203.6411698,51.0032372,ID,IDAHO
2011,13,835504312.4,38913.9374,38913.9374,IL,ILLINOIS
2011,14,563452630.9,22123.04333,22123.04333,IN,INDIANA
2011,15,882493359.7,43964.2766,43964.2766,IA,IOWA
2011,16,67189488.81,13776.33218,6682.344388,KS,KANSAS
2011,17,129664245.2,5683.299812,5683.299812,KY,KENTUCKY
2011,18,766152.2615,1668.492103,1152.500284,LA,LOUISIANA
2011,19,2130498.89,122.1617287,122.1617287,ME,MAINE
2011,20,69159098.79,2320.987693,2320.987693,MD,MARYLAND
2011,21,3319734.065,138.2048024,138.2048024,MA,MASSACHUSETTS
2011,22,257230194.5,11276.59528,11276.56002,MI,MICHIGAN
2011,23,603938389.6,27057.65921,27057.65921,MN,MINNESOTA
2011,24,13379789.66,2291.248014,2183.761308,MS,MISSISSIPPI
2011,25,205557029.3,12458.93421,12458.93421,MO,MISSOURI
2011,26,2772507.216,196.8556758,171.3913058,MT,MONTANA
2011,27,120483033.7,15000.6083,13798.11978,NE,NEBRASKA
2011,28,0,5.45576E-06,0,NV,NEVADA
2011,29,469045.1383,21.89739038,21.89739038,NH,NEW HAMPSHIRE
2011,30,18148793.38,588.3657565,588.3657565,NJ,NEW JERSEY
2011,31,328675.7517,922.9414618,297.5658302,NM,NEW MEXICO
2011,32,110591248.2,5048.758682,5048.758682,NY,NEW YORK
2011,33,90243274.43,4108.965056,4108.965056,NC,NORTH CAROLINA
2011,34,66432960.43,3657.685781,3619.383133,ND,NORTH DAKOTA
2011,35,371249931.1,13435.47906,13435.47906,OH,OHIO
2011,36,3164819.497,1914.05871,836.3489172,OK,OKLAHOMA
2011,37,5759942.64,426.9642089,340.3115939,OR,OREGON
2011,38,179553899.6,6302.414068,6302.414068,PA,PENNSYLVANIA
2011,39,790372.7396,29.68345161,29.68345161,RI,RHODE ISLAND
2011,40,32030780.94,1770.369842,1770.369842,SC,SOUTH CAROLINA
2011,41,299398023.5,15316.71155,15316.71155,SD,SOUTH DAKOTA
2011,42,73336910.02,3621.350718,3621.350718,TN,TENNESSEE
2011,43,6764411.83,8507.014967,5023.713761,TX,TEXAS
2011,44,191030.3693,348.767153,86.56036054,UT,UTAH
2011,45,2920784.887,172.5197207,172.5197207,VT,VERMONT
2011,46,61516972.46,2073.577736,2073.577736,VA,VIRGINIA
2011,47,3798104.406,580.5472859,373.5764726,WA,WASHINGTON
2011,48,10194988.83,345.071133,345.071133,WV,WEST VIRGINIA
2011,49,325278420.1,15499.97077,15499.97077,WI,WISCONSIN
2011,50,670038.842,373.7276479,97.04078113,WY,WYOMING
2012,0,43517707.92,1811.681556,1811.681556,AL,ALABAMA
2012,2,809081.1666,667.2010879,442.9532731,AZ,ARIZONA
2012,3,1879018.897,416.0074493,388.521891,AR,ARKANSAS
2012,4,2357663.222,629.285747,320.2692114,CA,CALIFORNIA
2012,5,3230051.018,3768.883567,2071.310562,CO,COLORADO
2012,6,2752324.026,104.7835916,104.7835916,CT,CONNECTICUT
2012,7,18720697.98,622.9331301,622.9331301,DE,DELAWARE
2012,8,0,0,0,DC,DISTRICT OF COLUMBIA
2012,9,24328546.65,778.401994,778.401994,FL,FLORIDA
2012,10,45009975.96,1868.214049,1868.214049,GA,GEORGIA
2012,12,106912.4753,209.7774398,38.36135337,ID,IDAHO
2012,13,383912156.7,39713.26716,39713.26716,IL,ILLINOIS
2012,14,553654472.7,22574.11165,22574.11165,IN,INDIANA
2012,15,349232686.9,44861.02992,44395.7112,IA,IOWA
2012,16,25567708.37,13528.48662,6407.110713,KS,KANSAS
2012,17,127164179.9,5792.652296,5792.652296,KY,KENTUCKY
2012,18,15595357.82,1757.338536,1756.934165,LA,LOUISIANA
2012,19,2298130.864,123.9915852,123.9915852,ME,MAINE
2012,20,62635633.5,2362.74058,2362.74058,MD,MARYLAND
2012,21,3314951.44,140.0431667,140.0431667,MA,MASSACHUSETTS
2012,22,202116551.3,11499.11578,11499.11578,MI,MICHIGAN
2012,23,292041004.5,27640.53155,27468.88618,MN,MINNESOTA
2012,24,29198903.52,2338.608283,2338.608283,MS,MISSISSIPPI
2012,25,95225649.39,12703.20075,12301.69662,MO,MISSOURI
2012,26,879635.854,199.6570149,108.6719203,MT,MONTANA
2012,27,41738844.34,15691.27731,9156.88023,NE,NEBRASKA
2012,28,0,5.5677E-06,0,NV,NEVADA
2012,29,488078.2025,22.34756653,22.34756653,NH,NEW HAMPSHIRE
2012,30,18179602.84,610.0457021,610.0457021,NJ,NEW JERSEY
2012,31,395703.8873,936.1730191,427.587416,NM,NEW MEXICO
2012,32,117817098.6,5121.780269,5121.780269,NY,NEW YORK
2012,33,123211437.8,4186.068119,4186.068119,NC,NORTH CAROLINA
2012,34,31086439.34,3736.302565,3532.855714,ND,NORTH DAKOTA
2012,35,393104988.4,13708.84394,13708.84394,OH,OHIO
2012,36,4065152.008,1941.077082,988.681226,OK,OKLAHOMA
2012,37,7205717.838,434.2918856,346.3770478,OR,OREGON
2012,38,178981102.6,6426.471411,6426.471411,PA,PENNSYLVANIA
2012,39,769177.8979,30.10696027,30.10696027,RI,RHODE ISLAND
2012,40,44794712.64,1795.327252,1795.327252,SC,SOUTH CAROLINA
2012,41,82031795.26,15741.37918,14487.09202,SD,SOUTH DAKOTA
2012,42,76403215.06,3686.593165,3686.593165,TN,TENNESSEE
2012,43,42803858.86,8447.257437,7238.506826,TX,TEXAS
2012,44,169124.1582,357.3558255,56.7655702,UT,UTAH
2012,45,3461480.761,174.6002252,174.6002252,VT,VERMONT
2012,46,62566152.99,2098.542644,2098.542644,VA,VIRGINIA
2012,47,4710733.392,599.2216438,397.3567735,WA,WASHINGTON
2012,48,10856459.63,350.2347486,350.2347486,WV,WEST VIRGINIA
2012,49,155745583.6,15833.81213,15793.62269,WI,WISCONSIN
2012,50,144327.5439,391.7737043,43.87370318,WY,WYOMING
2013,0,45885314.51,1738.648007,1738.648007,AL,ALABAMA
2013,2,1683374.557,635.1071092,493.177261,AZ,ARIZONA
2013,3,7336353.998,358.4995777,358.4995777,AR,ARKANSAS
2013,4,784767.3574,574.9119427,209.1810559,CA,CALIFORNIA
2013,5,2869765.941,3165.799141,1824.494448,CO,COLORADO
2013,6,2631793.654,102.1933285,102.1933285,CT,CONNECTICUT
2013,7,18236512.22,590.874718,590.874718,DE,DELAWARE
2013,8,0,0,0,DC,DISTRICT OF COLUMBIA
2013,9,21739790.62,743.8693617,743.8693617,FL,FLORIDA
2013,10,44949822.19,1720.475477,1720.475477,GA,GEORGIA
2013,12,55242.27898,198.6827082,17.92943295,ID,IDAHO
2013,13,1058534089,37699.13237,37699.13237,IL,ILLINOIS
2013,14,638579413.6,21466.77376,21466.77376,IN,INDIANA
2013,15,777007711.4,42663.67716,42663.67716,IA,IOWA
2013,16,87648831.31,11310.1195,9867.604668,KS,KANSAS
2013,17,163086401.1,5512.123017,5512.123017,KY,KENTUCKY
2013,18,23233789.03,1498.378532,1497.992537,LA,LOUISIANA
2013,19,1796790.713,119.2236598,119.2236598,ME,MAINE
2013,20,69272041.36,2257.985049,2257.985049,MD,MARYLAND
2013,21,3232000.755,135.392016,135.392016,MA,MASSACHUSETTS
2013,22,272768816.8,10975.15505,10974.56856,MI,MICHIGAN
2013,23,377046382.4,26191.62554,26108.39646,MN,MINNESOTA
2013,24,52858299.43,2210.317938,2210.317938,MS,MISSISSIPPI
2013,25,302716725.4,11922.84573,11922.84573,MO,MISSOURI
2013,26,1615718.38,192.6003543,118.9986275,MT,MONTANA
2013,27,48979788.43,13787.6946,10863.33572,NE,NEBRASKA
2013,28,0,1.76505E-06,0,NV,NEVADA
2013,29,449755.5028,21.3708008,21.3708008,NH,NEW HAMPSHIRE
2013,30,16261094,570.3641711,570.3641711,NJ,NEW JERSEY
2013,31,1691951.347,811.2209868,733.7005011,NM,NEW MEXICO
2013,32,115667053.5,4953.567442,4953.567442,NY,NEW YORK
2013,33,115546854.5,4014.983966,4014.983966,NC,NORTH CAROLINA
2013,34,38095728.18,3544.801751,3428.55834,ND,NORTH DAKOTA
2013,35,385083358.2,13041.34278,13041.34278,OH,OHIO
2013,36,14348116.83,1694.280486,1305.119198,OK,OKLAHOMA
2013,37,6082677.012,410.2588821,309.9311772,OR,OREGON
2013,38,175137421.5,6137.362437,6137.362437,PA,PENNSYLVANIA
2013,39,705784.8122,28.6403225,28.6403225,RI,RHODE ISLAND
2013,40,45603065.62,1712.967309,1712.967309,SC,SOUTH CAROLINA
2013,41,88363477.44,14716.45407,14172.04152,SD,SOUTH DAKOTA
2013,42,103738526.6,3514.667922,3514.667922,TN,TENNESSEE
2013,43,26871019.8,7330.479245,6757.429012,TX,TEXAS
2013,44,241696.2223,335.8053918,92.48863515,UT,UTAH
2013,45,3190095.053,169.5257328,169.5257328,VT,VERMONT
2013,46,63383799.1,2032.077365,2032.077365,VA,VIRGINIA
2013,47,3509753.431,551.1062919,330.6537233,WA,WASHINGTON
2013,48,10714336.92,336.5707945,336.5707945,WV,WEST VIRGINIA
2013,49,304847679.1,15047.00424,15035.08694,WI,WISCONSIN
2013,50,216288.4535,347.4845318,45.76664388,WY,WYOMING
2014,0,52614230.67,1784.085156,1784.085156,AL,ALABAMA
2014,2,1464984.802,630.9753779,462.9758964,AZ,ARIZONA
2014,3,9732570.802,389.7764657,389.7764657,AR,ARKANSAS
2014,4,775313.7893,621.743271,194.0773872,CA,CALIFORNIA
2014,5,3684454.159,3423.054825,2074.628655,CO,COLORADO
2014,6,2878141.476,105.8343257,105.8343257,CT,CONNECTICUT
2014,7,18659771.07,611.2621751,611.2621751,DE,DELAWARE
2014,8,0,0,0,DC,DISTRICT OF COLUMBIA
2014,9,21493990.39,758.3902994,758.3902994,FL,FLORIDA
2014,10,44469748,1816.112199,1816.112199,GA,GEORGIA
2014,12,101955.032,207.5825877,40.15499946,ID,IDAHO
2014,13,1146395028,39035.92438,39035.92438,IL,ILLINOIS
2014,14,674119112.6,22205.27376,22205.27376,IN,INDIANA
2014,15,983753620,44132.48214,44132.48214,IA,IOWA
2014,16,76898852.21,11951.77668,8387.759874,KS,KANSAS
2014,17,175431418.7,5695.97392,5695.97392,KY,KENTUCKY
2014,18,43270886.1,1638.368461,1637.973546,LA,LOUISIANA
2014,19,2305028.293,122.2984201,122.2984201,ME,MAINE
2014,20,70860700.71,2329.851431,2329.851431,MD,MARYLAND
2014,21,3490780.944,138.0670548,138.0670548,MA,MASSACHUSETTS
2014,22,282060380.9,11328.37806,11328.34281,MI,MICHIGAN
2014,23,511386581.2,27171.13473,27169.84843,MN,MINNESOTA
2014,24,68401716.7,2291.667875,2291.667875,MS,MISSISSIPPI
2014,25,268112371.3,12359.43575,12359.43575,MO,MISSOURI
2014,26,1823125.139,196.9910508,189.6921397,MT,MONTANA
2014,27,133030199.6,14953.47101,12861.73246,NE,NEBRASKA
2014,28,0,5.47523E-06,0,NV,NEVADA
2014,29,494536.2381,21.97237285,21.97237285,NH,NEW HAMPSHIRE
2014,30,18104461.92,590.2307311,590.2307311,NJ,NEW JERSEY
2014,31,1159520.187,859.7701183,566.7302016,NM,NEW MEXICO
2014,32,118894517.5,5075.950381,5075.950381,NY,NEW YORK
2014,33,120447226.4,4130.150307,4130.150307,NC,NORTH CAROLINA
2014,34,64993124.38,3645.766557,3640.740355,ND,NORTH DAKOTA
2014,35,396387175.8,13488.23938,13488.23938,OH,OHIO
2014,36,15525461.41,1737.823971,1439.074246,OK,OKLAHOMA
2014,37,6282160.083,423.1085793,333.2232873,OR,OREGON
2014,38,185444177.7,6337.799093,6337.799093,PA,PENNSYLVANIA
2014,39,774286.663,29.52610114,29.52610114,RI,RHODE ISLAND
2014,40,43983343.84,1768.136963,1768.136963,SC,SOUTH CAROLINA
2014,41,181358117.9,15223.01242,15223.01242,SD,SOUTH DAKOTA
2014,42,111620108.6,3628.015479,3628.015479,TN,TENNESSEE
2014,43,63771723.01,7647.477355,7424.688898,TX,TEXAS
2014,44,334240.5322,346.7832978,130.5807797,UT,UTAH
2014,45,3189064.282,172.9586958,172.9586958,VT,VERMONT
2014,46,64225259.98,2077.629701,2077.629701,VA,VIRGINIA
2014,47,3452395.885,588.1131877,252.1850686,WA,WASHINGTON
2014,48,11001760.07,346.1510903,346.1510903,WV,WEST VIRGINIA
2014,49,306715682.9,15562.42358,15538.00761,WI,WISCONSIN
2014,50,1575339.866,372.5593383,276.0576931,WY,WYOMING
2015,0,43199441.58,1716.406522,1716.406522,AL,ALABAMA
2015,2,530496.3568,596.0120786,312.0412565,AZ,ARIZONA
2015,3,7507270.747,325.642141,325.642141,AR,ARKANSAS
2015,4,1591409.199,560.4913713,257.7741249,CA,CALIFORNIA
2015,5,15411275.16,3089.387552,2512.262147,CO,COLORADO
2015,6,2927156.267,101.8636653,101.8636653,CT,CONNECTICUT
2015,7,18171509.65,583.7698591,583.7698591,DE,DELAWARE
2015,8,0,0,0,DC,DISTRICT OF COLUMBIA
2015,9,12984412.88,727.5196218,727.5196218,FL,FLORIDA
2015,10,31725225.67,1666.251246,1666.251246,GA,GEORGIA
2015,12,93824.04283,197.6493056,41.29254062,ID,IDAHO
2015,13,1097393192,37345.66571,37345.66571,IL,ILLINOIS
2015,14,620804348.9,21296.80958,21296.80958,IN,INDIANA
2015,15,997570205.3,42347.84013,42347.84013,IA,IOWA
2015,16,114240692.3,10199.67599,9764.923703,KS,KANSAS
2015,17,164767752.7,5465.693406,5465.693406,KY,KENTUCKY
2015,18,28887767.2,1406.663301,1406.282142,LA,LOUISIANA
2015,19,2131121.022,118.3004886,118.3004886,ME,MAINE
2015,20,69273589.88,2236.811458,2236.811458,MD,MARYLAND
2015,21,3523541.654,134.6617029,134.6617029,MA,MASSACHUSETTS
2015,22,257042608.3,10891.9347,10891.89944,MI,MICHIGAN
2015,23,615523548.9,25989.80397,25989.80397,MN,MINNESOTA
2015,24,49927776.97,2175.463071,2175.463071,MS,MISSISSIPPI
2015,25,310389822.3,11632.17099,11632.17099,MO,MISSOURI
2015,26,1439076.444,188.8156,137.4655485,MT,MONTANA
2015,27,177235690.4,13593.2755,13547.71498,NE,NEBRASKA
2015,28,0,1.75207E-06,0,NV,NEVADA
2015,29,500937.9884,21.25155835,21.25155835,NH,NEW HAMPSHIRE
2015,30,17330672.47,564.0625904,564.0625904,NJ,NEW JERSEY
2015,31,4567666.223,698.4806929,460.0240519,NM,NEW MEXICO
2015,32,118364828,4936.555777,4936.555777,NY,NEW YORK
2015,33,100681746.2,3997.165724,3997.165724,NC,NORTH CAROLINA
2015,34,61185703.57,3506.969502,3446.694255,ND,NORTH DAKOTA
2015,35,373154020,12946.33304,12946.33304,OH,OHIO
2015,36,22186631.77,1461.326443,1434.382594,OK,OKLAHOMA
2015,37,4772306.739,390.434601,304.4746191,OR,OREGON
2015,38,179385591.9,6102.007389,6102.007389,PA,PENNSYLVANIA
2015,39,783375.3226,28.44723786,28.44723786,RI,RHODE ISLAND
2015,40,29087297.37,1698.1317,1698.1317,SC,SOUTH CAROLINA
2015,41,216664643.3,14510.71496,14510.71496,SD,SOUTH DAKOTA
2015,42,101462065.5,3477.315655,3477.315655,TN,TENNESSEE
2015,43,127419879.5,6425.595519,6398.985716,TX,TEXAS
2015,44,71485.02128,331.8346471,80.37215111,UT,UTAH
2015,45,3167248.421,168.8206861,168.8206861,VT,VERMONT
2015,46,62857823.29,2017.39587,2017.39587,VA,VIRGINIA
2015,47,2158731.718,549.0055887,253.1499021,WA,WASHINGTON
2015,48,10370028.33,334.1192581,334.1192581,WV,WEST VIRGINIA
2015,49,324274473.4,14930.43608,14930.34016,WI,WISCONSIN
2015,50,1847891.068,344.294378,238.9406999,WY,WYOMING
