time,NE,SE,MW,NGP,SGP,NW,SW
1981-01-01,-1.6419441713938354,-1.543451349340697,-0.9905248827690109,-0.32581267700085975,-0.5854531588007148,0.032675593964239684,-0.4082068056019299
1981-02-01,0.7816506117787376,-0.3019704481177687,-0.3827520777735279,-0.24846250378757384,-0.5520591654887789,0.48934745529203477,-0.517298712295774
1981-03-01,-1.1727486448220434,-0.7652815720684948,-1.3321346819240134,-0.43677453180197395,-0.08647921876328143,-0.15242980091843114,-0.007631307784010796
1981-04-01,-0.39046140035731863,-0.7346317570219782,-0.08689927456866736,-1.0877767668707623,-0.20314140646385176,-0.08604809051414494,-0.3171846880369193
1981-05-01,-0.05127665235769858,-0.15620350715158404,0.18431024161352796,0.0734008425945602,0.45512111918619996,0.28488620959719085,0.15453489340120258
1981-06-01,0.08981061651164861,0.15148605498407733,0.331832093246485,-0.216375982888798,0.5043728020945778,0.6303858701049311,-0.08352505440124569
1981-07-01,-0.2320631630318558,-0.14787901683627985,0.10082197425789409,0.2130135469434659,0.444046475128215,0.39773341681569124,-0.00483404990281364
1981-08-01,-0.3878187198028207,0.0709646966224811,0.47251809654647275,0.005826200334398321,0.5318960756130734,-0.09270321174923066,-0.00037208376568600185
1981-09-01,0.4710832113672566,-0.7198517147026763,-0.12153592761433367,-0.5145646720456982,-0.04393040221486348,0.27604636770267027,-0.03732744828780393
1981-10-01,0.5530368384530718,-0.11582412362342723,0.36516249716516264,0.12468419578712787,0.8706142682753504,0.6530244652615304,0.5505975821584412
1981-11-01,-0.3792339152211015,-1.1308997898563373,-0.4318440524081393,-0.2496787203648303,0.46219968143170265,0.4160252623454214,0.3439713067127068
1981-12-01,-0.4722875373535152,-0.6188949049466786,-0.6013723337494953,-0.22334878800668964,-0.15505734303407362,0.8196195354672247,-0.07552347714633335
1982-01-01,-0.2919320124305551,0.21956427858703692,-0.2888745011313083,-0.5327481984025493,0.009421067531778982,0.28102918977324903,0.2285243194270666
1982-02-01,-0.44498331711403327,0.5100440865100928,0.05003402392960982,0.44834366780931995,0.2514762999413524,0.9653074887129505,0.1440444517717512
1982-03-01,0.8565328171646914,-0.42116696719283464,0.8415995728132208,0.42900982753235256,-0.1534961595941686,1.0586393964172685,0.45610425365612783
1982-04-01,-0.09218775902791677,0.18895063156844621,-0.26612942355014385,-0.3714387915435117,-0.19905582744489686,0.6741550039296416,0.17854388000544638
1982-05-01,-0.7135544697096133,-0.02051314694918997,-0.07848610305778152,0.6076022369917673,0.69566243104317,-0.09967474378333432,0.3478958111348335
1982-06-01,0.6341128165626861,0.3198983448635196,0.0018186474430971877,0.6064339415717301,0.5856424796616575,0.03528646212861242,0.18982003488050328
1982-07-01,-0.2242647554298098,0.3866367606695834,0.2380987673190895,0.6098917581098602,0.30284470177414413,0.5617727515783263,0.22790273372154565
1982-08-01,-0.40812820486651935,0.14183793516150497,0.107132142661539,0.2626139741212378,-0.2034546522733622,0.23018638090338983,0.4030060781553392
1982-09-01,-0.517400631630243,-0.2002088228942084,0.12359613514819918,0.7930096545754731,-0.6983040553087907,1.140588972928055,1.0136168559648078
1982-10-01,-1.464395210506012,-0.1054948717199487,-0.050746568640703954,1.0769541039789408,-0.6761662003452343,1.0763789820081442,0.37071352745312147
1982-11-01,-0.32447901277907876,0.08168917907995658,0.6995772111748862,0.5640984551034771,0.07400662649021247,-0.04740187614657514,0.7134303974468043
1982-12-01,-0.6910223774086491,0.9340459041168855,1.4287794910840772,1.0012367251334946,0.15469132551909345,0.6693796126105676,0.7716242034490823
1983-01-01,-0.6859915112399989,-0.021958544673645736,0.5604800504736859,1.017584275881261,0.27760393254067195,0.7243603899975508,0.7718111503654764
1983-02-01,-0.34287236332027415,0.8817927923426168,0.3783159850087403,0.6410213233705648,0.5328403137182987,0.7398015735434338,0.8164084217603096
1983-03-01,0.09469683616853175,0.33814536514806653,0.27569895801118005,1.1231080451291315,0.36492075488166753,1.4730741789427424,1.5002133151153405
1983-04-01,1.3360899696478952,1.4163040408243497,0.7235110135696301,0.08780422990020993,0.03756670575455651,0.4854496977925935,1.0769673084802691
1983-05-01,0.8718073137702689,0.8526827166074666,0.4793348179649025,0.40398436957472633,0.16548989982765872,0.3542046360908888,0.7571374770023873
1983-06-01,0.32673065975333854,0.3971127497738838,-0.067790159563046,-0.04668812912066317,0.061530511098546806,0.18904109068685362,0.70187097897266
1983-07-01,-0.5443218787757435,-0.8998386129469749,-0.454932320266188,0.3724849879154254,-0.5965201151008037,0.9499105978248724,0.2719142887810532
1983-08-01,-0.16989432027205376,-0.6090918693813789,-0.5510279751798076,0.10337768094412889,-0.7325407858946696,1.1327917341583575,0.9150283234992097
1983-09-01,-1.2296027222991452,-0.29533812309815827,-0.08543559533830503,0.0341601096382299,-0.7391068626375861,0.49225778560806016,0.6244336272945337
1983-10-01,-0.2672842062827774,-0.35001004332951635,0.48707220167835263,0.023856868328898783,0.26354560599468085,0.024490733448162414,0.5716188156414092
1983-11-01,0.3232448104363123,0.24462658619534486,0.8705785109613444,0.5794642896734082,0.23308343528062367,1.310865316650136,0.8171792183482535
1983-12-01,0.7934451530787735,0.9401778370834845,0.3087279940809578,-0.3068455503114407,-0.3494187488391908,0.23984763835009737,0.6213622037046767
1984-01-01,-0.20800868300946038,0.14503143434286075,-0.07943645807949237,0.6456632931908817,0.0523605693737939,0.5031862533046103,0.1727107731981876
1984-02-01,1.1935306361887044,0.353144417351397,0.9510145264463596,0.3243256614664927,-0.20888744357590916,0.1644284700612445,-0.22967875640730806
1984-03-01,0.17529866605955574,0.5738609290652682,0.4616733097011336,0.0029193695445071145,0.10645889647824278,0.5942890580224225,-0.03883808914515713
1984-04-01,0.8446172772247004,0.6177477058716383,0.5509725484035476,0.8416991070030037,-0.11962751794167828,0.9737260597174393,0.35222339647875445
1984-05-01,1.157800024472864,1.0982797273926461,0.3391027992845172,-0.11957097975579674,-0.509898261523117,0.8588994079785708,0.11392221630325901
1984-06-01,0.5219277100905482,-0.46356278858149974,0.07588987883954064,0.2714177235575266,-0.4390498545883818,0.9094146622191969,0.37002875506826766
1984-07-01,0.6361762771031352,0.2153680940131424,-0.3254921126453722,-0.43765225522455475,-0.8130648608129306,0.5151830061030306,0.6147303278896393
1984-08-01,0.3814684811363361,0.14410800990485823,-0.7953571798431323,-0.308903789201541,-0.653447878313353,0.6918953105940915,0.8284334374157758
1984-09-01,-0.7420448368488439,-1.004416191672113,0.13985557015527766,-0.2252865570466098,-0.892484616308896,0.3890795891707888,0.28940016412919006
1984-10-01,-0.489394801185868,0.21865576785945642,0.8092531791269107,-0.2284741067919962,0.5096244629774158,0.5791528072092428,0.769898044081068
1984-11-01,-0.5825062827456012,0.09333951545229441,0.4711991057420615,-0.1577405528312631,0.2891738491278145,0.905566579810103,0.6982291279589509
1984-12-01,-0.4206033148037115,-0.7620768304045091,0.7654533388597325,-0.07747870998682346,1.018265061599131,-0.2176936060606172,0.8177663781507718
1985-01-01,-0.9332908791947081,-0.7414448585850824,0.4518334122884774,-0.515361184031259,0.6498117090937459,-0.7465758373817649,0.42857582782270065
1985-02-01,-0.35486664187209715,0.07441206706568125,0.9006704331404554,-0.2154014751058807,0.8468363489963171,-0.6249734804293668,0.2869595420786719
1985-03-01,-0.5122690104717975,-1.0891574561335333,0.7404294642835562,-0.2608611858183981,0.8409926846008513,-0.3869840039341478,0.30171031319090474
1985-04-01,-1.1205650495462214,-0.9278208069369908,0.2293003997375741,-0.39598721427737016,0.5775428554857983,-0.05473563003600517,0.5629175604796453
1985-05-01,-0.6477331330101566,-0.8182996798221265,-0.2933331586706936,-0.5388791687710978,0.12142104739684031,-0.36564006751485667,0.32506831895171423
1985-06-01,-0.7892730288030169,-0.6879482577812729,-0.3669995818786502,-1.0267131915852268,0.33265658130367415,-0.27953571256627163,0.18074000500444332
1985-07-01,-0.6276806488933049,0.008688126771107679,-0.5941339243062256,-0.8659949832908903,0.07969644768137592,-0.27894778608501225,0.33254561837820085
1985-08-01,-0.4931602583011142,0.4649316355322436,0.44667254376883664,0.07705642369883646,-0.30072943405418706,-0.37271712385770744,-0.6153946299768017
1985-09-01,-0.7508054341698409,-0.37479275457513345,0.14352653951726757,0.6846819510304888,0.5755507746634813,0.9889606465474468,0.5095350570452108
1985-10-01,-0.2698741577720225,0.5761911224644591,0.5509498123545447,0.29556171027072453,1.027886602459699,0.44177255149718997,0.555479001396733
1985-11-01,0.6976183801179002,0.8244633072802848,1.2877757794613638,-0.5919304379726873,0.7809204854881368,-0.6934074842124959,0.4841037299144964
1985-12-01,-0.14573303694289336,0.1670258549948777,0.6774613445366181,0.2745211148415875,0.338923682676046,-0.18280298012758192,0.4230310175407598
1986-01-01,0.1693995208420641,-0.7108794144582474,0.2896825317426638,0.4225519417164588,-0.04358225545150116,-0.07215791159355764,0.19015073401608415
1986-02-01,0.24031732244399337,-0.3266489114271333,0.1879042910832921,1.1022453250892932,0.2478307145487352,1.0019938794600312,0.7836562098778634
1986-03-01,0.33153332732032115,-0.6116147397416578,0.43301333175534146,0.603863362785919,-0.5983241846629697,0.8691036350129782,0.4487940157673564
1986-04-01,-0.6497198357446243,-1.278526542664381,-0.18838525356746413,0.9365446246261457,-0.08319589760337158,-0.13901386411353941,0.35563427367753275
1986-05-01,-0.7776111535435604,-0.7591255293915755,0.009118042446326115,0.6186113084626409,0.12330356000492161,0.13033828974127695,0.16668711278074602
1986-06-01,-0.2446132634004028,-0.617422773914923,-0.0828646955518944,0.10422371749339063,0.3056815844003359,-0.33642374226769456,0.4040708464563393
1986-07-01,0.24976131278748506,-1.005074781612652,0.3055248465173783,0.03438777575346476,-0.25779129370990583,-0.10960520755492696,0.42926860789630705
1986-08-01,0.4376846500126246,0.17491997544496918,-0.22469190857802657,-0.1962120847711793,0.29443046612108625,-0.4082268195004257,0.1625102976456783
1986-09-01,0.08727918107293187,-0.2005471372508962,1.2364695840728834,1.2343248093900019,0.799710324212763,1.2091775680594417,0.5049271399761973
1986-10-01,-0.030201460222114195,0.09262068087707734,1.045400119980131,0.5428751347218784,1.2337737273095037,-0.5586327439602824,0.40098113385500955
1986-11-01,0.3089304317525485,0.6170248542670382,0.49573669040141416,0.7463297964567289,1.0423340406890682,0.20983107194552905,0.3525836147383952
1986-12-01,0.37255433171092645,0.4579107224627551,0.29691256948447453,0.3998770543810176,1.0889648013478148,-0.5773869906434637,0.3085967410379362
1987-01-01,-0.28565829022047456,0.5455295602356415,-0.01917564392312104,0.2513457084722197,0.797149224484264,-0.47466198344104776,0.3107488885329971
1987-02-01,-0.7788777640877758,0.5783102785364982,-0.13197870867114633,0.13316125197061013,1.0416319205123492,-0.07526266544909431,0.2076694052102542
1987-03-01,-0.026513739019988134,0.6481305645394837,-0.21149674860846282,0.8846113708838351,0.8624011168204272,-0.07956358678322363,0.2873467840938247
1987-04-01,0.7149826823712965,-0.049672758449252126,-0.5843682716759583,-0.1827279844177326,0.21225060029727624,-0.8766447885176316,-0.043678205378709097
1987-05-01,-0.6825609287366579,-0.3050435186516768,-0.8855046594978159,0.09675990783383401,0.5852747884384879,-0.5651101805512769,0.4103726107062796
1987-06-01,-0.4427244171841872,-0.06276903097539746,-1.014662371386153,-0.48455220474414584,0.5481595809079477,-0.6450303187483468,0.40012328595448465
1987-07-01,-0.41496663923254634,-0.5789106639330658,-0.0033852415134871697,0.4087328943254149,0.26287335715784377,0.2731318134702535,-0.03835334931321502
1987-08-01,-0.5814868072645022,-0.40979344250946653,0.18174495668995366,0.41584966608155893,0.3082737799073866,-0.633612950292093,0.05946541157705861
1987-09-01,0.6102568679718305,-0.006988793751675858,-0.14282543016516627,-0.3097883247507664,0.16799053090169247,-1.3254250103751906,-0.5636274157746529
1987-10-01,-0.016399229774003942,-1.7746967381896257,-0.8071715091511303,-1.3864893429959761,-0.9297943979767939,-1.6964338238904704,0.06567799301134632
1987-11-01,-0.23564793873241907,-0.04217356061552415,0.1275682675815164,0.16449268708902384,0.03272027559296443,-0.5512974788998928,0.8735399090839774
1987-12-01,-0.40489934983193143,-0.3492998447103277,0.18037391325324434,0.07681696803398975,0.41252416303920586,0.19157897279960354,0.40357488056957813
1988-01-01,-0.5265904845535586,-0.10084162293081843,0.1551549376035892,-0.33053963835595035,-0.03923792634453718,-0.4701139101819878,0.23259741479119855
1988-02-01,0.03146103232051027,-0.14280664274199983,0.07501298816623293,0.24697823446638686,-0.36557948783846217,-0.3213259554798182,0.25195695609888863
1988-03-01,-0.7907960817815026,-0.5195006879555235,-0.13180861964002147,-0.6525435439806444,-0.23916228066275486,-0.8083130713117135,-0.4477362783000625
1988-04-01,-0.830768515683386,-0.08529371169115295,-0.5536935039545282,-0.9313255517440697,0.008916198594321571,-0.03415479147404953,0.49319894354232424
1988-05-01,-0.20855216227795284,-0.8846893420494135,-1.5536850312364932,-0.3759811220150693,-0.9880756305088993,-0.25043484516002756,0.18764538872933695
1988-06-01,-1.2002846128307576,-1.5976161452852187,-2.3984203019120356,-1.1779074513478607,-0.914679101509861,-0.05039629734308838,0.30108280478672667
1988-07-01,-0.4308518270425492,-0.2610835734461685,-1.3242705474512007,-1.4046754054789268,0.027295280873372355,-0.45540721677213925,-0.11588921795484065
1988-08-01,-0.195645887230375,-0.02558564175078097,-0.025488841833130275,-1.154398754175196,-0.7545802904662364,-0.619438153210361,0.3035608080152638
1988-09-01,-0.9254137519441863,0.5434884326508911,0.08612356117483315,-0.04805640675963653,0.2345785966794433,-0.322859815163103,-0.06440427158696808
1988-10-01,-0.440101645659736,0.11009944606494411,-0.7465114482590917,-1.7071027816553634,-1.018357771766427,-1.3912030346795197,-0.6843928829330393
1988-11-01,0.17530431833120455,0.31727486344538913,0.49118792334808425,-0.40396927432644597,-0.9026691629969734,0.49850855814924977,0.04321456549953073
1988-12-01,-0.9380478026328988,-0.5292248972680134,-0.08870247743240095,-0.2730496186041121,-0.7680497515152803,-0.6933116199728274,-0.3129496540738449
1989-01-01,-0.5268980451768197,0.0002993591482157325,0.30972151187274133,-0.3207552974979173,-0.2774579409142959,-0.3776745893786065,-0.1518629899906436
1989-02-01,-0.3582376870453284,-0.1480440493533343,-0.5304947946616603,-0.9128563894923584,-0.13817611155368426,-0.9538876887730885,-0.3981760691608532
1989-03-01,-0.5541621225764646,0.21868824549532295,-0.18341914107798324,-0.35707083139316004,-0.3876765333215841,0.14400162864814522,-0.2246905776635624
1989-04-01,-0.351218255193255,0.11090791599037879,-0.2798352365891612,-0.2882323224747947,-0.8579172697237157,0.5606933359130392,-0.6817485760333153
1989-05-01,1.5328245075480849,0.36206488639087153,-0.48090047144089737,-0.6045505389056713,-0.20086395835081458,-0.13268328409737762,-0.34030113682720525
1989-06-01,1.0917047072600858,1.1689164832264092,-0.09660585674422816,-0.8379345920992897,0.5307022812335255,-0.5516840971713597,-0.3363427256713569
1989-07-01,0.741371168396247,1.1795107233609294,-0.39666999202787667,-0.5161464180571392,-0.1643722498762504,-0.41332080053499354,-0.4221036674167195
1989-08-01,0.23754288002001525,0.22935956381235895,0.02040657790595489,0.05261304476914054,0.2522833058579874,0.44369265817205406,-0.11713579913791713
1989-09-01,0.37426159420561983,0.5559855978129304,-0.02524208300446617,0.06404949209723854,0.15058875799617635,-0.40243210598366697,-0.32350326628481935
1989-10-01,0.35452570749395834,0.08243153700947499,-0.9456553460505766,-0.39014859857159273,-0.6265925286409345,-0.15402018902964615,-0.2953454722664326
1989-11-01,0.25497712482534407,0.014240831773213261,-0.9242855578448803,0.10489414089258722,-1.1066820680796874,-0.4643634854681303,-1.0530415634071426
1989-12-01,-0.9453051148169132,-0.12758786120473573,-1.6020435128290331,0.17959023043428846,-1.077121234406947,-0.4822614420212843,-1.0217445745126623
1990-01-01,0.15887355183039184,0.5176412549294339,-0.30637042870773035,0.46175777837525417,-0.20365352503367856,0.3157806348654117,-0.3624315209862319
1990-02-01,0.668940147234108,0.9442860414648633,0.04754457796530518,0.02356207868588987,0.3150676566003274,-0.09692468910746807,-0.47325712069538656
1990-03-01,-0.49142923678096323,0.32896997743756445,0.06986860761272637,-0.10088749004535656,0.5986288134532803,-0.7193336787894905,-0.7269654123783119
1990-04-01,0.11348234782065246,-0.2362030743506546,-0.4545058866456247,-0.31177975630484656,0.7905827237495111,-0.7374913454040071,-0.3566550177739137
1990-05-01,0.6817932553369093,0.33730361574966655,0.46323696376418333,-0.2732011254899353,0.49894635060294396,-0.29014327300133563,-0.14818490969172615
1990-06-01,0.1455942201134388,-0.38039474492513015,0.607641431056734,-0.26468404809955226,-0.5544830774948001,-0.03092066368960877,-0.4227896232235673
1990-07-01,0.20565559655055307,-0.6411917269566759,0.1693587787635404,-0.1860487870875932,0.3968979435338557,-0.03382721283172642,0.12332610151773103
1990-08-01,0.6172067671723175,-0.5586323195268542,0.15653512229632413,-0.13586674777572036,0.026636375872105645,0.640741070211025,-0.01826384968673395
1990-09-01,0.03935272195684073,-0.7706039143067148,-0.40568783617339743,-1.0012668892702221,0.23549530115744677,-0.8357683998121956,0.2799958676980261
1990-10-01,1.0095296454421416,0.30078128759834233,0.2746166399815217,-0.5611022152909708,-0.2935857145695529,0.31813754677038003,-0.2281788220552053
1990-11-01,0.367892585918169,-0.565216386472742,-0.11938277742701266,-0.18486955288129073,0.2890571383442848,0.13981410191035734,-0.11995087756555066
1990-12-01,1.2249746142203133,0.0952747692698657,0.4716069518554103,-0.3775101522207158,-0.5177015161942541,-0.38762768722671587,-0.37769029017585354
1991-01-01,0.6600365442256985,0.7208821505111884,-0.11891231336421335,-0.358245585119413,0.4403159644710791,-0.42425732838750396,-0.3995376399509187
1991-02-01,0.14202419454905454,0.41119168177950205,0.17551074754764526,0.19070313210523243,-0.2647842861598216,-0.012019315042024843,-0.30565822913443796
1991-03-01,0.3183452181204635,0.6549078464793999,0.23486552828699908,-0.8601972965785797,-0.5199578403441516,-0.5892601436805587,0.13775238049181
1991-04-01,-0.12076633445378411,0.7523203672001447,0.3630396634893014,0.2976393797063951,-0.15302215222720336,-0.17529259484394719,-0.2087087401530334
1991-05-01,-0.45043426950577037,0.992979605178799,0.19422074703135023,0.4432536995871349,0.063612837556112,0.3308575668418284,0.05456675442522149
1991-06-01,-1.5523314315894219,0.49790656405041855,-0.34222484375579754,0.757253351076555,0.1572690376643054,0.3020363603584565,0.2392048645394839
1991-07-01,-1.1600274756745586,0.38793306069175104,-0.5241959217814172,-0.17293313821864034,-0.040477818000802766,0.09399085162800029,0.053213504192445304
1991-08-01,-0.3251951512550687,0.38800774830451573,-0.5529063455275691,-0.2860982158618134,0.16868046226718575,0.280817496347839,0.20515960788375134
1991-09-01,-0.04165518703190606,0.01534035414423027,0.1974641958391493,0.13598048340031352,0.40944228855000264,-0.5046197735156155,0.31822283030196563
1991-10-01,-0.6718159502215768,-0.51230290445274,0.19696226269674103,-0.8119341400760115,-0.17427284339572544,-0.5114830185190441,-0.25179111483102556
1991-11-01,-0.4599370963547376,-0.6004322203407957,0.45511497032072684,0.45087980443791353,0.37922704438465316,0.2529842267197335,0.1254407390501599
1991-12-01,-0.2683795956978529,-0.187736736129811,0.31261858173095836,0.14533239814556165,1.4226977844823059,-0.1638578995480364,0.3210435907328728
1992-01-01,-0.26678581211595365,-0.13003441752098746,0.2096243505828149,0.2878563641702028,1.3787088419730844,-0.14119420533486732,0.4037404315743173
1992-02-01,-0.44094089000498965,-0.039330927519415644,0.17474579582741592,0.3720596205818127,1.2466222804857532,0.13777407765632776,0.6594160553564008
1992-03-01,-0.14241797146411317,0.1351341913867182,0.11987800359151467,0.05888191944650259,0.6632950283547608,-1.0043130953895105,0.5980169165311894
1992-04-01,-0.26653343287870473,-0.5658967603838143,0.16571056139185592,-0.4366856185558964,0.2435558620816752,-0.6823297460346014,0.14378365827595097
1992-05-01,-0.29243832382335305,-0.770145801522976,-0.8547439678552692,-0.9462045980993384,0.2547508821803661,-1.4311662130407377,0.36871937278469263
1992-06-01,-0.44779730456722555,0.4118399940207345,-1.0330873625610684,-0.1216828045107631,0.7396827257257019,-0.5465770318978206,0.46954987705971757
1992-07-01,0.4287878703957927,0.15973655851399135,0.5268533733664894,0.5507492611172666,0.6226276362359471,-0.30246562914261826,0.21207291168199635
1992-08-01,0.27504400744919844,0.574323704665293,-0.12089116860293962,0.3918882922934033,0.5323651118353067,-0.8845934548794558,0.31060891567215493
1992-09-01,0.1355827800804953,0.3769560227616183,0.6785340024128035,-0.13714064372454304,-0.014499100960243786,-0.3791075046838623,-0.4705127510078485
1992-10-01,-0.2712583947174348,-0.049386377506257934,-0.7407595093222483,-0.2676322028840996,-0.7088344329508856,-0.32129890899688957,0.05868228350553618
1992-11-01,0.39617504672981024,0.8435938513505704,0.9633748443789584,-0.3020240380590379,0.5505012208037694,-0.3189526723280922,-0.6687532244845599
1992-12-01,0.05251796651065041,0.42982140820841186,0.42639699636769274,-0.06124895433205585,0.6790011238721955,-0.7905560773214376,0.1274023032474716
1993-01-01,0.20098747733082484,0.875431057228308,0.9533936118404412,-0.13974614394421725,0.6492545326182746,-0.8375683367584715,0.6426316028566246
1993-02-01,-0.9064789896990567,-0.23555580839931126,-0.17761620744222592,-0.5603695920915004,0.6784440198068684,-1.203513157009743,0.4679281066747846
1993-03-01,0.9242707020656981,0.551099464165449,0.3983604632813502,0.5734262119332688,0.5754477456534081,0.41763983963283585,0.9757341716597443
1993-04-01,0.8806005505938412,0.5621598286284029,0.5529547185732019,0.3545521290605953,0.6059807084191413,0.9950769669322318,0.3549682993973607
1993-05-01,-0.7196325212876981,0.12270410783408804,0.22748700566405983,0.06675175581399553,0.5599774613882591,0.9581864513424594,0.4308240718717544
1993-06-01,-0.356859952294618,-0.24037856282418704,0.7128965466960879,0.7253517279438161,0.35190217447821776,0.8850929773746787,0.5952616648122974
1993-07-01,-0.9309370300196583,-0.9077885914478796,1.0597410549710229,1.8020090773605704,0.007516321965411855,1.073597695245564,-0.33443648594008835
1993-08-01,-0.6752618177010554,-0.43756112464271846,0.897483207544512,1.37742687878567,0.16239611938981266,0.9965648404914237,0.31821221935556215
1993-09-01,0.2686067875135566,-0.049210363345021095,1.012192329551447,0.542735431498242,0.23233026150587638,-0.29898823399139923,-0.5000721593291243
1993-10-01,-0.15079641939958408,0.28216443658954177,0.21349637838995758,0.49366061747119866,0.07353411349107801,-0.17968593748034276,0.21933112855193537
1993-11-01,0.051924181193334626,0.16096660646202937,0.49130306243063193,0.5449030462750054,-0.09504875704961796,-1.3827264028919206,0.06516379946923229
1993-12-01,0.3201190312656925,0.006598887799981751,0.21783120824513633,0.700219661705963,0.015853787387336372,-0.16989010904447754,-0.22760937366753145
1994-01-01,-0.00023004370411511333,0.6788825813865189,-0.19695477495742347,0.2037982356955123,-0.20506346188020966,-0.33795804872642615,-0.5404228551401223
1994-02-01,0.5387814804900969,0.6331265585581985,0.33381090453107926,0.2588828861455542,-0.027854334145905248,-0.619174128054159,-0.07271358831234197
1994-03-01,1.2198587507644227,0.8656701144717753,-0.3473980692600841,0.7838166361094817,-0.07841070403845132,-0.5463633463447352,-0.3215656181331397
1994-04-01,0.707013987843599,0.17467234172512675,0.3594523660433581,0.26040899922904465,0.056921537265891116,-0.6713129118837123,-0.11311685313839735
1994-05-01,0.14013496591139515,-0.10521325847774568,-0.4693313639579101,-0.41280573737854154,0.14132850205152714,-0.5000023558199577,0.19862318958950131
1994-06-01,-0.20200281596775072,0.24170154326259685,-0.27605741195522715,-0.3296464069519995,-0.6386859304937292,-0.5220706210504841,-0.245910703071226
1994-07-01,-0.051139836188445253,0.6979400662361536,-0.049996883502081875,0.10786195518369766,-0.19427767543937702,-0.5663908196210976,-0.7020890550511131
1994-08-01,0.5660683325842851,0.3450590484269174,0.21297195706397784,-0.7438191541704097,-0.4287314858953981,-0.7300749346922007,-0.4210934021649613
1994-09-01,0.057874417226884585,0.04903612060541506,-0.1659647731978125,-0.5836072467321618,-0.4855934118411524,-0.434240875247912,-0.18819025217696983
1994-10-01,-1.588581456489831,0.6363422614426365,-0.4131656265662645,0.7975377650996833,0.22717425592222354,0.11331928169309763,0.007675553387193427
1994-11-01,-0.30868616611575633,0.13442782882365562,0.15343285592497893,0.1263728417704674,0.37179422320397,-0.6621594889912786,0.26582384249921776
1994-12-01,-0.2885558053598489,0.0324509657212245,0.026355830767207503,0.4051060580746773,0.33543627782063,-0.33018020508672835,0.22034031673481352
1995-01-01,0.26227045729209286,0.38808066346352565,0.16410431027192707,0.06258331310199905,0.11598524718877641,0.26574982526622476,0.5931199866447737
1995-02-01,-0.5193829881991914,0.03202122211704736,-0.4151214360811339,0.42032632229675326,-0.3439334277678834,1.2619184022154946,0.8576082917163218
1995-03-01,-0.6126337536397486,0.24116222427098422,-0.16195232078506155,0.03457554058410238,0.035374852211607286,0.3322793767497528,0.7143155268278896
1995-04-01,-1.2612191859530635,-0.4026688323835963,0.012019313354298228,0.32920049036453763,0.24743080289433667,0.3769863324121193,0.5426924814462365
1995-05-01,-0.4764762872802436,0.14980243817783925,0.6651147459743777,1.059052036848976,0.8493061157509629,0.550920705540412,0.9745287529380825
1995-06-01,-0.7206952965541458,0.3063481671283829,-0.15018164810649162,0.7399350348433668,0.8215518958674618,0.5439569032746379,1.0174912563256848
1995-07-01,-0.5207046465269235,-0.030997126161253587,0.029929579958549102,0.5896314013605651,0.26166291586895973,0.4662495209151373,0.14603393446667437
1995-08-01,-1.4461118516923066,-0.045179351109503406,0.3417861007565576,0.05512848694690924,0.3066098381789089,0.37594948490322966,0.005427165933150034
1995-09-01,-1.2213384876116304,-0.2483897632001941,-0.6674226713999981,0.25501108640365144,0.39906129818870095,0.2835337407294811,0.09178693881852189
1995-10-01,0.5146689723517048,0.550642221213559,0.06744182980085109,0.486719667475474,-0.8397188834801195,0.2768359500311017,-0.9066695769906863
1995-11-01,0.6268634309340843,0.3778507606612996,-0.40872208604124194,0.6230922781017603,-0.5803671611375187,0.8896025110668083,-0.7797639879608512
1995-12-01,-0.4369979298962588,-0.05134673975382232,-0.9325772890554197,0.24619824696013343,-0.532668456914907,1.3111753334770182,-0.26884108704500104
1996-01-01,1.5080561268968213,0.4154082187310792,-0.019311763759823988,0.2540625962097197,-0.9265702846811511,0.6231883551939649,-0.45109881355724196
1996-02-01,0.9413725790864395,-0.28930086407591665,-0.30859536083214684,0.6009051007590281,-1.335610020652092,1.2884548387386083,-0.026603114860367927
1996-03-01,0.06287091477649255,0.1771443051440648,-0.3574768065172295,-0.23313870349665597,-1.30897275402185,0.23214689216016735,-0.48528090062777046
1996-04-01,0.4618387919204634,0.14548490839432557,0.09107565558597969,0.054365830442814254,-1.1161918267723223,0.8281837958180038,-0.5573714440715191
1996-05-01,1.1705261238085212,-0.051096882727687254,0.9571132239556571,0.65434632494785,-1.3209483479762878,1.0012592923494106,-0.313126824943388
1996-06-01,0.45342521989411855,0.03912176370042877,0.6615835017059786,0.12206832624605624,-0.5772900452480016,0.21211840858238326,-0.08438713425227318
1996-07-01,1.1816672191908884,0.19364864925074773,0.3883697062412904,-0.43068250954889165,-0.1320529583884833,0.17900305925515336,-0.11726481816895508
1996-08-01,0.3860329975699197,0.21478091299349197,-0.4219512660639141,-0.6290718628922217,0.8341392792304488,-0.058729329229205145,-0.4965674701978002
1996-09-01,0.9309533392256775,0.5458768619353752,0.22570085445703264,0.5995095238537668,0.9650448724838918,0.2706486179171978,-0.004006645860972497
1996-10-01,0.86554779928503,0.50959249920936,0.13872280188075978,-0.25491657520518224,0.10166059773273338,0.5495149530987548,0.06053416681828117
1996-11-01,0.7933389075146491,0.3224367730413999,0.17117295769822347,-0.46046617669375556,0.8324388493195112,0.43080346108088946,0.3206578253858557
1996-12-01,1.5725277636714263,0.36817109613635346,-0.003146948261990166,-0.1431780407982531,0.2685694270105433,0.7995806763970769,0.14576389566752318
1997-01-01,0.23701261130025714,0.2626587305695684,0.15985178286184099,0.37618259483158767,0.08112866767620155,1.2227691685929793,0.7510763959500005
1997-02-01,0.33096000361386924,0.38234622778371363,0.582872717673645,-0.2347412965765332,0.9997718484913989,0.22017198734412682,-0.0882803209800551
1997-03-01,0.4331413134306703,0.4677551542421118,0.856448475925164,0.6261083175480502,0.4442279740128882,1.2679923404702766,-0.15246231372459718
1997-04-01,-0.5952463735763082,0.06905389831613874,-0.3530432565305859,0.5599645638551063,1.1180100302452722,0.5985975659152593,0.16664975464272566
1997-05-01,0.08274178847386807,0.2060131960033516,-0.03353536900324898,0.009033818921215374,0.32472609623077525,0.355141763950558,-0.01022663720809388
1997-06-01,-0.10421309584840409,0.6606124890445465,0.19616232552755516,0.1841685579675691,0.4308863383653195,0.44504312918614974,0.5563038614538113
1997-07-01,-0.5009396092818718,0.18846426541622535,-0.2336752967495448,0.7641957302957002,-0.013516005838675769,0.650612231238741,0.0095703227985805
1997-08-01,-0.015543237471349993,-0.3998406789089313,0.20084711397818533,0.4796305444388581,0.4984960489651194,0.4224333102841809,0.339411475429158
1997-09-01,-0.3418530073107839,-0.1744212933857506,-0.0005862517652218846,0.12469405159036913,-0.03032790013733636,0.8428432615181535,0.9056575375019612
1997-10-01,-1.4816979184496175,0.14073863987150304,-0.3404336520975753,0.6497972379837468,0.3621155687576328,0.9942534049141883,0.24873340410771116
1997-11-01,0.030406763688599642,0.3795496826227778,-0.2879648000119713,0.06160347274443147,0.10729706548789496,-0.04758611710229337,0.4305938510055403
1997-12-01,-0.6947672401154467,0.3528867742505531,-0.5513947258840258,0.0794396716141471,0.567975781672821,-0.23654173540352746,0.37941481625027246
1998-01-01,0.439382073671292,1.364999843698716,0.01228368322010692,0.01971827204274192,1.0534335321378896,0.3033797639979051,0.46420627781281487
1998-02-01,0.6958489356535095,1.2368494895337463,0.567205049807917,0.28386966110665546,0.7532514456640326,0.037704137451527536,0.7650955164235258
1998-03-01,0.8030770838359845,0.9025609694499025,0.4535055702438803,0.39757302886590984,0.8858169673458882,0.2930773524529236,0.9298638321319278
1998-04-01,0.4767014720241567,0.48579901300863226,0.254506023936477,0.07394333915414447,0.004444742554891268,0.09977491868925614,0.9414013997213418
1998-05-01,0.44689758910339533,-0.022499579612972827,-0.07448418322681455,-0.4891963629506962,-1.0943224154464406,1.013827625856815,0.8272832125011672
1998-06-01,0.7058839622734113,-0.4671695056904524,0.41773061789417737,0.514740664755788,-1.3021830024846435,0.9207266803212887,0.6822598433765382
1998-07-01,0.4477781643577683,-0.08719788183144182,0.1132090624862719,0.5943061473948447,-0.7578588895941499,0.86884515948172,0.990710894658394
1998-08-01,-0.10503017586619981,-0.44045196172406187,-0.03261354622906239,0.5216099832542925,-0.26141653245321284,0.11478480430892232,0.31634046414857475
1998-09-01,-0.6062812273614833,-0.031919471981604816,-0.5973280865189033,-0.34746424874962556,-0.21769632882348244,0.4722634620363883,0.4394146496375349
1998-10-01,-0.5414522358889768,-0.4749208668685323,0.25536979556014605,1.045177534172684,0.8598702709666032,-0.184889328221218,0.6955874437173597
1998-11-01,-1.5099023725713123,-0.49530745575867896,-0.2422047648944914,1.309084355476076,1.0655533061327511,0.8699042361240151,0.7135902909448861
1998-12-01,-1.3879250663351532,-0.5795328191116002,-0.4937457859019581,0.8067672067290492,0.429746733882816,0.6996965783050029,0.2555523703093926
1999-01-01,-0.2652705015734417,0.5223250834874112,0.25125725416938194,0.39058958526121673,0.31107876208417967,0.5177575923976051,0.13665026420673487
1999-02-01,-0.10511791065699778,-0.48791708826320973,0.54871045311803,0.4450211739344273,-0.16195930372759224,0.5365568974357452,-0.02901800615394388
1999-03-01,0.42837489527918693,-0.2634664838254232,-0.40678123154297424,0.23853075235741417,0.3557657656433992,0.603170828062114,-0.35569794444553593
1999-04-01,-0.5352068082281386,-0.5268690291955705,0.5325366092766965,0.895217267025634,0.5370999331757291,0.15418725594092247,0.5608556115178277
1999-05-01,-0.8907672678847487,-0.23294661586510315,0.22604076058109132,0.7698633776642799,0.48027830798822924,0.1629656028158879,0.3651909738969442
1999-06-01,-1.7900604708726406,-0.0697895778545492,-0.05989168213941973,0.5217903688380104,0.377428314713335,0.06526280795604139,0.4651653628268755
1999-07-01,-1.3585085575175222,-0.423329815903435,0.21579894248745252,0.0417005774346818,0.21644685358504825,-0.10368933427759093,0.6854438631636888
1999-08-01,-0.9813819605200607,-1.1492384192626868,-0.2869028666186254,0.5436196836723431,-0.3573502629035399,0.5146915306379901,0.6550708585614401
1999-09-01,0.8341159206954618,-0.2907781131639532,-0.6909922702603388,0.373345487380793,-0.33949923273740207,-1.0527907131132523,0.22565813052343586
1999-10-01,0.1396144200457695,-0.2737182164577112,-1.3392210773081512,-0.8972634352012826,-0.9468660322271227,-0.47612908931078457,-0.5835512637306937
1999-11-01,-0.1007661511633234,-1.122074391781942,-1.993858289858033,-0.4011677116057946,-1.454877701446605,-0.061565846858498786,-0.6051781398306382
1999-12-01,-0.20091280770330258,-0.9473855687116103,-0.5482796369605236,0.04231091513187875,-0.6627658862874308,-0.03409247041259421,-0.7518944886649109
2000-01-01,-0.18830102968337759,-0.8641432446525108,-1.0179114561429379,-0.629305672418823,-1.0171725479735187,-0.35643962026686254,-0.4010315604856563
2000-02-01,0.4528288346215719,-0.800226859837798,-0.12505547223498722,0.4231832610661598,-0.7246931301834592,-0.11926548160716258,-0.11286127997633978
2000-03-01,0.09489824996873526,-0.606363838909524,-1.079036429410744,-0.5350089106398951,-0.06616607635942777,-0.047855234567635505,0.05682150228142738
2000-04-01,0.6931010307578049,0.06333062706872018,-0.9573641384457227,-0.19339240819522052,-0.2543230165508299,-0.11466326555792379,-0.24482780172055915
2000-05-01,0.48124514053068274,-0.6645733174248977,-0.48288869775773835,-0.3541687887483449,-0.5290550575542646,-0.14938312312372298,-0.3730332807406331
2000-06-01,0.5013044157684801,-0.16658677569576852,0.2821794260476218,-0.7752251404169358,0.20950905496422853,-0.27432362988246733,0.035946505901337016
2000-07-01,0.5444944891056649,-0.9184469545185799,0.5652469934778226,-0.1897737149513616,-0.8379379937710218,-0.2777710635555942,-0.7624719700487652
2000-08-01,0.5001040235408074,-0.7789159014439869,0.13068556314805202,-0.8849101887866131,-1.664091674687674,-0.6140237858099636,-0.03460673547974943
2000-09-01,0.14047570702301357,0.1369517804517749,-0.05132222768453312,-0.2609613159529187,-1.323754809876174,0.2505867510755723,-0.7824313349421607
2000-10-01,-0.7039283052884787,-1.8720425750408756,-0.47413453741026734,-0.051439043304597004,0.34502564286408877,0.402952188285088,0.66656639029464
2000-11-01,-0.5959723127112907,0.04030733901803291,0.09796047623595235,-0.2951780119393603,0.7720349005460139,-0.937059334845433,-0.07709651420070968
2000-12-01,-0.5628817844635676,-0.4883662197253849,-1.2627610232672153,-0.7025780035968987,-0.05680186045295675,-1.0174862993855078,-0.33528030488017807
2001-01-01,-0.7944060162811328,-0.4251428557978546,-0.30046335849373107,0.42299246486774067,0.6562700903593508,-0.870324612763893,0.004329982015673054
2001-02-01,-0.6351931467395153,-0.4830252055146031,0.07115997020921064,0.18787905392357274,0.7340682096948995,-0.3668588909967597,0.156891069286116
2001-03-01,-0.2988990427747066,0.49913457032654207,-0.4584637473436718,-0.5414109996388579,0.752940723193116,-1.2009160705552635,0.10270558404995073
2001-04-01,-0.20321704475790012,-0.3386930519157518,0.1952516928045249,0.056957337914134036,0.009769384576219597,-0.7270032433315066,0.13971957222525905
2001-05-01,-0.7905727417892072,-0.48195160176201224,0.3648219137137501,-0.7886798677950076,0.2876186939112101,-0.8898453237785797,-0.04411355448856629
2001-06-01,-0.0702261841539443,0.34565683072847786,0.44034900036663016,-0.19573553057745033,-0.3062428726942633,-0.5578559459588117,-0.10876699898397105
2001-07-01,-0.42675106395509127,0.03561684909719726,0.04601827314472579,0.45838297465665756,-0.7355740130285283,-0.2490933894586876,0.0663553552003174
2001-08-01,-0.46826345321780954,0.22166508914453367,0.07123449798751967,-1.000511933447065,0.13091563196956796,-0.6201651943897791,-0.06062267871258462
2001-09-01,-0.3343905473626797,0.21657080744999913,0.06752123904959306,-0.293057789596559,0.2581123288301673,-0.41077437567280567,-0.6101875901403423
2001-10-01,-1.4966166127234124,-0.408557494211715,0.5218149463851378,-0.3353864585652817,-0.6036689557790746,-0.046912059372280594,-0.6219478509703513
2001-11-01,-1.6860038799318409,-0.6896641091476611,0.04522143017851246,-0.4719527076330295,0.05049423598913999,-0.15388338677109836,-0.2036827260969966
2001-12-01,-1.2706187911982094,-0.42432949845056217,0.37522284173087894,-0.24154804113702402,-0.27529516626888273,-0.22577498432894327,-0.43079973041228553
2002-01-01,-1.1347944696673236,-0.2920351950431706,-0.008710383749644156,-0.32370916817673284,-0.567441322733722,-0.19496112209552185,-0.6770686702330276
2002-02-01,-1.175030283088669,-1.1564000243023405,0.28160256336085826,-0.542663281692222,-0.22079221605541488,-0.45102278067856433,-1.0452069212990982
2002-03-01,-0.7617281091247007,0.045512018091881976,-0.08628894340378601,-0.8679735768988549,-0.5105755332570648,-0.5095429169404756,-0.9888653417917103
2002-04-01,0.0036855940776883383,-0.21306812957314938,0.25160177646197307,-0.7362857153754432,-0.027634560129261476,0.24786436139285903,-0.8869562261473046
2002-05-01,0.6064781993711118,-0.08132546825861905,0.6645744600908887,-1.042724043353265,-0.6398745508155832,-0.40324055335581693,-1.1797720537614886
2002-06-01,0.5351783703282098,-0.3926858390675991,0.28954897931887286,-0.6819995479219434,-0.487270843181662,-0.33536693499394876,-0.9116287750371541
2002-07-01,-0.11200390248269781,0.019780033303857213,-0.15852700735002784,-0.5114585283065409,0.02209546726945859,-0.3652069621320218,-0.7537149411946176
2002-08-01,-0.6833460908050838,-0.1346738693639699,0.3950712928213598,0.28392929535819955,-0.16778786495188663,-0.5657623414425541,-1.3167359882321044
2002-09-01,-0.03793600916592433,0.5185824672282908,-0.45181020386759496,-0.08466083089016088,-0.38313316966541466,-0.29048681363362866,-0.11320824030358181
2002-10-01,0.1539497516821042,0.9630335557236128,0.2555843874325027,-0.37074627705297425,0.7253781243278892,-1.409810386520962,-0.5707346019183964
2002-11-01,0.1412385804939791,0.9923668971836009,-1.0687227264808288,-0.2434070772964103,-0.052389229962042434,-0.8964511295797186,-0.08859034095134609
2002-12-01,0.012563484053189524,0.897200385318233,-0.6483873649108348,-0.12740858196895086,0.4200915989460688,-0.031371883490128524,-0.07170001571659117
2003-01-01,-0.2967777411434099,-0.21073337651806728,-0.9546691928446036,-0.054838588860539814,-0.16282254920992942,0.5793884650713347,-0.4210851977297896
2003-02-01,-0.3852080031696092,0.74675455070366,-1.0603284320224373,-0.529789499512582,0.0825105482768856,-0.1601496210939773,-0.01919050094288972
2003-03-01,0.38624145952273164,0.36870921848963845,-0.7800084873698052,0.1971387478693492,0.0011611304005915615,0.1475706355829685,-0.16758664688825556
2003-04-01,-0.15197974685900748,0.4988300065672487,-0.7630172174617836,0.035151307694868884,-0.3541020420078207,0.1929827607977233,-0.11810476620048174
2003-05-01,0.3007005523911217,1.0496189443430282,0.37503256016471725,0.05535920880207241,-0.5503281945104865,-0.04295485974474727,-0.07709671450476635
2003-06-01,1.1181208834202154,1.2188276025674663,0.01750755762065309,-0.05536694174678649,0.25992651707706393,-0.6189855550096224,-0.08667817984017079
2003-07-01,0.7536200032469982,1.075145200257849,0.015781864096400516,-0.7912903828190094,-0.8013678453853521,-0.45710483333222873,-0.5012973264911135
2003-08-01,0.9453685495407463,1.036619789582002,-0.5816045270779788,-0.681023865824756,0.11774119189253676,-0.06421703100022583,-0.043962896820803274
2003-09-01,0.952781580299518,0.6148982402440444,0.23858941111582313,-0.11520906117035815,0.28653619336850966,-0.14384854869742109,-0.356455328859216
2003-10-01,1.0649983356137527,0.14326498549317476,-0.48778993187531555,-0.9141756140382677,-0.38859226468201846,-0.4588701050832435,-0.9268640942962953
2003-11-01,1.3277220680976605,0.1264737574973946,0.2701549088308666,-0.2119110063053961,-0.4101462123239393,-0.39495933890556023,-0.08315716405509536
2003-12-01,1.2515116096744439,-0.18739315829402445,0.24100208513252816,-0.18484725982761124,-0.8037938425265716,-0.11580274296502054,-0.3342266553567166
2004-01-01,0.3552955776509817,-0.35427516495163647,-0.14862260661836507,-0.6877296979092142,-0.10634103549593872,-0.4948363728198519,-0.684185567248871
2004-02-01,-0.03817559800501313,0.5224806053387442,-0.07423295033570507,-0.1217404876492783,0.18892214241587846,-0.4406355821317431,-0.16886950051891136
2004-03-01,-0.2657817062159264,-0.6889075638960913,0.41943725630036544,0.14160794327917758,0.3920421178135185,0.03434420435363145,-0.326586430167885
2004-04-01,0.2856220560535941,-0.48907242171115767,-0.6927418365700188,-0.864317687463558,0.6393952762730855,-0.7579575082410586,0.3391854227102546
2004-05-01,0.21372954171492364,-0.08370318114085469,0.6437909208784585,-0.4748024874173464,-0.29791216086986166,-0.1938011005391975,-0.522156978254729
2004-06-01,-0.05793237154446251,0.5846079748352332,0.3447395203839897,-0.5134978810621272,0.6664601785671822,-0.2062708653794664,-0.1341379730313641
2004-07-01,0.41263056743198323,0.44104672199538375,0.28669508444686265,0.10106604532691814,0.684873008065971,-0.2430212332918817,-0.27745192369301935
2004-08-01,0.8880813061087554,0.3409745822481145,0.23304064982865386,-0.0906858660560825,0.6422652929684466,0.7942128242146584,-0.19274143679479241
2004-09-01,1.1747234222141787,0.3819017827043515,-0.9792515700281439,0.5665638184866528,-0.1294885199464074,0.5343730807889209,-0.007186436473099887
2004-10-01,0.18162342764992678,0.6719169370427496,0.31328560843080255,0.31716895112411453,0.581409650277593,0.6513030157055097,0.8709800461329653
2004-11-01,0.33521404968824203,0.8782603064413302,0.1831855372876618,-0.1599219218911422,1.419007639854401,-0.4089920433914277,0.6801740695662042
2004-12-01,0.6673132008446729,0.5677273697227133,0.22849794536549767,0.39540528463010216,0.6997663373101584,0.2510202600238196,0.8256378402762806
2005-01-01,0.829268914304865,-0.020013439424772923,0.8934245813810104,0.472411756491743,0.8335919237470789,-0.1505649912740782,1.0628047918141759
2005-02-01,0.23859537157911975,-0.28082632886137643,0.4243992809197359,-0.17283335320354618,0.8678901138986354,-0.7189740267465684,0.9366439635239749
2005-03-01,-0.0257507038216894,-0.169907827773645,-0.5144724423092013,-0.37929313393897174,0.2868573632349069,-0.5000328055955611,1.0524743017691611
2005-04-01,0.611040804715525,0.5696681666925096,-0.6445238596304003,-0.1164244407466692,-0.3576821081424785,-0.17596418092628602,0.7553608907743686
2005-05-01,-0.4442384810607845,-0.20370414908176473,-0.7332996996834583,0.19314744222580346,-0.37588123558835895,0.6742677935868178,0.8155423928615386
2005-06-01,-0.45065778644850907,-0.026595597024125214,-0.5082800743785186,0.8073463781576543,-0.4558804518199944,0.32904436023709416,0.6010369832565617
2005-07-01,0.02108859943815858,0.568803289406774,-0.6167453327353332,-0.1022262764846177,0.25622068084757804,0.18354818923744434,-0.0229314368243376
2005-08-01,0.012825550692181857,0.490718358988945,-0.13236067991952394,0.24182592059652078,0.5534339623412047,-0.1343497746540583,0.43487261025453344
2005-09-01,-1.191064738408375,-0.6652498649657196,0.12792822111892907,-0.34148145162461224,-0.4158099851821958,-0.06773672324120067,0.04909022442370496
2005-10-01,1.1593589995056888,-0.9719105964442318,-0.9089222781938127,0.30305729106895,-0.26965404425528766,0.3040269505010833,0.3517812738291465
2005-11-01,1.0298229339386136,-0.4594855435282223,0.060630276564152236,0.2563331679424954,-1.0181524400509072,0.2543113858704663,-0.3526937532757759
2005-12-01,0.4014311970368295,-0.5956946334549039,-0.5355422009775869,0.5519439316049224,-1.1594996686858359,0.45978527112319617,-0.1391825822879273
2006-01-01,1.3849311609036434,-0.39654652234757765,0.30987997683617446,0.23274800752424385,-1.0010963292467767,1.1529836974701244,-0.2108785044971615
2006-02-01,0.47873134385089133,-0.38105558205350215,-0.4987229441234631,-0.22705885491263625,-1.2372308564136976,0.5319750025412163,-0.6072349247586998
2006-03-01,-1.0978658216459138,-0.9100139525087315,0.3033756488511552,0.06307877686934407,-0.642981179235661,0.03601271912269955,-0.09131262590227339
2006-04-01,-0.6678999663067755,-0.744958753584757,-0.153642703222744,0.25885014705743026,-0.8272031815689002,0.8561974843301667,0.07602107430028585
2006-05-01,-0.22646058192131016,-0.5331042093573981,-0.19130218507987273,-0.8718810213186011,-0.8184127476886794,0.16472246396380436,-0.3629938153817671
2006-06-01,1.0017813240653648,-0.770792768755622,-0.6685153355824447,-0.9969147097825359,-1.0676843465529857,0.26047983560102295,-0.1851454306163073
2006-07-01,0.7971794005731558,-0.9488156437437336,-0.574088221217744,-1.4858452293286777,-1.0171497489624384,-0.11630194276580089,0.39058250672255596
2006-08-01,0.2741416314227718,-0.11379097491318944,0.04430248525353442,-0.17844426164316135,-0.25935274940799036,-0.33990811788927555,0.17436767278464563
2006-09-01,0.5325466634747215,0.1105781701879125,0.08961747860704768,0.37791821888940563,-0.050373113021857624,0.03455961406912505,0.3029073126109039
2006-10-01,1.029143971255916,0.40069694039185993,0.029164834477599908,-0.25349462108068516,0.011170658892145167,-0.4238318104903076,0.5559063537809659
2006-11-01,1.1820034267022934,0.41951297099169726,-0.1219465566391734,-0.29486292089329486,-0.8297770604463739,0.8726831834758357,-0.16153718529070207
2006-12-01,0.40932460188785424,0.10367256817138072,0.5011097700970872,-0.23208040482526524,0.4085654869605629,0.39910356485396853,-0.10637166647644802
2007-01-01,0.9651898466752135,0.4850249660580956,0.5918477531021336,0.18188295543157124,0.6975288097799965,0.38842203948112514,-0.200833588617334
2007-02-01,-0.5484156297667345,-0.7638381706125531,-0.364322265507169,-0.10420846574709951,-0.05153216272962964,0.037683724952511904,-0.11239406518889948
2007-03-01,0.41198094273154545,-1.196226893435655,0.26488142268277715,0.10964137072161725,0.9542380235956217,-0.237683059892046,-0.4141906140753775
2007-04-01,0.7058132265143282,-0.8525609333726569,-0.09491665867131585,0.16803718466808765,0.6790705260555538,-0.6228627666026275,-0.1815380858415856
2007-05-01,-0.5605804882791777,-1.545268441471167,-0.4786716004914076,0.4327714768063558,1.0317843113677456,-0.9155597054966483,-0.28043343934948634
2007-06-01,-0.7437874527066167,-0.6459570358794254,-0.6267176828560093,0.19179930093791722,1.0339407635738707,-0.6125683591735986,-0.2588858475762959
2007-07-01,-0.49540851350612813,-0.2828209741882459,-1.0300678858678303,-0.3602402143669956,1.3455207535591434,-0.6903152073532884,-0.07814495021684698
2007-08-01,-0.33535697536162956,-1.054459139477835,0.19025536411924332,0.13155426973895445,0.9843791918184356,-0.5696803799651295,-0.08675744083257446
2007-09-01,-1.4164539245143,-0.6320742254485603,-0.15862552192623433,-0.0615249277577023,0.44728681550208577,-0.12389970475218934,0.06095923091777102
2007-10-01,-0.23496095405303077,0.11826880469282999,0.722280668238312,0.32495463147812353,-0.19150818613457546,0.597921727704233,-0.44550343297175926
2007-11-01,-0.07515976677801905,-1.1051508606887746,-0.7214737994764822,-0.6142210678218921,-0.49338229722377586,-0.29754661387724907,-0.8710879713981766
2007-12-01,-0.0038195181305532623,-0.47304841663191355,-0.0007651070137679793,-0.1271927357056127,-0.3691612861146019,0.15874739909298394,0.15345163213057275
2008-01-01,0.1228348124604601,-0.6455970465692049,0.630326324773373,-0.23592057592906027,-0.4147945081678283,-0.38694107591427424,0.08084031308263394
2008-02-01,1.1258763162850023,0.0844706285470526,0.6208309432073976,-0.27469825399196734,-0.31248648720306466,-0.039231363244849944,-0.20594821524336904
2008-03-01,0.47443275963380355,0.22298310009642117,0.6175051646219988,-1.0312534060975251,-0.10489523003522537,-0.7117692014347727,-0.5230224900551266
2008-04-01,0.39524131524815026,0.4173245162568718,0.6909475898573864,-0.7146522498997148,0.04700310766436717,-0.5839778439345902,-0.6509320160082129
2008-05-01,0.06338306932407517,0.03438616425279261,0.10984919937789578,0.1550588750542443,-0.22511206232721032,-0.17026753387491694,-0.2575492513730063
2008-06-01,0.03365908034608356,-0.5477565915154196,0.9122361311894754,0.46018438491909586,-0.5256057217286795,-0.1737110759289947,-0.44867494013609655
2008-07-01,0.0975332665716561,-0.49304869506291477,0.3928841840331888,-0.10700550807375292,-0.26868535998203014,-0.29750412421056777,-0.12498021767223419
2008-08-01,0.05091146331778274,0.3482237991724289,-0.7160794416824786,-0.2049823668291724,0.6951816724589301,0.14010206675780978,-0.10563182852341374
2008-09-01,0.12138107894160832,0.007403170852534275,0.4180734001462104,0.29251016345987196,0.24575083125248967,-0.5949136429628543,-0.6155861710519503
2008-10-01,-0.1522099149809422,-0.28365871127901837,-0.17921168677925542,0.4309362601637811,0.11486990406271633,-0.565957922613303,-0.429073442177303
2008-11-01,-0.09099294362211707,-0.3832333827603533,-0.43121099987911243,0.6274509368077217,-0.35990700768565886,0.09950622390044818,-0.036908705143215315
2008-12-01,0.3780862403280177,-0.0662977137556244,-0.0011261076174036986,0.09359675212019236,-0.7521556552463641,-0.5350798508379228,-0.2863066217352041
2009-01-01,-0.30089279862664287,-0.30965468211384706,-0.5959471352268986,0.1203321997523191,-0.8804803159876118,0.057043792695695116,-0.3798002530999055
2009-02-01,-0.0017862789707210021,-1.0036219719713244,0.29099525672701504,0.17109514960724417,-0.9422988102537524,-0.5983263182280453,-0.18273975181954433
2009-03-01,-0.25044714520239325,0.0856483444132803,0.2700004184152533,0.4093067836107856,-0.5764909240594549,0.05263002152008118,-0.5473550540205807
2009-04-01,-0.0689859412283111,0.4353743302613643,0.10022966344588749,0.38679245772657417,0.25427863655299765,-0.318550084077967,-0.3628233191700453
2009-05-01,0.3154557648462926,1.0268467880341063,0.05400800227230439,-0.4850345241933749,-0.18211639822518913,0.04606927390197387,-0.13681498867693426
2009-06-01,0.3832533040523758,0.1852751100638111,-0.0132214089116596,-0.07261534749973533,-0.46876525249313333,0.18787480449023194,0.2516678076245204
2009-07-01,0.9222174234725037,0.2976897684573704,-0.14468232581811719,0.3153763857593731,0.05228161430322815,-0.17095995014511037,-0.13450502018118726
2009-08-01,0.9470760999707456,0.16266622574416403,0.3383454492984576,0.4435858687821426,-0.10842404037601894,0.2099877904130704,-0.8063400107529611
2009-09-01,0.12277859220437796,0.6993327825371795,-0.8852771025342882,-0.3885682889151449,0.4309204455036894,-0.4215524998787343,-0.477856770005815
2009-10-01,0.6375639771357857,1.0819140491357542,1.1792774470796947,0.7979776542065035,0.8388756037090628,0.5884553385073201,-0.3003022635509701
2009-11-01,0.0023989454689920214,0.5670475675919665,-0.12477511835737669,-0.3100974705519473,0.15190212824348676,-0.10049840420783174,-0.7413686724617874
2009-12-01,0.570436679442427,1.2247733376429362,0.06620599678916139,-0.22649563931327635,0.30033711894706955,-0.6302069873305106,-0.4211209966701443
2010-01-01,0.3906250653766043,0.6729343509092096,0.14892143556214632,-0.08148994431996355,0.507266515324162,0.428344253618338,0.0523656859774646
2010-02-01,-0.03161342609042922,0.5304951081944632,-0.5572129629800724,-0.4917314219469872,0.8501793163908089,-0.21164255008308303,0.22710621791647645
2010-03-01,0.590222448061669,-0.3159894862086716,0.13670723637663498,0.19597695547838148,0.24238071345129722,-0.6820855805308883,0.05721505103179032
2010-04-01,-0.5355438692972699,-0.822746611186373,-0.542605107384725,0.17828891792402174,0.4055071346230425,0.008067022547185344,0.26916044661363614
2010-05-01,-0.3022618004083451,0.23133900879002572,0.15991034667083168,0.4964829487694939,0.02023566246509234,0.29390815054416586,0.0465537598616313
2010-06-01,-0.3157562620095481,-0.36646509658969856,0.5204402464419947,0.9058484883286143,0.09017434307684612,1.1336005079513682,0.11230762741079756
2010-07-01,-0.559684300463781,-0.5126294141790667,0.6846035714609873,0.5069152057951627,0.8205558335720274,0.47268011543299204,0.15303453384273183
2010-08-01,-0.6128147131018429,-0.01485070418418539,0.07370575375848772,0.444428065609546,-0.20865914329111743,0.4830269659674742,0.09116915772832182
2010-09-01,-0.05518180924041566,-0.8421941005346067,0.7632296500940359,0.294917156407909,0.41863933999994557,0.5532930633329701,-0.6407267507285995
2010-10-01,0.4766354559105973,-1.1097864426814217,-0.6675466878132515,-0.27481057690731875,-0.8604924821579011,0.7347890578952639,0.5542238050400323
2010-11-01,0.0714982384311977,-0.48705107265093084,0.03542783282271175,-0.30770092580900366,-0.42575988960241457,0.013859762527838625,-0.21076962245613448
2010-12-01,0.25906019191811375,-1.2015563675269216,-0.4260954506166344,-0.12191017847385283,-1.0100982964467728,0.3590120854328099,0.5203347644677389
2011-01-01,-0.43835192992465455,-0.8161980137154282,-0.6758447612318899,-0.005165442963369903,-0.7506401034576978,0.6174924320082823,-0.15690936309897116
2011-02-01,0.09085493591343553,-0.7387337607293757,0.305769671629852,0.4373840295321835,-0.9759790768039238,-0.057592750274888985,-0.13429695088989618
2011-03-01,1.1532701401652323,0.1643257184401133,0.5074855509938262,0.41008674690658947,-1.473110210870379,0.5093921419711513,-0.19077688261257258
2011-04-01,1.2796791274327477,0.4419761791829584,1.107511428271638,0.6879514747264096,-1.393463226203453,0.8721383302439838,-0.02630236245959218
2011-05-01,1.0017225918687314,-0.1864509288316115,0.6467137763865795,1.1785463804115286,-1.1970483767359048,1.159665524246803,0.11442611488766152
2011-06-01,0.2689142022511151,-0.5837855362769906,0.34181391380046755,1.0595586748795986,-1.6066066257872538,0.7780294352553538,-0.07540405042916501
2011-07-01,-0.310155125444265,-0.27021475346951224,0.1969825980066773,0.5977687591172939,-1.8215583949474183,0.5460367340957846,0.09401986117576465
2011-08-01,1.0943096682119557,-0.7016534722122472,-0.19339120504779062,0.21197617389775378,-1.3945517605839737,0.1101241872823681,-0.3753798539282286
2011-09-01,1.46486915361691,0.27993750180855803,-0.3310085447741248,-0.8269986273965142,-1.4161956719509543,-0.18993687806766874,-0.1113190431021145
2011-10-01,1.1283916101255371,-0.6348874595218081,-1.009360623304117,0.2519582629936291,-0.7236091585556204,0.30761403182989916,0.012092545199697005
2011-11-01,0.7463787494185833,-0.08183630154492236,-0.16219132353336033,-0.17628004906131298,-0.5236610511080058,-0.2828141952255813,-0.06823520728118472
2011-12-01,0.9167559851753395,-0.18733579852899598,0.36507282600400354,0.2078342724350752,0.04739942644209318,-0.3899602608926299,-0.2360592119796485
2012-01-01,0.5585673926431864,-0.3755906523751202,0.17170976562939907,0.02621241943546975,-0.180367511447085,0.20923139271491287,-0.2654604968864739
2012-02-01,-0.130731667809102,-0.572237599132417,-0.17133072862649315,-0.1961528292210513,0.20650389663359994,-0.12536009462379358,-0.6536851610456689
2012-03-01,-0.47931324608884707,-0.032784316163983016,-0.2785521941821717,-0.7197018334028847,0.34891420431478376,0.31293882794068206,-0.6217632654116583
2012-04-01,-1.2186614033456442,-0.9519789647236906,-0.7366618259784913,-0.18253711328913774,0.0377001517108768,0.34767395319551586,-0.3878377263342674
2012-05-01,0.09689047643614823,-0.5302180067809988,-0.2730855299580427,-0.7874426515803674,-0.6014531683977763,-0.12487215543256004,-0.894494398890693
2012-06-01,-0.23415106776188782,-0.9380866913211859,-1.3627343370026832,-1.2701700436727676,-0.9544020202705994,0.20217602327964962,-0.9745888174693882
2012-07-01,-0.3460277000559785,0.1847868453025283,-1.2856708245885675,-0.9500313557695519,-0.7837036708224715,0.23286837648927064,-0.21691736357163205
2012-08-01,-0.33838469444196156,0.4668550102251965,-0.6999633288528175,-1.41147762882509,-0.560576540972995,-0.46556177424419776,-0.5217537037936966
2012-09-01,0.296290075510156,0.46820770068763445,-0.6364788845888454,-2.123642697066704,-0.03490114114944133,-0.9199246133762935,-0.5664874393086531
2012-10-01,0.4825612736073763,-0.0039774973208427065,0.16206234679656276,-0.6490917016595968,-1.4132673022130247,0.41204608841926627,-0.7349276630517395
2012-11-01,-1.2974861207188302,-1.4328383551166768,-1.318623611302258,-0.47871380404083314,-1.6096204363741202,0.5385146723125472,-0.7296378543675468
2012-12-01,-0.02934148846935322,-0.3149277388054135,-0.36370202397330664,-0.5644133856502338,-1.2884591350203312,0.7389526786594505,-0.30571642502545365
2013-01-01,0.36607349034153136,0.3422547442211671,0.23045200613338357,-0.5985116254362077,-0.2981631566246373,-0.40348455170299036,-0.42190738402109995
2013-02-01,-0.019994294028953818,0.3141574883310885,-0.306705446786984,-1.0459001247927173,-0.7424355817782559,-0.5941087677908815,-1.1926245299528253
2013-03-01,-0.4376352167653752,-0.14293015112348553,-0.12646893474163706,-0.8684486134172894,-1.0295368670934373,-0.42722566578140153,-0.7920560329785392
2013-04-01,-0.700834032591726,0.3663612090803401,0.9140656693398577,-0.5914801912338515,-0.6106990133406264,-0.48948821356422384,-0.9672784699831054
2013-05-01,-0.23856572928204925,0.5861924229993778,0.33903739102977226,-0.09465410009568415,-0.6852532278255113,-0.662128921810382,-0.8709440945414598
2013-06-01,0.9267762613244439,0.7361304600741121,0.6714369642696328,-0.30027984674496716,-0.581310875657028,-0.5205054923604501,-0.9971302874265782
2013-07-01,0.8782749223856819,0.883280555702199,0.08683799530466517,-0.4632968010608852,0.09642574589048977,-0.8112016439164449,-0.09238862417420944
2013-08-01,0.6068600982077916,0.5964636755018584,-0.5819107304521235,-0.1778907530568476,-0.18567573433811085,0.019208749578328715,-0.24874834150190958
2013-09-01,0.09510362888489403,0.12190086607226837,-0.5705197333098727,0.6399325139167475,0.3474994699889253,1.4641168054589706,0.7558016294647489
2013-10-01,-0.157831317481906,-0.01148264585877377,0.36454323318156945,0.8031869453389449,0.06417299710516326,-0.4732531544745684,-0.33355070428553385
2013-11-01,-0.16753946817030418,-0.13551501704261026,-0.36459259343357336,0.19752875635370173,-0.029977227610632314,-0.34707542949823217,0.030218331854217878
2013-12-01,0.029695297742364152,0.3165586496473666,-0.5497116147199782,0.30358821447041723,-0.11768811697494133,-0.5398468834559409,-0.3978345277052099
2014-01-01,0.5433312671793038,-0.11854925885939656,-0.6118167076513008,0.6139498054847081,-0.7970807985085724,-0.25869326213459254,-0.6823604609643185
2014-02-01,0.2372928316541402,0.05929359543060175,-0.8277309143808343,-0.04236466438649158,-0.7903490608694906,0.23985987845039908,-0.33643475448194265
2014-03-01,-0.4797792973566851,-0.06558523503843772,-0.583076681676767,0.09715432132262421,-1.0460660488534934,0.47219642235328035,-0.38743716157550223
2014-04-01,0.3034194848363045,0.7266234897110682,0.4303278942482965,0.13620324213812413,-1.1820666002350737,-0.1061543274388192,-0.6193818962228834
2014-05-01,0.46640224219660137,0.48388656393424184,0.17042199469516123,-0.1887441541989621,-0.706658959978765,-0.5185439877998874,-0.464584256397495
2014-06-01,0.2145770342682876,0.39072886636275983,0.7601016289242987,0.27042875298215185,-0.024484040499281347,-0.64362516011817,-0.7175243022035876
2014-07-01,0.3447967756625844,-0.05835196661717131,0.230432554391277,-0.5159368180669205,-0.02011410145504522,-0.5769667233022683,-0.01941490373121767
2014-08-01,0.2077872749173453,-0.01822373655922636,0.5089157997278243,1.1517662047132518,-0.5587623442044842,0.3746190969309059,0.323923194888047
2014-09-01,-0.9162305264893585,-0.09900099197552147,0.3317406468576928,0.4244854807271238,0.08290003183993336,-0.011691383079967997,0.5301794800563265
2014-10-01,0.16790272440805845,0.18800356586112243,0.4639187095622517,-0.26157939762934784,-0.1399724103098501,0.18059844294788036,-0.3337492399536459
2014-11-01,-0.4264078501614016,-0.19354151203509953,-0.18737244905812253,0.15467216262799877,0.007416753704133373,0.30110606925681327,-0.05978507691809166
2014-12-01,0.03801473607742553,-0.14036262362576601,0.12291446684060012,0.47296670914183114,-0.231317793228886,0.7581974923069176,0.4808790852316018
2015-01-01,-0.19768067622334454,0.09762582580592821,-0.04254880871787091,0.8805502186209361,0.29756308697903733,0.30462353730423836,0.35141846848436276
2015-02-01,-0.9686244672016455,-0.41886656257178695,-0.9224652830278061,0.21953738665061126,-0.37699570485605316,0.7184349242812224,0.03550916991997681
2015-03-01,-0.17106872262851733,0.26504710950367316,-0.44940787338541943,-0.5160619424106857,0.10541974241130939,-0.34860481047006403,-0.27079796737981143
2015-04-01,0.0629616061884598,0.5206148081834117,-0.35521825875232715,-0.47794430139038774,0.5494583020005972,-0.9604266983424214,-0.29317766653967836
2015-05-01,-0.8949024876092185,0.10426803037627914,-0.2351950370524627,0.3232005308619328,1.746067585755589,-0.5413058094213552,0.5004754480777491
2015-06-01,0.5347476220611471,0.30716802589611897,0.6456516744766332,0.15655483307451146,1.1291063503915584,-1.1234799443786012,0.5110163008364275
2015-07-01,0.38687323965381226,0.31843605791391644,0.825648641800955,0.1569000209614802,0.9164351563648434,-0.5599966426866844,0.6704817818961092
2015-08-01,-0.5732628634119727,-0.09064993432577671,0.3062521108264742,0.027711520819352808,0.36934715086695874,-0.46369445872204246,0.09270317709482546
2015-09-01,0.2748041365851303,-0.2644625530641767,-0.05335501330054886,-0.2738076130525304,-0.35846395726586855,-0.24812922379788716,-0.18230837410435952
2015-10-01,-0.05278027985000567,0.46718400663162746,-0.6090097291022232,-0.0035072957756360733,0.545154764396142,-0.20633931358720273,0.6190758216053985
2015-11-01,-0.6756960763057323,1.0112905684129903,0.409930530080409,0.1720090673522718,0.8112042529624695,0.007991218954239829,0.35564222336478696
2015-12-01,0.09177876181889542,1.1743831270024145,1.2592878540221573,0.3634057145104546,1.0866476772808669,0.8737588656765893,0.18172136993208582
