time,NE,SE,MW,NGP,SGP,SW,NW
1981-01-01,-1.1993644239321406,-1.25594063093614,-0.36034915614519497,0.6281042546628589,-0.41131609772724403,0.08304001843505078,0.3313273221561912
1981-02-01,1.1292829412258598,-0.6021089333953922,0.45414224524527963,0.7826514906745352,-0.48677283331111154,-0.06716329864634307,0.42534846321384806
1981-03-01,-1.2041710321405803,-0.8711446466267244,-0.8644156554255572,-0.49386635642337634,0.2949784441252747,0.36400126136003885,-0.4169127855440161
1981-04-01,-0.6927766536186111,-0.981773612137541,-0.6051925753102253,-0.8617943875641771,-0.15674529884762003,-0.000455696117057844,-0.17947633028450713
1981-05-01,-0.40304821756386167,-0.636887925660221,-0.18349126940539948,0.11562607237712853,0.38640332679567824,0.45314445840696943,0.28969356705997035
1981-06-01,-0.17628155139717916,-0.2875408611953931,0.02638566974897618,-0.3070219966751517,0.3566309239658512,0.23285050759042095,0.36454207202475897
1981-07-01,-0.16184111609428264,-0.19627374457391708,0.13811751486931212,0.1547999975416632,0.6387270115714273,0.5949330919022917,0.3935371103624943
1981-08-01,-0.5078059351653403,-0.20067073234130944,0.18973899406082734,-0.46393289842455354,0.5722162373548648,0.12900956706904396,-0.4781925861531076
1981-09-01,0.12944280096282654,-0.5288775407937893,-0.0375004956390021,-0.17444782851155505,0.1998510798186351,0.4346156145865794,0.5062802671784147
1981-10-01,0.13471813227668206,-0.3171276670483449,0.11051897532050063,0.45990024874756064,0.9453889266207588,0.6105826620293668,0.976225187630586
1981-11-01,-0.22923778541698306,-1.0822952230847556,-0.3700497650042806,-0.06701473368401302,0.6282846521603985,0.45302523877827255,0.6797416235738839
1981-12-01,-0.07205563768560756,-0.6804910667482406,-0.3710200155399513,0.5392910100871219,0.21695725854359038,0.21791519399526862,0.9628253290338884
1982-01-01,-0.2690610757824785,-0.24522336798146455,-0.21572779991245303,0.1355141132795387,0.17606309928392025,0.3528916757074901,0.158908932431383
1982-02-01,-0.045818502716851325,0.010901341415169977,0.09723703107677782,0.6484192690369227,0.5594101034014762,0.5385845326534521,1.2578491932148175
1982-03-01,0.2901945394867784,-0.4067237698911136,0.36094914767288017,-0.05764705114053705,0.1480259434237588,0.2976245535484335,0.5756254948114407
1982-04-01,0.4825817205804556,-0.2054286075338779,0.4757562954977199,0.4303399418772834,-0.01563144978479297,0.38827782378548714,0.7037329778740853
1982-05-01,-0.2686921563893152,-0.33281217852476724,0.20924773469864263,0.7059022771535943,0.9296487861122301,0.5204467666205038,0.16350506260688294
1982-06-01,0.24504188041054065,0.21641773917995896,-0.03865371531650726,0.34074443233428914,0.5061893855377719,0.2875546883530631,0.4151583834822125
1982-07-01,0.2742833880127867,0.0755922431225946,0.14064412868146012,0.44676769166886265,0.16788621064381684,0.7270241185676203,0.86559792128997
1982-08-01,0.010172835444082203,0.2623411593140075,0.28697155829942544,0.17890907876169745,-0.21195368917701152,0.8545490385381823,0.4523106344874467
1982-09-01,0.001518388251476452,-0.06404113349540867,-0.15074638507495702,0.974789362586638,-0.7291516759399469,0.8237105035098385,0.9292365830245984
1982-10-01,-0.35333637529042417,0.09690711928075829,0.00047485441515610744,1.1850350401962397,-0.1877558778312005,0.16324729399526292,1.0186835929093425
1982-11-01,-0.2659688565995831,0.1352187830584015,0.6609343087509473,0.7752619793684197,0.47301727727944554,0.7252986132365493,0.0953707100964178
1982-12-01,-0.3094754327939862,0.622195763780505,1.1962363839054855,0.9836924771429064,0.541863047924798,0.7635114714911174,0.592887851365484
1983-01-01,-0.5165163043007079,0.4709392568800414,0.11826667312753142,0.6716682417591204,0.5220025885757038,0.6783253658425389,0.8370005487493528
1983-02-01,0.05046591358044974,0.8139583234100223,0.21675566378052197,1.1204113719143045,0.7672036383590732,0.7492552538080307,0.7562933890586292
1983-03-01,0.03441159803080069,0.7706051501655745,0.268255210365933,0.6747509078624374,0.4071642652629409,1.1235079912138188,0.9852584312017073
1983-04-01,0.5711018058529895,1.3966929551688345,0.6626425574907157,0.589096387834218,0.14746282353885715,0.9873585879753097,0.7342135145703653
1983-05-01,0.9469716621572855,1.4666436968033818,0.7826368394950256,0.7380798809563494,0.41454242675454084,0.7871399591901024,0.42691741342846906
1983-06-01,0.6904215990550552,1.1425866596130685,0.47838644599087965,0.5105978296154233,0.48191080954942406,0.817256733159369,0.2982025373145023
1983-07-01,0.26471845881921524,0.4406641649429218,0.040999432074805955,0.43463456971548253,-0.24498311432025557,0.6133072534056773,1.408159609150342
1983-08-01,0.31019331185012333,0.3096829451625915,-0.1768665484951462,0.35296765500197214,0.05652751557835178,1.074386325338179,1.4961879031510563
1983-09-01,-0.08630420579453915,0.17933077247070026,0.16426678206789402,0.4793061917978117,-0.0007888830108847279,0.6362241504147241,0.5798108018129713
1983-10-01,0.21059765151101487,0.2817437825334175,0.705782687177791,0.5757108221041386,0.4896478392971703,0.6163233636933371,-0.15893314688572124
1983-11-01,0.45922120288999585,0.5836076501713628,0.8203373559659501,0.7843646727369621,0.41468582886892263,0.940181641209003,1.1871299901909924
1983-12-01,0.8288673199788874,0.7939231435183026,-0.1289452324488269,-0.23827557372965966,-0.16602193374332147,0.7485968741513794,0.17588391493824987
1984-01-01,-0.37338546237953707,0.39972432547826253,-0.4551453400064406,0.765049965928777,0.4195887957220748,0.03947207778858997,0.4688137217047034
1984-02-01,1.4736855645769757,0.6391362800211098,1.132207919820913,0.4759802534586492,0.10719793269583322,-0.28830055136129096,0.07630596600385282
1984-03-01,0.036939933534674965,0.7015648798787638,0.21833925816111882,0.293237888067493,0.2959974407684677,0.03994578459512157,0.44765212288139766
1984-04-01,1.0867729971552382,0.852807096554585,0.9731340291658807,0.8384381645049355,0.29699882816934725,0.7066048155761353,0.7539788214133014
1984-05-01,0.9770594952212794,1.0680065925244617,0.5478874423010724,0.292431440236931,0.05117876753248756,0.3460665355900643,0.6976113227338606
1984-06-01,0.9565242399683936,0.15027798924434277,0.41690394600670916,0.5665812106253587,-0.28459482415328263,1.2202776530975354,1.109186453525791
1984-07-01,1.2391053638117677,0.44408528622960297,-0.1725767075641607,-0.181879117814056,-0.3639914202672383,0.9587256606300772,0.6924206660227208
1984-08-01,0.9589640830654136,0.5845355477781526,-0.3442611005462854,0.09567555561224052,0.02843267715213249,1.1451266600519472,0.49616375457406603
1984-09-01,0.18993399381303278,-0.34867181183049106,0.12117721023590541,0.4138489356906536,0.17389201356981646,0.4759838872370681,0.898922273324429
1984-10-01,0.40179027884932716,0.264048311905519,1.0313324905438335,0.4283761629810349,0.7842620062176151,1.0112495961611325,0.7475801003195893
1984-11-01,0.21294048793103082,0.31346978189160946,0.6120533424721424,0.3530235234017195,0.32541230993877274,0.6889034712573622,1.0309911637514093
1984-12-01,0.292349907369268,-0.10241947039952021,0.9629323970055885,0.39564262990667276,0.9063786413508517,0.8851289289222046,-0.24320554064029276
1985-01-01,-0.3631955722713374,-0.19980792950427376,-0.10518903415131028,0.22438195755800622,0.7195300257905258,0.30552091499789324,-0.5619389296332364
1985-02-01,0.24065785728465008,0.365294484367655,0.7781948166338188,0.26657699026385806,0.8605854957755142,0.3033760188440746,-0.47975168495154735
1985-03-01,-0.4021284958974981,-0.26363081776878206,0.9527331436422328,0.2801746888759229,0.6873513429743493,0.4433511375908639,-0.16725231569212184
1985-04-01,-0.3967017826743888,-0.490249787550584,0.5968545696584325,0.11894727985995629,0.630515934507825,0.5884273734574925,0.20901877485434917
1985-05-01,-0.5592518426769033,-0.37873068251710895,-0.07239020394973142,-0.42257257429646744,0.20218036155408456,0.18654483053335122,-0.22183801835427366
1985-06-01,-0.739261314171028,-0.4074917243643137,0.11334197620270373,-0.2281139900226834,0.48098294034339917,0.36258064845609256,0.043142514244304396
1985-07-01,-0.7616782641971916,-0.15000107908880322,-0.09153805368676685,-0.2894350066770104,0.12385039954124323,0.8713694806624867,0.015610015569847402
1985-08-01,-0.723527761283495,0.2447860963812122,0.782094418137563,0.43797647013755847,0.3648476037126731,-0.007911066380499893,0.34759292950975196
1985-09-01,-0.7446153454854221,-0.18932114905430128,-0.088227822810224,0.8822431278064904,0.7016900111366063,0.9400952282957378,1.1601452913282597
1985-10-01,-0.7463309926251747,0.2826429879163963,0.4885771470996152,0.5402532798398636,0.9091392177226976,0.8262811499558325,0.6039064620128288
1985-11-01,0.008591530419489509,0.5262936603712196,0.7454171928873545,-0.24524586817263952,0.43906915073492975,0.8136077282625116,-0.3247340997556351
1985-12-01,-0.4892405035830184,0.3129630313481325,-0.3001776955816915,-0.3540691670987903,0.21241481349917596,0.2998676217351171,-0.7134169316047094
1986-01-01,0.20643502869290994,-0.1646039678576967,0.2629707410727181,0.5425038655308745,0.05884723049337005,0.2506616382674492,0.4489443732249614
1986-02-01,0.1863332762267812,0.007410666191057943,0.5191159646202342,1.0631503813552132,0.5840234596084865,1.0174685462492215,1.224343721615594
1986-03-01,0.5219042231544834,-0.14084546785434968,0.5783458497766383,0.9800128832044069,-0.5541447860866633,0.5769397500860781,0.40905731768599723
1986-04-01,-0.5505008042559414,-0.6790809292525407,-0.17494102205702622,0.4791018016888179,0.03943589063957641,0.48622107254633734,-0.2776266568621191
1986-05-01,-0.5114401597061039,-0.5370664540377784,0.3218598618919767,0.6109083519420225,0.24299451223393181,0.34478922565469045,0.06808725844089986
1986-06-01,-0.4490594681726649,-0.2557261408519334,0.12064191991275489,0.12295403370942143,0.558736174083115,0.7519186839437745,-0.781935742508174
1986-07-01,-0.11729545147070461,-0.7013018969502458,0.7312342943559992,0.32642912599771867,-0.10815059515312815,0.8622127280926329,0.2391669770712263
1986-08-01,0.1787833513733644,0.07285463297236922,0.26858610231602076,0.2698862686756856,0.4206374768336727,0.6807309192952291,-0.018987082841352285
1986-09-01,-0.041746236729478706,-0.20065623719453315,0.9741475986385145,1.310630342439405,0.6872732504481853,0.7963719652398511,1.243023458524311
1986-10-01,0.07693080704298427,-0.02915991632428991,0.751044443667316,0.5148512573368331,1.0092313109145852,0.612563338011488,0.06305871632569902
1986-11-01,0.4975999731509544,0.2524348677223444,0.10032483544844023,0.7513961689173905,0.6405454967469146,0.6377749357363742,0.41233508733976604
1986-12-01,0.3318213050797074,0.2551830959833102,0.19782127821320702,0.39188862122309925,0.9021028697796664,0.26445862547283244,-0.24476668442865698
1987-01-01,-0.1515489271435881,0.29846866356513885,0.2449967779713564,0.9095410609538842,0.7778377073756023,0.6178814285351054,0.14394055986535767
1987-02-01,-0.576308750325915,0.48768364216050664,0.17812133005303532,0.7376458521708719,0.9056598852433506,0.5366304462744688,0.44280114029802115
1987-03-01,0.1934795950054228,0.62652679497035,0.06548012024886674,0.680290021035698,0.8866792050690568,0.5156188737207421,0.16013381866808923
1987-04-01,0.5718892893145383,0.4093127629171799,-0.6533382117425849,0.3449585415898163,0.15771305619299797,0.14757933006129462,-0.9473377306985247
1987-05-01,0.215041291726262,0.23537934103765487,-0.5116736339500795,0.24588625769451677,0.7777098953727126,0.5984586490615409,-0.3682265553861521
1987-06-01,-0.13639612188026487,0.2755325203393561,-0.4768458452660499,-0.33727629121506575,0.5990987907080614,0.5304341033036494,-0.3071388230614135
1987-07-01,-0.26674283369975577,0.16987188164610906,0.07295963547992147,0.5131842026909958,0.6475787798947423,0.4639894751356892,1.029436737235311
1987-08-01,-0.4027150296209424,0.19102917983021753,0.33948030744452057,0.6767857510846885,0.6007469235843947,0.8248419186613986,0.04710655843962516
1987-09-01,0.022822780346774485,0.22707747089658126,-0.15681908621304758,-0.1310010604342469,0.06917661882631268,-0.34649391780238525,-0.7859763257200387
1987-10-01,-0.1917935330580751,-0.3961683378090526,-0.8273809858174339,-1.0515263338750396,-0.4858784352247838,0.42905021674543403,-1.2428026596873583
1987-11-01,-0.3054005756026425,0.11888510242079214,0.08850938688638647,0.1370613834130569,0.31615164007907864,0.8194117795896694,-0.4785003463331879
1987-12-01,-0.29867890570119826,-0.14713053018105152,0.17084243309245403,0.5728102298251333,0.6908499947126405,0.5961139563639603,0.3863558583595468
1988-01-01,-0.5434952828512651,0.1547434463924835,0.18006945392070506,0.5695370117671383,0.30986387771081714,0.5300009548844526,0.08949496231155545
1988-02-01,0.028879837459444772,-0.03994759723837971,-0.06322064222520216,0.36260638000501055,0.15167894696557163,0.16711036941030954,-0.02958170311422379
1988-03-01,-0.4074363502547089,-0.3369145056060591,0.24752548077802025,-0.025667733968949866,0.0831192301740276,-0.37172043456943826,-0.5729935712814325
1988-04-01,-0.8484933339461367,-0.315423798668288,-0.2768875182262927,-0.4586287851743944,0.4546037209600221,0.8975806611262666,-0.11771858629095316
1988-05-01,-0.4720548572389474,-0.7140445843558417,-1.108089665968342,-0.06220774172510536,-0.5555230421978689,0.5010586489580543,-0.13739223336224488
1988-06-01,-0.8857669652220606,-1.1563773553663992,-1.479295573655796,-0.8604955680941971,-0.013604917081417827,0.9193779211619035,0.23690360321709936
1988-07-01,-0.4191387955452779,-0.21609715095942916,-0.43412241865908724,-0.651860830997962,0.4968168909051768,0.24472099432406544,-0.42318429916352973
1988-08-01,-0.5109475733230945,-0.16185568165828362,-0.44081553214240243,-0.5497436130670973,-0.20738574255325096,0.8365878829779066,-0.2486375154115169
1988-09-01,-0.6826239610623805,-0.02228687867948145,-0.002835532758771923,0.4244243150452344,0.3530529013596075,0.22860018486365302,0.18958564042549292
1988-10-01,-0.8910773178879889,-0.38999792307664993,-0.8123977676481333,-0.8739814957588042,-0.5265699243807385,-0.40153939539461475,-1.0592298345193674
1988-11-01,-0.37795952149082407,-0.09934166967283735,0.06512962545878259,0.22645252646131359,-0.4264865681995819,0.26741744718101995,0.4232442856436522
1988-12-01,-1.1141905380911414,-0.81002641849178,-0.45942008526790973,0.5226305347491125,-0.21085518070619758,0.06534821410563688,-0.3643397359261365
1989-01-01,-0.7415069313425752,-0.3233691277003609,0.03611651189159107,0.4169293711877948,0.14005539801515335,0.2080501777285127,-0.31873330724962134
1989-02-01,-0.38316888437190894,-0.3488158903817707,-0.6040947885484138,-0.04451961986035082,0.1916159065818052,0.16824242126590505,-0.1731679332613425
1989-03-01,-0.4362241010562932,-0.1357321709595274,-0.07969751096317552,0.24946740779554022,-0.06694994417388264,0.13401352387157706,0.582561446500434
1989-04-01,-0.5952111021539888,-0.28615273957090637,-0.08799779456390783,-0.10911020705432431,-0.8138992443662301,-0.46724886613752564,0.16974790403138332
1989-05-01,0.49394090892125025,0.018133149406768637,-0.7266056594701851,-0.5257613419485629,0.16003856224819782,0.05355699491938463,-0.1389672934272302
1989-06-01,0.8480363808168108,0.5353370925300098,-0.4837083121420497,-0.48791594249146186,0.7767890378568931,0.22228288610263272,-0.3663791447043465
1989-07-01,0.7198214019985943,0.805390363528787,-0.1683238914600542,-0.34261157007202897,0.08309338741756651,0.1737183923374908,-0.2560878993557871
1989-08-01,0.5290246298807307,0.47800929832172245,0.08508012509777697,-0.0541356289532332,0.42039681785625127,0.4998241054987806,0.761616795118198
1989-09-01,0.48319994530494537,0.47662605282135645,0.0849331762259073,0.10661341502385975,0.18265071496702137,0.3689028821065642,0.014824540450856754
1989-10-01,0.4757938431873417,0.6836868819898791,-0.5212747998485889,-0.22500771888316642,-0.37027518492979755,0.26902727293128276,0.23898164767573674
1989-11-01,0.40870524685924164,0.3717014306196536,-0.7655679551804356,0.3728037797273285,-1.048968958289635,-0.5633771683017823,-0.3668661441062176
1989-12-01,-0.557017160276515,0.0628523584526523,-1.0606912226831118,0.5280801856741096,-0.637774907694836,-0.4206887667132429,-0.195892247088596
1990-01-01,0.5616968199958227,0.5851678241018423,0.41476653449903284,0.695284689181102,0.25239301394920155,0.3929774562003311,0.3827315339847479
1990-02-01,0.7352322011860377,0.6574888128688177,0.16425534267556438,0.3248569957240555,0.3103235442515452,0.2436705231407205,0.07824337026138141
1990-03-01,-0.49991456545183216,0.33390449559898816,0.19971229961733986,0.27408850296393583,0.5396765449555097,-0.22497458573885873,-0.2156319387299546
1990-04-01,-0.3351037084790442,0.12693396269704924,-0.5156211978658387,-0.21422120651222415,0.49158668282412443,0.05215776605369873,-0.2743564376380533
1990-05-01,0.18771028016809974,0.12806977628579466,0.2609735904419319,-0.23865988336029278,0.4903340790775743,0.39684159307690164,0.037134417973709026
1990-06-01,0.10660290890633753,-0.45979288653385203,0.11854573803375378,-0.16931656670855802,-0.7881743132269229,0.20278269139065103,0.37761629444137124
1990-07-01,0.41220307807871176,-0.2426188096119085,0.2505312918817243,-0.10571568403041123,0.5335155721193278,0.7585039677183699,0.17247498858766386
1990-08-01,0.4554851657686333,-0.26291358195810294,0.1250027988138319,-0.10389779825780121,-0.06456831459473576,0.28092118825892254,0.9243022250250915
1990-09-01,0.14806930926774745,-0.7431031297920735,-0.8742687394662088,-0.5377093709242614,0.29661049494935293,0.1812998676130001,-0.43161750937340326
1990-10-01,0.5076051280824564,0.1100012003820303,0.22696908869934865,-0.059163761018004954,-0.20396849457421745,-0.04059378189548497,0.28016730566249504
1990-11-01,0.2620641106822991,-0.3040955911876553,-0.0424684019511606,0.1680249293042167,0.4193056281585113,0.08921944555611364,0.28294538512950246
1990-12-01,0.8051451835105686,-0.07461842892386181,0.3886032861636623,0.26564398732612043,-0.5459652818898748,-0.302047720676507,-0.0851614784086876
1991-01-01,0.49860917041198094,0.32014969469896204,-0.19317475152350833,0.20940401933821615,0.3863283318101726,-0.1198018984228564,0.18096080392664207
1991-02-01,0.5310496868616285,0.08112878056247037,0.1420248611984086,0.7089004326483982,-0.4277281062129476,-0.5728559670222769,0.22096459880565117
1991-03-01,0.49459298903784993,0.32396927074169435,0.6123064698020251,-0.16956091225246087,-0.6900413000062516,0.48022725378429054,-0.38170884044139336
1991-04-01,-0.03943036267638668,0.6621217303062451,0.043817328902186946,0.08951723379034965,-0.13614873979085784,-0.31627859405964637,0.0615937160083148
1991-05-01,-0.06945936956404286,0.865450140506627,0.0874965328225819,0.2818366113131187,0.27775338823938733,0.12181090978114038,0.583956164773491
1991-06-01,-0.560524951461113,0.6496719737636728,-0.2519453225282112,0.0973883467622202,0.04197508798019022,0.4069486004599162,-0.036251884116580466
1991-07-01,-0.5394305499758025,0.7551562689822008,-0.05653904378988024,-0.30200458209960995,0.24277351653635307,0.19974840907620653,0.018343339653142752
1991-08-01,-0.3894721892650589,0.6197342673118711,-0.22883178980220423,-0.30914324851146807,0.09915492596463586,0.40078026835456504,0.3178094497613064
1991-09-01,-0.6481363660212425,0.42482662090661427,-0.0813439951385389,0.3503340897971063,0.328420298111815,0.2644900464230146,-0.5050515243245142
1991-10-01,-0.953935209482858,-0.035776360805396194,0.43139470370230293,-0.6035758626627082,-0.1607808677706988,-0.056758523243864,-0.3354166185505935
1991-11-01,-0.6923607124455196,0.02228348904595101,0.43144636931191777,0.72047791503978,0.5222457239852345,0.431368762885857,0.2634483371465755
1991-12-01,-0.4307491242936816,0.2674382408027754,0.38267403431608277,0.3359423091425934,1.0925230181688348,0.39675314587456767,0.035203444199877455
1992-01-01,-0.3445984369716358,0.15908083422880034,0.25566173468604814,0.8460881842869903,0.924563793412076,0.3076183020909507,-0.043900759746308686
1992-02-01,-0.2112573380363075,0.06656200034786858,-0.09689571421395919,0.725494905036064,0.7301946067096291,0.4790564768741172,0.18257657347678458
1992-03-01,-0.4162883144374556,0.10008287979865198,0.1474803597235215,0.2132272114749382,0.46326864033702936,0.2540406597267373,-0.9429615407943193
1992-04-01,-0.22190093958012613,-0.15868415946930828,0.05135001763707357,-0.5113394267863222,0.2302967382036648,-0.18700023702406027,-0.681959817881127
1992-05-01,-0.5855130624692063,-0.26711786803672277,-0.7310718354490893,-0.622389473002121,0.43238262182892484,0.31925538470777115,-1.416899967774819
1992-06-01,-0.42615131905821274,0.39861845276020325,-0.5219734606099825,0.17000635606522843,0.6952596625306499,0.2304772693606268,-0.2675929992813266
1992-07-01,-0.3918465933866623,0.18193225082481704,0.7093885437246155,0.6076833262896435,0.40957681082164127,0.37202238323765313,0.4661916818307151
1992-08-01,-0.15110667204354547,0.4428604343401932,0.20368120493883446,0.5706979497782941,0.18352123735952397,0.731837018858759,-0.004463656506777557
1992-09-01,0.16692976105144164,0.40623806199161255,0.18137885560711753,-0.2721781705513075,-0.5064280444661484,-0.3677424725419074,0.04012850811101441
1992-10-01,-0.16116297054934892,0.07018699255292407,-0.6066475939070329,-0.09233983793110426,-0.7147198513567304,0.18947206786382068,0.08369043851538653
1992-11-01,0.1717808578125015,0.5650274139401089,0.8532400744926387,0.4711501037783543,0.7633106255503225,-0.03276382407840405,-0.04529279964196632
1992-12-01,0.23690117866204924,0.36322991349607714,0.1533856776354913,-0.14157567478586908,0.6031427519454993,0.5555090757168151,-0.5644642401120422
1993-01-01,0.36331627490539997,0.774337392908401,0.38085927132315256,0.056141851952629364,0.4112249062563027,0.8444500246092707,-0.45187360441725266
1993-02-01,-0.7397435238389151,0.3305074478247318,-0.37318213956774177,-0.34867537250970365,0.48705357846443875,0.7030857471731965,-0.6313517214168333
1993-03-01,0.3922842838767563,0.6652390027071972,0.3338623054236489,0.7934905977000878,0.6793941078012239,0.7388209995626323,0.5114317102508298
1993-04-01,1.0942713528875965,0.7702936899608368,0.8811790725571949,0.3013016601411926,0.38311154434356953,0.12832101126952186,0.5538834169951675
1993-05-01,-0.03246988950915413,0.5887790619958676,0.33539406345494627,0.3891426709967784,0.5227786962823696,0.5166862633074849,0.42700740957664807
1993-06-01,-0.10705942176039118,0.019466408292324898,0.6873163372427821,0.7978954872653081,0.39101992881786274,0.8223875984775888,0.8244031896104966
1993-07-01,-0.4392139758366268,-0.5057625826385934,0.8633334683252122,1.4608413417330393,-0.23998229697327003,-0.1155466536959769,0.8160815185098694
1993-08-01,-0.5746728145235631,-0.05592776805158129,0.7222130062860367,0.9841182021049374,-0.08893754476896189,0.603781605286183,0.79104327225953
1993-09-01,-0.22236259644324186,-0.0037182502353051232,1.0063853007414878,0.35746172072306776,0.380313697861456,-0.14300970312361896,-0.39072213830998
1993-10-01,-0.6240214381369574,-0.016267938587673867,0.25862068302661245,0.40306248939101025,0.021513192514680115,0.3907842832522698,-0.2095631949544171
1993-11-01,-0.36705969459324606,-0.010175932433600416,0.47740358452749293,0.2310069130031404,-0.010734005585867573,0.2007351293069082,-1.354780298409384
1993-12-01,-0.3879764486964837,-0.06434160140515431,0.38032876363207985,0.5137003801305134,-0.008417918855257576,0.06605140681343695,-0.1571604741574353
1994-01-01,-0.4077613726019978,0.1382260241404188,0.28792270455083396,0.5032008028526124,-0.3648380397024722,-0.053833530157176616,0.05521776931046473
1994-02-01,0.1185748201820303,0.2345358942536234,0.5907030278143729,0.17545353828349333,-0.10619798328735085,0.3866930353187853,-0.2525990509034564
1994-03-01,0.7421419922010551,0.45614187164418146,0.27520772912410235,0.4543993512345752,-0.3080989006381143,-0.0357067672046553,-0.3798159679425722
1994-04-01,0.8591966516442888,0.21211259411433012,0.44050313984092787,0.3398098579819592,0.04664973656493216,0.42732669259002243,-0.1854773046996406
1994-05-01,0.24940021274479063,-0.004548705962455833,-0.10109154694713912,-0.41063419633716824,0.08660960050322772,0.44678537229602794,-0.21148573179696376
1994-06-01,-0.12424905209734226,0.06635356765302633,0.1251212974246602,-0.1108069411239605,-1.1569170806829945,0.10204890034850488,-0.40420446237313445
1994-07-01,0.1371300299840833,0.4978688577772804,-0.21936469614109314,0.24570359794056645,-0.6463062765342467,-0.39090275484131926,-0.3162298178077808
1994-08-01,0.5172554822018788,0.660060815128413,0.056865617676144425,-0.1767377761678472,-0.10984064328137966,0.3343261086300196,-0.5684013624236525
1994-09-01,0.4912905648420359,0.30214140622643426,-0.030475760481886487,-0.40078951239903393,-0.2931218305256117,0.05045219735515175,-0.3196213990238241
1994-10-01,-0.2335752020519627,0.5071329390222792,-0.2970252511806476,0.8486803062835878,0.15695360833086963,0.46752930401717574,0.14683558784594028
1994-11-01,0.08267444422624431,0.254584703616373,0.4018676545705446,0.043168497430119496,0.291869255241594,0.6510413477080945,0.05500656540811033
1994-12-01,-0.07392453061796304,0.30537100977442216,-0.24916574936380875,0.5696096288505207,0.03423378973927861,0.30013287217184664,0.3126953295914026
1995-01-01,0.28992490051561254,0.43408453218302023,0.25871280021962934,0.6290954108583678,-0.23087049187576544,0.8335250023105871,0.8245893223408601
1995-02-01,-0.5546745764268715,0.1596184402688091,-0.2149016549149774,0.8359677979395684,-0.9733900999268792,0.24028117782423844,1.0930727662681536
1995-03-01,-0.5434035347777496,0.28006647019639136,-0.026047424286901464,0.11493859665602019,0.1187557412379074,0.5325807450948237,0.31286867202270957
1995-04-01,-0.7927494114042234,-0.07454668402390983,-0.32466529441611025,0.03183675557437933,0.15520720129549256,0.5518207931823167,0.27172461977468476
1995-05-01,-0.07542502948705372,0.02622411869619813,0.5783487433284696,0.8545968327405653,0.549364782618251,1.046760071789311,0.6876800429800136
1995-06-01,-0.40518949626645356,0.3321404017017603,0.13193720066026016,0.6290150230531066,0.3968834586742992,0.8275385233901867,0.8431826569320032
1995-07-01,-0.4198701216214437,0.19344777306950495,0.2093440091211211,0.7017764952850114,0.04690109705633621,0.0867415733303154,0.4200202961755219
1995-08-01,-0.683754651462897,0.34847835084599565,0.47138211004949354,0.6319591296851205,0.7908519211352504,0.4329581285701489,0.44706399255975776
1995-09-01,-0.7750863242726975,0.13578909857313873,-0.41097509854785136,0.46485114558067975,0.5081159983841207,0.3775716991154633,0.4064421199641574
1995-10-01,-0.060050451304191343,0.4765721343702581,-0.050341669723721776,0.6952224359240701,-0.7150617180839226,-0.45803546242339943,0.300543528184531
1995-11-01,-0.10476790593438338,0.5950085736842201,-0.14160208527786297,0.7511485159616106,-0.3467796364044209,-0.29340064350614736,0.863762101060463
1995-12-01,-0.5966181769875313,0.29786513557826066,-0.5503185172709134,0.7382238104845504,-0.20117248365060983,0.045072467675830515,1.3922999788239985
1996-01-01,1.266952357906888,0.5275586238860723,0.6407963970012842,0.7294970966963501,-0.49867098139054983,0.20653410559479124,0.8202788595714712
1996-02-01,1.0540025523767684,0.11691196678726212,0.1684225258399772,0.8002492113142308,-1.257290725467217,0.41629666272155275,1.3751449415232118
1996-03-01,0.11691689221372525,0.2722693253543099,-0.39881476884253686,-0.2198407631026547,-0.6969897421664413,-0.033019008590465214,0.5584853771942938
1996-04-01,-0.13678878241776735,0.19984297980872115,0.4789394465882576,0.5204029322143158,-0.5195597402787674,0.017518431121888094,0.5649239109161116
1996-05-01,0.6599867025652034,-0.04912375953780838,0.8506535868447201,0.693399658972942,-0.841298198727465,0.21495030065818052,0.8973178655829106
1996-06-01,0.5748462166217415,-0.06412389725400118,0.49367286458350607,0.06690717437685827,-0.4241364270378829,0.41253066699121377,0.08458203031442207
1996-07-01,0.6627449838987286,-0.01958145876359463,0.3751567641860079,-0.06723796530410846,-0.032082954150475046,0.15781712636081144,0.1854729451730438
1996-08-01,0.7611820440657832,0.2907897912578666,-0.36194518939580445,-0.36535732877546984,0.5000695208801091,0.14176311022337804,0.1276227946189418
1996-09-01,0.9180781147054315,0.4831960057235729,0.47614820043781253,0.7173627414353682,0.3220068768175285,0.5285449409211529,0.5323239460985545
1996-10-01,0.9150772303286983,0.2745707033651321,0.36288229917711157,-0.04623128340810555,-0.3724763909929029,0.39683466070017975,0.6374819365240842
1996-11-01,0.873993091863439,0.1516111004171209,0.4537311460528623,-0.24465481161372393,0.2048465839824686,0.5758241232028269,0.6989841935678793
1996-12-01,1.1481621715762973,0.18691959484311046,0.22840106772787772,-0.007268627264712879,-0.4718576882612979,0.32916700574884233,0.9496481106568994
1997-01-01,0.5229033030340684,0.14699617003523952,0.30097533404663623,0.6048315244903627,-0.46664830877001584,0.8628006606735227,1.501161146273113
1997-02-01,0.5978579062611652,0.24641277429044525,0.5522095983518703,0.08446792218806919,0.47532909385500866,-0.22378266749694337,0.3278737860475969
1997-03-01,0.1681570652011934,0.40680696991241894,0.3735335054260644,0.29931698682599317,-0.5237791672698029,-0.2507066906861582,0.5835184766246272
1997-04-01,0.2526909231395593,0.2048269610533393,0.46736403624446593,0.6008342986581432,0.8297805246588982,0.30520499170347654,0.7651843635831743
1997-05-01,0.3316525405818062,0.13282996128521646,0.25769733880403417,0.2200076114612253,0.10685220972573534,0.07361197313782275,0.5096368296619938
1997-06-01,0.3157448897320072,0.6219163378249206,-0.029037172819536328,0.22659659136568516,0.26390026355077423,0.5905966012797854,0.7064901868131731
1997-07-01,0.20271357690955275,0.41492592542479845,-0.09849388676842288,0.7221842476118248,-0.36396360878641726,0.17536701563605228,0.9146412260582308
1997-08-01,0.23461406970117196,-0.010738125529630976,0.3163762902362387,0.3018942747938016,0.40652862078459073,0.47594161436195165,0.5813607132519213
1997-09-01,-0.07911239720150436,0.21025006603953902,-0.14465200671733644,-0.3102967206367793,0.23312987985568956,0.7265796723464246,0.9474203125303898
1997-10-01,-0.4998246013496861,0.12714529322524332,0.03200637588258947,0.38360602684104644,0.515759347011993,0.21123761267611862,0.8786788348753097
1997-11-01,-0.04168683745100385,0.13917668624444152,-0.3585724307477892,-0.035058441904904446,0.18494912398852636,0.2268887935532131,0.26219751506081784
1997-12-01,-0.5917039437150543,0.10012028076569969,-0.13079493251206983,0.42348781344489467,0.6231436748281431,0.310405539046628,-0.0730269785425112
1998-01-01,0.30978784540521653,0.7022054884092555,0.5024745490069809,0.7218650371771339,0.4218524447463614,0.31348908450945495,0.49075248904744423
1998-02-01,0.2249578075728047,1.0737086680357546,0.5322240926448215,0.774191116926569,0.4484967247081928,0.583772363134739,0.22206356680057082
1998-03-01,0.38641357833293505,1.098481453580176,-0.14700760161460139,0.048923575421935574,0.6856488315078437,0.4912606121912174,0.22370153554446187
1998-04-01,0.01629708374190924,0.8995314791601167,-0.16847088703415153,-0.22134601787849512,-0.029807491689247748,0.58797514748559,0.1299239786417716
1998-05-01,0.3265938896149988,0.6889948770228012,-0.047200492673226374,-0.6371704211585438,-0.8599752803311718,0.33972570810320357,0.931601759231386
1998-06-01,0.2616897611176853,0.26522800576362493,0.3260335842542658,0.5583013449805285,-0.5641790154734709,0.41692489861026877,0.7778241273997812
1998-07-01,0.002317611922207112,-0.06506025901166483,-0.04275348224211573,0.3080638131813207,-0.33272736423464433,0.4952466001743591,0.5498821291292062
1998-08-01,0.013010517840364996,-0.04376481928564565,0.11815350714594423,0.34443383919311477,-0.0012364129282706516,-0.06968486490941288,0.17968242231625783
1998-09-01,-0.7645183247537545,-0.291817558333513,-0.515684813677575,-0.3293661917046561,-0.22937489578670703,0.25618307255351164,0.5397039929828704
1998-10-01,-0.4371685533101753,-0.3493493233650367,0.312376780617083,0.7683742130401897,0.7216687357947917,0.5572657665031188,-0.24097328632833864
1998-11-01,-0.9652369235683366,-0.4758959594552075,-0.19719120888042488,0.5669554907001028,1.0363932506630087,0.6562175856151784,0.829066320421595
1998-12-01,-1.1508541736438855,-0.28686530447650266,-0.3230066763018835,0.4550252576952146,0.4071847949401778,0.05189569357125036,0.9383612076053665
1999-01-01,0.5349160717056617,0.10386193693769381,0.3580466228294387,0.5702833702759914,0.38294354614760195,0.06673481588201381,0.646729896638318
1999-02-01,-0.3079344159932744,-0.3644524237059667,0.35104247907180963,0.45515005681253456,-0.237946850276885,-0.09601870259065981,0.18901900354213602
1999-03-01,-0.014917173540755477,-0.22822564601539305,-0.28006589656492975,-0.2338686037532627,0.5342951648967812,-0.34455996253646304,0.5508291664497745
1999-04-01,-1.0579154192712028,-0.503931744662668,0.018568357666850707,0.35124201698725865,0.6647012928332495,0.7952919158904704,0.3674551550151664
1999-05-01,-1.3103424733655478,-0.3181742496636094,-0.23702423215559004,0.6541807606635689,0.42198492695162915,0.5136929845523028,0.3422968506246565
1999-06-01,-1.5747308874344506,-0.21623150811110128,-0.009577621138257764,0.3040756322357018,0.43146197920944507,0.6473665187182096,0.12076432977903707
1999-07-01,-1.5232523013710864,-0.3133340071906471,-0.21007810028072643,-0.0400846334195844,0.05234510079158526,0.722392492463821,-0.11095234677034331
1999-08-01,-1.1882664528511235,-1.084663054550686,-0.45262838822089296,0.6103527200134921,-0.31190419704686556,0.5581517509140825,0.7325720410019407
1999-09-01,-0.685121100403587,-0.6136729711628337,-0.4526973424123993,0.4190605600170324,-0.24926581419857555,0.1863167933779156,-0.5497555769454551
1999-10-01,-0.6896463945910642,-0.2710742624012007,-0.8209710541733869,-0.8398303639287976,-0.33803185858677237,-0.39689390920270484,0.006594778706151179
1999-11-01,-0.716295900884386,-0.4312994031410903,-0.7990577819539291,-0.44268248119441334,-0.6525472146129331,-0.4292193226304412,0.041343299611812795
1999-12-01,-0.8033735043816412,-0.6021855027337418,-0.061987905189928076,0.5721647227283201,-0.028708043008381857,-0.3970764729564518,0.38395991235746263
2000-01-01,-0.6905863931560879,-0.8000656375452816,-0.27946254476088966,0.4156394011414292,-0.4669520116526154,0.0695948635389778,0.07245681036810407
2000-02-01,-0.050974178824450864,-0.8249720677110669,0.24317956635583493,0.8135165202974034,-0.48882225253067146,0.17763967615400755,0.3061087905580245
2000-03-01,0.12180064240507338,-0.8322653426537224,-1.1875375487329412,-0.33096531510827676,-0.12229001337672865,0.32825125828619084,0.0935765722841924
2000-04-01,-0.18206453248589255,-0.4116347416459727,-1.1633117091185377,-0.5013346102328761,-0.5443762093096838,0.0029933605933944387,-0.2056391712680874
2000-05-01,0.41984782928553516,-0.8303317288555755,-0.4758040256440736,-0.06948215307803939,-0.38202275523537615,0.043657696157432285,-0.20235282816252675
2000-06-01,0.5758705354805441,-0.5551114341066519,0.0034116604212829898,-0.29532356804269655,0.16320423711950946,0.4191598238690439,-0.13857494280092356
2000-07-01,0.37126489780091687,-0.9563044679108158,-0.43941823391143436,-0.030708973957786802,-1.0345659210286793,-0.18922279072310985,-0.12964297786140505
2000-08-01,0.33148937433294473,-0.9364511534619702,-0.7244029822327378,-0.9252642676472239,-1.4249822221156558,0.12367209521821114,-0.4855357082640006
2000-09-01,0.18282936444268508,-0.35059415324311416,-0.36801446996732745,-0.07090234299881518,-0.7135792471385455,-0.2617378698748187,0.3531295879489068
2000-10-01,-0.38969529428068517,-1.4367773980944567,-0.46944706161288996,-0.19546412621589235,0.4985159039724479,0.8618053502705975,0.6933091769687534
2000-11-01,-0.37781155816206313,-0.28540986470250157,-0.028046099032526195,0.16677969112829238,0.38747198165732744,0.057834498290817604,-0.939742188911861
2000-12-01,-0.3563571360141737,-0.7871372892868087,-1.1838056167296775,-0.30150862881005636,-0.2656289548271446,-0.4979214909232762,-0.8087562506536627
2001-01-01,-0.9153571699449105,-0.6575692326304677,-0.4223676177352427,0.2765444126437792,0.6491831982779593,0.1468465559471963,-0.7551053416533221
2001-02-01,-0.47811360715520657,-0.6153633143549844,-0.03690887689408685,-0.31882556553158137,0.6475694941104312,0.1615248119712459,-0.6749337960358769
2001-03-01,-0.44133155183839273,-0.1743117286769576,-0.48254546510889984,-0.28107727977289493,0.8297621845782206,0.20633960169008597,-0.5267653779128966
2001-04-01,0.12239307308050548,-0.4786480911360701,0.14880992642557575,0.2486222069000174,-0.05321789798517228,0.20364783123749905,-0.378166829731619
2001-05-01,-0.8189591040752737,-0.7727643948653684,-0.21417203005883254,-0.6997753195549082,0.2794891529571272,-0.024673891215697814,-0.8122899921503792
2001-06-01,-0.5889953727964361,-0.1850476409756826,-0.006907277547204212,-0.08913790688862931,-0.3411974901969446,-0.007847029971648153,-0.3793161484249732
2001-07-01,-0.7885707450834235,-0.2760082383299996,-0.1996645343799477,0.10597585969938604,-0.25829614792112926,0.06758975940249977,0.14720689105940526
2001-08-01,-0.6803776495854914,-0.3719548351936048,-0.5955620294347346,-0.7399911015131677,0.1918491041700502,0.1110658327876234,-0.045439096952316245
2001-09-01,-0.6050027562890623,-0.13199966760480847,0.10012953959245112,-0.3128943323108072,0.3472043934671684,-0.32970608928723477,-0.16719911619354583
2001-10-01,-1.414240445839241,-0.2874107286692571,0.2840791942779221,-0.27922026401605404,-0.3137971980797311,-0.368604162196792,-0.048811912125946884
2001-11-01,-1.4418058837444148,-0.5331160379462745,-0.31249581724170866,-0.5647879069912155,0.0973358732965943,0.12827729783307779,0.0965332076737483
2001-12-01,-1.2817625522243745,-0.1719093451599846,0.14542161337436252,0.2740648445719715,-0.06027327387265436,-0.0754699004731769,-0.15263255305694412
2002-01-01,-1.1196187007168388,-0.14467716138847417,-0.2338604642483287,0.7574948697594415,-0.4032082159437703,-0.1628623336469674,0.19058219273570226
2002-02-01,-1.0195675247711586,-0.5437132092219086,0.02725655840319862,0.3422294697366581,0.2171420322520356,-0.4740460241948406,-0.1553473470765511
2002-03-01,-1.1817363323242684,-0.43174427400699233,-0.6713626749735737,-0.7390127047833985,-0.474514309819627,-0.6098282934930559,-0.25160979782599585
2002-04-01,-0.8874167773367468,-0.3668333395793418,-0.015503299240967838,-0.31969531309080124,-0.1062389560081905,-0.7527290795023028,0.1788962888904664
2002-05-01,-0.6713355485181746,-0.4247528590933894,0.21807599056801552,-0.4800331440788145,-0.5259933969655444,-0.40067461787893854,-0.1801574462888621
2002-06-01,-0.33244066009411943,-0.4370983969757134,-0.02587761154644067,-0.3216778045152646,-0.17142075325178438,-0.12309839134111795,0.1270369615080005
2002-07-01,-0.7562874755035613,-0.38280264808459585,-0.268338198895024,-0.5213915767015732,0.3073501435334858,0.06717900304437,-0.06277724844544132
2002-08-01,-0.8916057457032535,-0.6042766815139824,0.23894904761327235,0.029822343453034684,-0.17571091878819167,-0.4657494580753783,0.030211853609520656
2002-09-01,-0.4160675151310594,0.07572895130195872,-0.3329265934311448,-0.19866594858773434,-0.13483377297250337,0.408646943788483,-0.031978642795287046
2002-10-01,-0.44276626949647735,0.10447680378496826,0.13006149011665263,-0.3617303138590162,0.7352686003376957,-0.2893211128107564,-0.9244815447979057
2002-11-01,-0.38226100139200503,0.16525973032770527,-0.9852098932959774,-0.19461497024760813,-0.35181261022076676,0.13207037269355515,-0.5161784920452903
2002-12-01,-0.3386961310199619,0.4187875092595149,-0.3350309850125849,0.044022633160470254,0.37435260771306184,0.12402125078784215,0.14633669275637678
2003-01-01,-0.7459096880065272,0.03183777615555059,-0.38623307395196504,0.7331149801451595,-0.47864962290952645,-0.1484545356748155,0.6872362658191958
2003-02-01,-0.9447312323085109,0.4170374519839458,-0.39772877483775243,0.20154260742181776,0.14124927931457115,0.11364514682633267,0.1850505170544205
2003-03-01,0.7137040178332835,0.33643617146251054,-0.4498650513972531,-0.0030118636816533323,-0.02507576433225993,-0.09073168894304916,-0.08077298381773144
2003-04-01,-0.11292945893812295,0.36916780929244647,-0.856527574630162,-0.36747726504008066,-0.23741280260355563,0.02280079540764763,0.41590851577608007
2003-05-01,0.14799339846725307,0.6072235659201762,0.06902907961651222,-0.023436811261290953,-0.752134621016344,0.11580630833985961,0.17709608389056658
2003-06-01,0.33969886462053694,0.9256404637445598,-0.14379027041712855,-0.35969199786649786,0.3275978676824095,0.015707073869023078,-0.9081962452428282
2003-07-01,0.5409080445543978,0.7992143831586295,-0.37838648880252196,-0.6940104890032589,-0.7978470670620744,-0.3872986312826638,-0.4535713653056054
2003-08-01,0.7095254180940125,0.7108844297188115,-0.631172374776064,-0.8176050335119737,0.004821170252354758,0.44301485378115324,0.1745850397081521
2003-09-01,0.766243774782003,0.7343131006586363,0.4375422867992953,-0.14645572776951793,0.4396897810605751,-0.19032459465548718,0.09608974016941195
2003-10-01,0.7624830970533261,0.18001783197506147,-0.6358040303452072,-0.6020132350771302,-0.33614571109263447,-0.5653158061785888,-0.411553648020124
2003-11-01,0.9838216872968469,0.37272765261525975,0.18940836459284674,-0.012771847737759445,-0.1384372262577528,0.1887692383179272,-0.11559423292768999
2003-12-01,1.3723544167982744,0.16502800206861085,0.29977915055339666,0.32709121537044533,-0.5569854612312554,0.044021594482074995,0.2941606957465863
2004-01-01,0.5785207454955091,-0.0069610795178187,-0.18537125094090937,0.3016641201786191,0.08394790740607094,-0.23262170919705366,0.01287895101565402
2004-02-01,-0.14478224098122694,0.2731806303518173,-0.34489120263996187,0.2198603010539322,0.16979845374759694,0.21686509564120177,0.10364280826288365
2004-03-01,0.6019984152841631,-0.13380855527674962,0.3675606632574351,0.11709806642439419,0.3588170871919252,-0.24270559309016723,0.0058600849217643625
2004-04-01,0.34200237657288146,-0.13875070645466983,-1.1184313431785915,-0.793208743964276,0.4144802519874066,0.27943907108661803,-0.20978003140544935
2004-05-01,0.29568380173851305,-0.008911839948520432,0.13706669874791774,-0.3161875354234322,-0.49030206144326904,-0.4116595090564287,0.1035799095405651
2004-06-01,0.3296881768430454,0.2901238546065076,-0.21237465781662085,-0.2808022783510774,0.5836986960801394,0.12732543768613194,-0.04123593027845882
2004-07-01,0.3680556351673918,0.31084432637716636,0.19593133852632869,0.044996903726018805,0.6289432486145784,0.05155314067729745,0.12111877051921086
2004-08-01,0.43966532884988935,0.328776818512126,0.23676217365449145,-0.11169228314194694,0.0168673915222477,-0.05084194186297776,1.2421836302281077
2004-09-01,0.9980381083706964,0.54174669311088,-0.7589952012747465,0.31749078834009065,-0.3732640243723538,0.22417874826839815,0.5806234304689545
2004-10-01,0.8413298761399648,0.6464601352152127,0.25990169693666193,0.1251364928631863,0.32570676132727405,0.9833956321642706,0.9532317985195187
2004-11-01,0.8255742303151957,0.8090511392279536,0.30062156886196534,-0.3579770408578096,1.098566826291163,0.403060564770025,-0.3715241865332846
2004-12-01,0.5578029059976762,0.7382018824763087,0.10806303754900039,0.3869785210696465,-0.012105814077648033,0.47354275829014547,0.38377726806166895
2005-01-01,0.9151382361202539,0.5294287309376589,0.830064523246611,0.9014588857875507,0.5239829644033699,0.7475883729290671,0.20507457880927532
2005-02-01,0.3490909282996571,0.23139816593946771,0.5160771861166521,0.14242542279770692,0.5023040747586129,0.5289895261409506,-0.4489435096503953
2005-03-01,0.010038241759434734,0.16305986731199915,-0.28317210357738465,-0.6138143288759991,-0.02871659749347627,0.11378658397135055,-0.5426425697897521
2005-04-01,0.7471549322931351,0.521849859791961,-0.2692672765511139,-0.4472380553952055,-0.7576963590701055,0.4453786580736466,0.12873686945835036
2005-05-01,0.21892902335835066,0.17518713558799406,-0.5711473563006941,-0.07916763335033432,-0.21856871172902587,0.5629663125329482,0.7862609325265089
2005-06-01,-0.12345303646276844,0.2838931715716601,-0.4659210760546571,0.5941561915640989,-0.3093966778255854,0.6859572296563605,0.3899195603514553
2005-07-01,0.2632858277850953,0.6049211407193988,-0.22729702072989136,-0.13181320247904918,0.30651076195537474,-0.014449981861243737,0.09349318523526548
2005-08-01,-0.059374865168826514,0.5763940971052522,-0.07494638901291843,0.2921562843376493,0.46454819336462366,0.7322975343454183,-0.17459849965529425
2005-09-01,-0.2854409757981336,0.02169713012187765,-0.09800826448746125,-0.5790168234667252,-0.9350566610985569,0.019179774706917445,0.08444020730677232
2005-10-01,0.5646102219095425,-0.42114338462873147,-0.9887214497144328,0.35343810006373977,-0.31907068676706896,0.4641924218720182,0.2751643773860762
2005-11-01,0.683788575888517,-0.1551504891164281,-0.03372954000779345,0.36597647985247794,-0.8123890666027299,-0.11908402390442811,0.5280623339425787
2005-12-01,0.6643206271155879,-0.304810795849446,-0.6676098755667764,0.792428089816021,-1.0366491586882842,0.0013305048978143798,0.9062382068673053
2006-01-01,1.2997754755483526,0.011613299302053154,0.2875447132840033,0.7364863097800857,-0.7004426577578465,0.2202036748061465,1.2429924882686707
2006-02-01,0.5874407319567397,-0.1788644015174915,-0.8107816839382753,-0.03578062809554172,-1.2092438240817394,-0.5905023394245268,0.02853722615853732
2006-03-01,-0.6152249427245031,-0.7089916871561434,-0.2918249257051038,-0.09255379090005308,-0.24640938585796554,0.40149982646582144,0.16007436098764655
2006-04-01,-0.4569312528008485,-0.6802950106748311,-0.4029396424254878,0.2942269799624893,-0.4549525076024049,0.487552061725258,0.8794209255630634
2006-05-01,-0.20698756560528944,-0.5628666061104968,-0.4743001417019252,-0.42751269309276857,-0.7652664944501847,-0.03144465112544981,0.08457904494743021
2006-06-01,0.375943383456184,-0.5806705167798234,-0.556280286245638,-0.43809959551856115,-0.6319307710295129,0.4788537859732225,0.47536979236545485
2006-07-01,0.5753321159964239,-0.6171111746971749,-0.4205659108615799,-0.44811534658350327,-0.45499335331610447,0.7430788100558262,-0.0031079787431817136
2006-08-01,0.4256808998155524,-0.7983621790310805,-0.19412924147365868,0.15919986153040178,0.20807224746217237,0.381298890730441,-0.3066930843707079
2006-09-01,0.6333646573153092,-0.057109152895595636,-0.10120419524150202,0.5924284863880112,-0.3172330043469925,0.3436526582131048,0.08762188964106928
2006-10-01,0.6477936185884892,-0.062414408889997,-0.16223217189450662,-0.1396456567856694,0.020865231140178693,0.6414247788452773,-0.36555370119296793
2006-11-01,0.8919281862216161,-0.1892702033876463,-0.4615002280783404,-0.17323783486154862,-1.1280837007673652,-0.32149222932183485,1.1508243231536621
2006-12-01,0.5063497688867583,-0.3866048956423186,0.4387613198118018,0.3055651266560434,0.5558998727818502,0.20582934122044663,0.723861793299849
2007-01-01,0.6618452427054491,0.053138115267339324,0.41479020988229254,0.5034347620654906,0.36789460673456803,-0.016073524157878535,0.15609112582846132
2007-02-01,-0.1948170449093054,-0.47149222810995106,-0.33501365948633743,0.3456714772220457,-0.39102858316869776,0.2877399351731286,0.46195608962304585
2007-03-01,0.5787822466359812,-0.6422283401458484,0.18381216581135118,0.22054786173312185,0.35639963262308105,-0.08028507252385018,0.19977812433457093
2007-04-01,0.4205845185923786,-0.6757710999970976,-0.2578274654269963,-0.05239343201785819,0.1804759272281612,0.049123627537324986,-0.1742892352761002
2007-05-01,0.28314432530260814,-1.1334423833109564,-0.5346634144774978,0.3376596379727809,0.4333127483307053,0.1784594353527846,-0.6015911315396637
2007-06-01,0.13678293920926715,-0.8035431909452475,-0.49928522260828956,0.3475153880592239,0.46667185371126546,0.2085083687200558,-0.17895226342169604
2007-07-01,0.03171491946667752,-0.5803556017743811,-0.3938727264796051,-0.009541843878540316,0.7753506284286998,0.4738159265039893,0.07260692625062753
2007-08-01,-0.027763453428133314,-1.311130978538431,0.3949713956578838,0.3392373011862024,0.8292162266404955,0.29946135864936263,0.19476075306281634
2007-09-01,-0.6123564124510971,-0.7817750909371102,-0.2899032552223075,0.17422991334653437,0.20941351279600637,0.3957537043739905,0.14496975046673827
2007-10-01,-0.26968536666785015,-0.28364192313924025,0.150333839288381,0.3004650434092391,-0.06800966300046611,-0.058088100748440834,0.9499958651582641
2007-11-01,-0.4352250344933705,-1.1015471767263156,-1.0518935704397858,-0.6430293723062711,-0.22271300034339134,-0.7244417825243957,-0.14566989011680584
2007-12-01,0.08052588327931272,-0.8009844002080111,-0.15481266770316326,0.1929197969793042,0.23396044634456825,0.5322053660428593,0.3630052749695656
2008-01-01,0.5110840863336952,-0.9012651768103009,0.2893652226430156,0.5010687416306953,-0.2678933978597792,0.34791888483199596,-0.23998742748045696
2008-02-01,0.25914653801164167,-0.6558246853958614,-0.3502781722768082,0.05951367649433049,0.07079076117135934,0.18558519422935046,-0.35170264835058046
2008-03-01,0.05606857991789154,-0.5231237152190724,0.1259546505172745,-0.31934394042439734,0.2132779247592372,-0.43146984205669264,-0.23029152125986854
2008-04-01,0.6162348132618077,-0.19487684593721108,0.790613587146273,-0.13272938617860922,0.398280971849184,-0.4376423768792467,0.0807854847306691
2008-05-01,-0.09936140609104092,-0.33518514588472076,0.2724080200032619,0.6234732494514494,-0.05863788440081766,0.29877653494876144,0.5179814431625153
2008-06-01,-0.21795622007582888,-0.8006661574321229,0.3996398129569589,0.6525246641098073,-0.4232829527286524,0.15396181009073395,0.3575798680152835
2008-07-01,-0.22169734839621597,-0.8041183508350268,0.15484442875763546,0.019019371144730093,-0.08987744029319983,0.19183956684310854,-0.12856377455835966
2008-08-01,-0.29982990256414155,0.1605815688961798,-0.4803287974123922,-0.022717305072161017,0.7357382781391806,0.0811472374532976,0.1344841416480342
2008-09-01,0.22782667589270156,-0.3857852532108341,0.7063792154543589,0.47315856529186917,0.35127207886759654,0.06819681239567588,-0.13937270018967302
2008-10-01,-0.15176028459399535,-0.26964570869996396,0.009147275827123217,0.5359361094875038,0.1437342825678098,-0.07342712220126497,-0.24095377696767992
2008-11-01,-0.005347701355953563,-0.48383978996361937,-0.2210263362058753,0.5627810545605751,-0.552612189387806,0.19022279614853838,0.3805789329931411
2008-12-01,1.0167882209430203,-0.01869537962956682,0.6664271914528203,0.27469636312096996,-0.8319369402701801,-0.007221536267409895,-0.30090860622976534
2009-01-01,-0.13543588787602162,-0.24055232539077653,-0.5742759192405044,0.39343773146920713,-0.9224556096273686,0.02069813824897081,0.42674194423856815
2009-02-01,0.31002846058911365,-0.540448132691542,0.8521546942495326,0.3188064603746733,-1.070613438550071,0.16662728636143123,-0.028142516884392024
2009-03-01,-0.013521365221002349,-0.09796889212265733,0.5575624614740639,-0.030451632380109714,-0.27790066552770465,-0.45575416091833076,-0.036336785328333766
2009-04-01,-0.16940213475861962,0.17454886255646299,0.2043024063768397,0.9423699012480372,0.3798037657963015,0.12133117204534477,0.10415104276280002
2009-05-01,0.025020909702996027,0.6454953953156981,0.02747903214681692,0.12215972641109225,-0.549734394989422,0.44243752087255644,0.3365321869273607
2009-06-01,0.061371915953204,0.31385168075708675,0.12651057178945424,0.6128197545104648,-0.5075933638942988,0.7272882548928363,0.6310419654090144
2009-07-01,0.06647873883055248,0.22421078135559222,0.029082302352446562,0.6363141837118756,-0.3345886193981571,-0.08529828405010402,0.23953994224561528
2009-08-01,0.48468469999274283,0.17961952046155355,0.11372634961960011,0.769330064672598,-0.5129913735588393,-0.33671383693498136,0.6573256275953756
2009-09-01,0.30709718215945875,0.5407412589023869,-0.22177225843193973,-0.3623880411163838,0.20799209451889208,-0.06915872589805439,-0.42153012415852925
2009-10-01,0.4579993593400907,0.7775111078301084,1.0266020515818062,0.9861977747102053,0.6949188404905551,0.15516787667048595,0.652795195964842
2009-11-01,0.15592504858588047,0.6515577727942246,-0.17865408007395142,-0.258389480862171,-0.11955539919812386,-0.27597469671978664,-0.0028655687635865453
2009-12-01,0.35580459145646354,1.034520814588597,0.0346084850222836,0.026462732599485134,0.2954197068875262,-0.03633380815497351,-0.26871472155239234
2010-01-01,0.49165794797580353,0.9544283558321305,0.43306852878600754,0.5520641078637115,0.3779282751196622,0.5161631296941762,0.29304697453747725
2010-02-01,-0.2739394418249232,0.9658271199082723,-0.6398387995349142,-0.04953562971189605,0.696054445843679,0.3618395299923021,-0.043033525117061
2010-03-01,0.8585469199316723,0.5545480800474578,0.6137776973874133,0.5817197457801068,0.39773762923697453,0.19427807143672451,-0.32462025755470797
2010-04-01,-0.40066123506199414,0.08523418127797783,-0.6053290998778856,0.010341694565635183,0.27417112820286815,0.3570242902386204,0.2505501705632069
2010-05-01,0.09581806022152256,0.22687906383730005,0.08759129757860422,0.5388412165923655,0.08229695952216329,0.16753824433847717,0.5406791905433838
2010-06-01,-0.14858684436255767,-0.2691659641671486,0.45645644675700253,0.6091900383055433,-0.024793519230406662,0.19316046269332618,1.0823151779699123
2010-07-01,-0.3173404789485674,-0.22449909217288852,0.43148156999885656,0.5616070677394772,0.8906407771319642,0.29120002556347147,0.06630313413371304
2010-08-01,-0.6316775323307672,-0.13125885147809452,-0.23525465958234287,0.49793280292026876,-0.5197893060172357,0.324244149053367,0.2898555472482906
2010-09-01,-0.6385518792410756,-0.45518539546470427,0.541939878888908,0.634842173288258,0.331468848528764,-0.06941251347890554,0.6073217537082329
2010-10-01,0.037275873543839114,-0.5808671176053809,-0.7903757033137977,0.023874007079456486,-0.7071960509772657,0.6000578820550706,0.9000907800449471
2010-11-01,-0.11286158169773726,-0.42631320039554577,-0.23597651636361563,0.18170363914421137,-0.31503974824213926,-9.407483202501812e-05,0.24317326256069366
2010-12-01,0.06466495300595262,-0.7528213227655368,-0.4109605843864651,0.13434698916861826,-1.0136107063968647,0.7048684420242689,0.5469194274447401
2011-01-01,-0.2689274379311367,-0.7770449779319925,-0.12732712827348014,0.496403575466643,-0.26087418811933655,0.22050720049785327,0.9223053072622769
2011-02-01,-0.025167811277112748,-0.8515417859973455,0.18243735872422723,0.14482411259001265,-0.27988437558792195,0.09080534692622917,-0.10548240538115196
2011-03-01,0.9447987757037659,-0.48509661920975544,0.19780642709506607,-0.08844319633666867,-1.1606572744297232,0.055562246055871414,0.37264330895944253
2011-04-01,0.7716924005389858,-0.28873950112770447,0.8294971102909127,0.9790940050193895,-0.7949317921333064,0.2744131596180689,0.7634860129895404
2011-05-01,0.9784275669191492,-0.49136930473929563,0.60427538241176,1.1910808382206424,-0.6720274876905793,0.4469480689834156,1.1145662517808765
2011-06-01,0.7932195538441673,-0.9179205495245918,0.3651664458122292,1.2073681134411336,-1.2354173281886665,0.3929809471064046,0.9289811202392398
2011-07-01,0.4791974223322251,-0.9320542286125428,-0.14939804863752296,0.694363767213724,-1.205287324458983,0.45658758824097645,0.4687500102093815
2011-08-01,0.637972444609776,-1.3604982764840525,-0.17770553834180827,0.3977009383018691,-1.0408342736078142,-0.10763713805820108,-0.02124901193924462
2011-09-01,1.2174539040762273,-0.38339321566150697,0.006175838882161046,-0.2425924507506629,-0.9171148436103524,0.15417585015832544,-0.2709438114758039
2011-10-01,1.312167112391518,-0.9645681582989649,-0.1263332823242926,0.39337947851237165,-0.0891786665563829,0.441100162244967,0.3409173448102298
2011-11-01,1.0879242140126957,-0.24585789787028647,0.3753062221572895,0.11453793060859052,0.07624369746246458,0.2736960184971124,-0.2203215153933778
2011-12-01,0.8935028779531822,-0.2487122617146531,0.6902937246424483,0.7703877645975766,0.2813580361725288,0.09844992412891154,-0.27203322365918536
2012-01-01,0.7549762221062449,-0.4382898730967124,0.4470350626091361,1.0987157451993548,-0.14746965129330455,0.012391564470410567,0.422282523578217
2012-02-01,0.15876400123404455,-0.6855149402282562,0.04806130913477131,0.44529767810850684,0.02225372634391277,-0.4289127304593825,0.006823974009728488
2012-03-01,-0.09152062595687767,-0.5878083986112611,-0.20199302322625629,0.013099005010593625,0.017144189617047972,-0.10819696824853735,0.38039845880685635
2012-04-01,-0.9513383825244885,-0.8855695149092918,-1.1027576478676366,-0.24282615566333263,-0.15090899290533216,0.17699585306818508,0.7321140435770509
2012-05-01,-0.10921961329194216,-0.8429337743914842,-0.5063058227549152,-0.3804115498967697,-0.6074810406127569,-0.3682098648528185,0.17413282839213193
2012-06-01,-0.14656356901215856,-0.75098710073375,-0.6858909379917162,-0.5194069678112725,-0.7715222861783605,-0.13586435862335303,0.6041019791096175
2012-07-01,-0.3529412721235033,-0.42153736057518304,-1.254886999159283,-0.26279608532498533,-0.5325518640089202,0.6987017890139099,0.5639867310131441
2012-08-01,-0.24633253351529258,-0.4198009798855389,-0.6513697389606012,-0.5568048891020084,-0.17877293813633027,0.2585283493901149,-0.33028544912983004
2012-09-01,-0.11745333530086861,-0.22293102695487163,-0.47817147035963586,-1.1891945546829314,0.09546592560974945,0.09611940415352771,-0.7142254311929259
2012-10-01,-0.11943196969128934,-0.27512277192919676,0.0461494943011276,0.06060081423363511,-0.7703616794495675,-0.19114792896732027,0.5691816257830752
2012-11-01,-0.4823548898831023,-1.386988308615309,-0.9907856676780039,-0.043858985449184935,-1.3260360086817484,-0.1952106136298632,0.5233175478867561
2012-12-01,-0.29140304534604683,-0.4878696337612964,-0.4405536772185216,0.17584540789744765,-0.9280118942022004,0.1555042300665658,0.8880126249005117
2013-01-01,-0.024154554314398505,-0.2182333710868623,0.5340864403196369,0.5426324778714173,0.21057463867501766,0.130405860030596,0.0179538897047021
2013-02-01,-0.2344729686798908,-0.08424271747089267,-0.5677421142621059,0.00446144620543265,-0.3021151916246125,-0.40079649472136014,-0.41420744218119226
2013-03-01,-0.1374462700623309,-0.25170875333729303,-0.7374681371535141,-0.7148040159112125,-1.024525424478749,-0.3909371425569421,-0.14553009418592536
2013-04-01,-0.2782566098342597,0.14336519856924732,0.8779428170622363,-0.1211511961165418,-0.14527919253820096,-0.3512345379442267,-0.28288693482184024
2013-05-01,-0.5780965913969348,0.4614650098107452,0.5815581552197983,0.34584013252661394,-0.4277510766712553,-0.09439110686420725,-0.22206127621105762
2013-06-01,0.07641718047787568,0.48940977263590085,0.14843935783439846,0.04860118926628028,-0.569906967888286,-0.342746394793494,-0.002504682291070549
2013-07-01,0.2877048175952854,0.6694998607123376,-0.20690100737262945,-0.22617106195708775,0.31477345565089243,0.6861273156241763,-0.269361071001419
2013-08-01,0.45517929382702726,0.5467910716102562,-0.26280649047403776,-0.12790595950728137,-0.437062961167046,0.11061512990224717,0.44675899517167056
2013-09-01,0.24265690449196178,0.27832102827046523,-0.3001832793608174,0.355766974668951,0.23501862595994275,0.9739652820511574,1.350126847780322
2013-10-01,0.17462376981751418,0.011835612497254466,0.18135115453814937,0.5221825365701284,-0.18703130949083457,-0.20945185783320822,0.3911297625581905
2013-11-01,-0.019970767604202366,0.04705166795416651,0.09000642158967888,-0.1620326853858918,0.07819035051376579,0.1779943912610558,-0.3527246341589104
2013-12-01,0.22008604967521275,0.295178424358413,-0.03503166278737621,0.10802490416214575,-0.23157640515003644,-0.3923571415246383,-0.3920422323938506
2014-01-01,0.1248494425348533,0.06937768165286788,-0.09027612396997149,0.47298716696327464,-0.960503572781036,-0.6932936949420205,-0.2353942597406507
2014-02-01,-0.41730001380546494,0.23497815859299995,-0.3886190464862807,0.11349520594518017,-0.8343570008688478,-0.3784063570222807,0.15093573928720963
2014-03-01,-0.5835045041292923,0.17344978209394224,-0.3580565021876748,-0.05659528739610414,-0.844598735616825,-0.3332125456784582,0.19243821921146265
2014-04-01,0.8875804702059422,0.41815266804181833,0.8246833938998426,0.36502669220321426,-0.7763962488613996,-0.11574065869887316,0.1942654028653057
2014-05-01,0.47792151946354283,0.5752635833486903,0.11228357826092784,0.07608473540330869,-0.3508197765408085,0.016744901247360958,-0.10404190351597738
2014-06-01,0.38870228329071566,0.46794199327413316,0.6147760616497421,0.48888526643782276,0.019035653368546283,-0.32742625141497395,-0.2610398167720346
2014-07-01,0.3523693984160463,0.13937528509287994,-0.1250492212736853,-0.23215946846509447,-0.20699529531257269,0.4968013573771467,0.22261351690800307
2014-08-01,0.27927868808744566,0.2378026721525401,0.31982315368438996,1.0585522322994332,-0.5938430616504977,0.5973697877085018,0.549664307420719
2014-09-01,-0.1320347610557335,-0.08738075133912107,0.36965505505065066,0.2422584296720312,-0.14771100208770807,0.8395418275136071,0.5190131484515657
2014-10-01,0.31014714528802567,0.3218975626487056,0.44011873557566367,-0.2714583927946428,-0.41826873015459615,-0.24269492487062966,0.3023889607333027
2014-11-01,0.005514345255927211,0.06799859069901573,-0.19171711186196527,0.16567350747688184,0.018041336988936313,-0.24542030795027756,0.5510334127827144
2014-12-01,0.3283173422277734,-0.09624405790154324,0.3932875361161214,0.7340190344385623,-0.6152101327931623,0.4246721783318594,0.7457100606705163
2015-01-01,-0.4969721072289988,-0.0014798451421880988,0.10766457420261352,1.0746760560107962,-0.08296410654935836,0.11834895285342974,0.511791587239028
2015-02-01,-1.1265717193293132,-0.2975699630820134,-0.6038822853666586,0.7084708089669437,-0.43210027385098093,-0.07563956614543788,0.5026692099815498
2015-03-01,-0.1287460147358799,0.30672213395811804,-0.06724008897483143,-0.01160543475987427,-0.2470029267931335,-0.3657635241022408,-0.5091039689858609
2015-04-01,0.5157571417141824,0.4612611530327451,-0.20427253801755937,-0.6969732516642343,0.201607087911611,-0.1436414158058599,-0.9361607056322967
2015-05-01,-0.5796512181906194,0.16379558386925733,0.11831746902215022,0.4810892450485856,1.03118211996095,0.6909281279131405,-0.23226432537277664
2015-06-01,-0.03399975663903115,0.020213080271207336,0.700665801287029,0.036217717951792315,0.5620771670710519,0.424552866546698,-0.9800065782632534
2015-07-01,0.21299242066504184,0.02263637552568558,0.5556539056150135,0.5513451928082589,0.5115439416121388,0.5138733329042912,0.1999840758321978
2015-08-01,-0.05496768569933653,-0.21829841906485511,0.4361675229663799,0.5879542265036305,0.04738316700333273,0.12844069200805389,0.2037265778732572
2015-09-01,-0.35567890703234895,-0.4454243255196783,0.22899273988765403,-0.22427308636734544,-0.4046658590549947,-0.053995095011993156,0.3845545490552283
2015-10-01,0.2732309442798022,0.06018233772523636,-0.17408341741009103,-0.0205040703151034,0.6587063087891479,0.46406695035172885,-0.2122229212992275
2015-11-01,-0.3217395672902616,0.5411044931281763,0.7274958106772512,0.3360490015454078,0.8881952706929497,0.3556397447566409,0.2735474072112968
2015-12-01,-0.19666555310523162,0.7396472696353787,0.9750366045706886,0.9179496186421775,1.1450802178083068,0.10518077034478958,0.9245591628357175
