,Year,state_id,Production_Loss(ton),Area_Loss(km^2),State_Code,State_Name
0,2021,0,212925.57572902145,1353.8757329917685,AL,ALABAMA
1,2021,2,0.0,0.0,AZ,ARIZONA
2,2021,3,319878.3320173579,5705.345486938981,AR,ARKANSAS
3,2021,4,0.0,0.0,CA,CALIFORNIA
4,2021,5,106120.2732165326,1525.1174262881923,CO,COLORADO
5,2021,6,0.0,0.0,CT,CONNECTICUT
6,2021,7,33339.58661109349,189.2520604548768,DE,DELAWARE
7,2021,8,0.0,0.0,DC,DISTRICT OF COLUMBIA
8,2021,9,10793.387425849283,72.92701339475525,FL,FLORIDA
9,2021,10,90166.97233924344,1124.4283847954855,GA,GEORGIA
10,2021,12,491.149055638623,44.22664740052193,ID,IDAHO
11,2021,13,1362778.7355013932,16835.427029311195,IL,ILLINOIS
12,2021,14,626216.4086788388,5907.3716969631405,IN,INDIANA
13,2021,15,7783352.57412824,48320.59710357176,IA,IOWA
14,2021,16,780427.623169942,7699.792180951579,KS,KANSAS
15,2021,17,340387.87455941824,2293.0065638772144,KY,KENTUCKY
16,2021,18,349127.0263589888,4351.703822448613,LA,LOUISIANA
17,2021,19,0.0,0.0,ME,MAINE
18,2021,20,203738.9079385114,855.5626754671719,MD,MARYLAND
19,2021,21,0.0,0.0,MA,MASSACHUSETTS
20,2021,22,87604.96570363682,1351.7790985078168,MI,MICHIGAN
21,2021,23,4832336.856337958,33557.48060783133,MN,MINNESOTA
22,2021,24,669051.9552244054,6770.569671813008,MS,MISSISSIPPI
23,2021,25,1713193.6897190623,14138.359899304176,MO,MISSOURI
24,2021,26,572942.025020425,11597.19010822364,MT,MONTANA
25,2021,27,1905054.209603014,18114.70387720697,NE,NEBRASKA
26,2021,28,0.0,0.0,NV,NEVADA
27,2021,29,0.0,0.0,NH,NEW HAMPSHIRE
28,2021,30,128392.31722844655,419.475781544496,NJ,NEW JERSEY
29,2021,31,0.0,0.0,NM,NEW MEXICO
30,2021,32,380.2207531631109,4.563451296299069,NY,NEW YORK
31,2021,33,178479.47198768915,3237.77069994666,NC,NORTH CAROLINA
32,2021,34,909863.3403046636,9939.12845722642,ND,NORTH DAKOTA
33,2021,35,1780261.075028475,11123.554500670083,OH,OHIO
34,2021,36,31014.16469389528,742.6538826953746,OK,OKLAHOMA
35,2021,37,0.0,0.0,OR,OREGON
36,2021,38,159145.98941549222,583.4883295646929,PA,PENNSYLVANIA
37,2021,39,0.0,0.0,RI,RHODE ISLAND
38,2021,40,11051.985661183542,352.4597584482311,SC,SOUTH CAROLINA
39,2021,41,3684893.426309607,26593.112092121617,SD,SOUTH DAKOTA
40,2021,42,451720.8402455352,3224.991640594791,TN,TENNESSEE
41,2021,43,5825.929175221916,303.2363426135196,TX,TEXAS
42,2021,44,0.0,0.0,UT,UTAH
43,2021,45,0.0,0.0,VT,VERMONT
44,2021,46,90325.00890077565,634.7798022043635,VA,VIRGINIA
45,2021,47,0.0,0.0,WA,WASHINGTON
46,2021,48,11790.192931983014,50.881706259916726,WV,WEST VIRGINIA
47,2021,49,451862.4334649909,5352.51228222466,WI,WISCONSIN
48,2021,50,388726.11234706856,13298.86625672737,WY,WYOMING
49,2022,0,2406.8200890628536,69.94853935094538,AL,ALABAMA
50,2022,2,0.0,0.0,AZ,ARIZONA
51,2022,3,193823.70722213475,3717.248791547344,AR,ARKANSAS
52,2022,4,0.0,0.0,CA,CALIFORNIA
53,2022,5,64036.21733722173,1009.296312108744,CO,COLORADO
54,2022,6,0.0,0.0,CT,CONNECTICUT
55,2022,7,0.0,0.0,DE,DELAWARE
56,2022,8,0.0,0.0,DC,DISTRICT OF COLUMBIA
57,2022,9,0.0,0.0,FL,FLORIDA
58,2022,10,0.0,0.0,GA,GEORGIA
59,2022,12,147.73793164517178,12.20994167511454,ID,IDAHO
60,2022,13,7055506.309849465,36909.5694030692,IL,ILLINOIS
61,2022,14,6576079.209909786,22309.62432731606,IN,INDIANA
62,2022,15,1175813.8476085437,9041.327196427656,IA,IOWA
63,2022,16,27495.649283456867,462.7963809302351,KS,KANSAS
64,2022,17,1261945.68448857,6426.064288671826,KY,KENTUCKY
65,2022,18,54998.0230670021,1331.873789088412,LA,LOUISIANA
66,2022,19,0.0,0.0,ME,MAINE
67,2022,20,2004.942556129048,50.11031923043106,MD,MARYLAND
68,2022,21,0.0,0.0,MA,MASSACHUSETTS
69,2022,22,381897.4873520799,1636.2538831303834,MI,MICHIGAN
70,2022,23,1922814.8201949787,16065.020414226394,MN,MINNESOTA
71,2022,24,245908.7325538743,4675.621694094098,MS,MISSISSIPPI
72,2022,25,856453.4379641234,6490.676710032862,MO,MISSOURI
73,2022,26,487249.07483652246,9231.423017870233,MT,MONTANA
74,2022,27,23668.270290192733,701.7026867559674,NE,NEBRASKA
75,2022,28,0.0,0.0,NV,NEVADA
76,2022,29,0.0,0.0,NH,NEW HAMPSHIRE
77,2022,30,7226.33700919033,67.7789479858098,NJ,NEW JERSEY
78,2022,31,0.0,0.0,NM,NEW MEXICO
79,2022,32,4561.1127328911,30.809395064648157,NY,NEW YORK
80,2022,33,12702.163119148365,433.8550812494362,NC,NORTH CAROLINA
81,2022,34,569778.9292377692,6470.7248058258365,ND,NORTH DAKOTA
82,2022,35,5698089.220046364,17664.847561703282,OH,OHIO
83,2022,36,7340.428590184991,136.3369183310105,OK,OKLAHOMA
84,2022,37,0.0,0.0,OR,OREGON
85,2022,38,125512.49462000876,632.6186159513645,PA,PENNSYLVANIA
86,2022,39,0.0,0.0,RI,RHODE ISLAND
87,2022,40,0.0,0.0,SC,SOUTH CAROLINA
88,2022,41,1595889.7811524654,16175.21822844341,SD,SOUTH DAKOTA
89,2022,42,1161799.6159088796,5217.982911117109,TN,TENNESSEE
90,2022,43,38179.9712965255,1353.9934328579052,TX,TEXAS
91,2022,44,0.0,0.0,UT,UTAH
92,2022,45,0.0,0.0,VT,VERMONT
93,2022,46,4115.752025945943,69.54577186451746,VA,VIRGINIA
94,2022,47,0.0,0.0,WA,WASHINGTON
95,2022,48,5207.014986071519,21.408353815461943,WV,WEST VIRGINIA
96,2022,49,40249.61039266807,732.0037696783859,WI,WISCONSIN
97,2022,50,176484.80833743035,6121.163652154266,WY,WYOMING
98,2023,0,3829.266799806159,33.15901330015498,AL,ALABAMA
99,2023,2,0.0,0.0,AZ,ARIZONA
100,2023,3,37003.41487705742,546.8257920725209,AR,ARKANSAS
101,2023,4,0.0,0.0,CA,CALIFORNIA
102,2023,5,32888.50399746432,544.3436971831331,CO,COLORADO
103,2023,6,0.0,0.0,CT,CONNECTICUT
104,2023,7,70551.48430108729,503.1519619565316,DE,DELAWARE
105,2023,8,0.0,0.0,DC,DISTRICT OF COLUMBIA
106,2023,9,0.0,0.0,FL,FLORIDA
107,2023,10,68643.81337972192,464.0885622917861,GA,GEORGIA
108,2023,12,158.9385078111602,13.135623930114932,ID,IDAHO
109,2023,13,4807459.997078121,27816.08753901756,IL,ILLINOIS
110,2023,14,6610304.841887297,27190.58008511677,IN,INDIANA
111,2023,15,2630189.848451303,12682.088239831372,IA,IOWA
112,2023,16,238985.9435147301,3125.7929721422483,KS,KANSAS
113,2023,17,66068.90346010655,411.298173832708,KY,KENTUCKY
114,2023,18,0.0,0.0,LA,LOUISIANA
115,2023,19,0.0,0.0,ME,MAINE
116,2023,20,133546.69794262713,877.5821747475799,MD,MARYLAND
117,2023,21,0.0,0.0,MA,MASSACHUSETTS
118,2023,22,378314.51242953504,1566.2483725661932,MI,MICHIGAN
119,2023,23,2485974.8423717245,14708.593989838895,MN,MINNESOTA
120,2023,24,2604.4238183033385,28.12647196812095,MS,MISSISSIPPI
121,2023,25,820368.6970176114,14578.531000664256,MO,MISSOURI
122,2023,26,318707.7385534212,6570.636443118235,MT,MONTANA
123,2023,27,300020.2221414335,4470.293947253309,NE,NEBRASKA
124,2023,28,0.0,0.0,NV,NEVADA
125,2023,29,0.0,0.0,NH,NEW HAMPSHIRE
126,2023,30,2011.6807202010425,11.46443595256257,NJ,NEW JERSEY
127,2023,31,0.0,0.0,NM,NEW MEXICO
128,2023,32,154.11661557184647,3.629206852892104,NY,NEW YORK
129,2023,33,552452.1178236301,3408.670629991532,NC,NORTH CAROLINA
130,2023,34,470450.03161858267,4717.6787128508695,ND,NORTH DAKOTA
131,2023,35,7155070.968378749,23678.057047020146,OH,OHIO
132,2023,36,32705.22862013993,602.3635947408458,OK,OKLAHOMA
133,2023,37,0.0,0.0,OR,OREGON
134,2023,38,56420.518201223415,262.63961880505906,PA,PENNSYLVANIA
135,2023,39,0.0,0.0,RI,RHODE ISLAND
136,2023,40,275723.081688826,1550.6791769133288,SC,SOUTH CAROLINA
137,2023,41,2010405.5227820647,14637.868049511037,SD,SOUTH DAKOTA
138,2023,42,217651.812746301,1101.8102304167055,TN,TENNESSEE
139,2023,43,16808.13405488999,575.945894923956,TX,TEXAS
140,2023,44,0.0,0.0,UT,UTAH
141,2023,45,0.0,0.0,VT,VERMONT
142,2023,46,204978.93535078695,1022.1372039404812,VA,VIRGINIA
143,2023,47,0.0,0.0,WA,WASHINGTON
144,2023,48,7018.540699259083,51.99464863266196,WV,WEST VIRGINIA
145,2023,49,404657.9428911928,2079.8155191217606,WI,WISCONSIN
146,2023,50,357406.73343721684,12629.265246233384,WY,WYOMING
147,2024,0,13172.392455191108,284.6804465796018,AL,ALABAMA
148,2024,2,0.0,0.0,AZ,ARIZONA
149,2024,3,141568.37799706584,2832.046092530535,AR,ARKANSAS
150,2024,4,0.0,0.0,CA,CALIFORNIA
151,2024,5,6798.443199135735,149.17077822502898,CO,COLORADO
152,2024,6,0.0,0.0,CT,CONNECTICUT
153,2024,7,81188.57195864704,420.8326440013008,DE,DELAWARE
154,2024,8,0.0,0.0,DC,DISTRICT OF COLUMBIA
155,2024,9,0.0,0.0,FL,FLORIDA
156,2024,10,1.032517527914594,0.3115226512730238,GA,GEORGIA
157,2024,12,135.59449622860012,11.20633592186785,ID,IDAHO
158,2024,13,3925085.310827367,17062.404940686796,IL,ILLINOIS
159,2024,14,4372074.653943063,15049.281875267588,IN,INDIANA
160,2024,15,551604.8036000542,2932.1625811624926,IA,IOWA
161,2024,16,1165477.8700992262,9625.081385344043,KS,KANSAS
162,2024,17,396029.0722988125,1641.8625713233305,KY,KENTUCKY
163,2024,18,190238.92022459992,3751.365029446958,LA,LOUISIANA
164,2024,19,0.0,0.0,ME,MAINE
165,2024,20,51375.155972076354,348.7509901833495,MD,MARYLAND
166,2024,21,0.0,0.0,MA,MASSACHUSETTS
167,2024,22,142994.7123172846,865.5995265668288,MI,MICHIGAN
168,2024,23,1172247.1583373873,7200.94946857244,MN,MINNESOTA
169,2024,24,175676.3400995954,2875.7696570373387,MS,MISSISSIPPI
170,2024,25,1145412.7127815722,8015.347896596777,MO,MISSOURI
171,2024,26,594279.1516683745,12876.53369426357,MT,MONTANA
172,2024,27,387253.07649680256,4799.469969512378,NE,NEBRASKA
173,2024,28,0.0,0.0,NV,NEVADA
174,2024,29,0.0,0.0,NH,NEW HAMPSHIRE
175,2024,30,34723.25796909581,134.98954104963008,NJ,NEW JERSEY
176,2024,31,0.0,0.0,NM,NEW MEXICO
177,2024,32,2564.562754485461,9.29887990960071,NY,NEW YORK
178,2024,33,25208.37037035973,578.2677886873516,NC,NORTH CAROLINA
179,2024,34,738189.6969748874,7470.092983905394,ND,NORTH DAKOTA
180,2024,35,2839622.4378370247,10528.756888767648,OH,OHIO
181,2024,36,209213.42927574212,2955.408175220909,OK,OKLAHOMA
182,2024,37,0.0,0.0,OR,OREGON
183,2024,38,9710.485321420105,40.01667093919593,PA,PENNSYLVANIA
184,2024,39,0.0,0.0,RI,RHODE ISLAND
185,2024,40,566.2293834371294,71.48241597813193,SC,SOUTH CAROLINA
186,2024,41,1083028.576046232,9139.620610509734,SD,SOUTH DAKOTA
187,2024,42,320876.33515098545,2379.889863744861,TN,TENNESSEE
188,2024,43,67661.85352369482,2515.2574396790446,TX,TEXAS
189,2024,44,0.0,0.0,UT,UTAH
190,2024,45,0.0,0.0,VT,VERMONT
191,2024,46,73668.58203953752,262.0948435700951,VA,VIRGINIA
192,2024,47,0.0,0.0,WA,WASHINGTON
193,2024,48,7889.601526457965,26.38146240981044,WV,WEST VIRGINIA
194,2024,49,850001.9206376406,4437.306935500583,WI,WISCONSIN
195,2024,50,383954.3115492805,14295.59447447502,WY,WYOMING
196,2025,0,25880.6607054884,395.1489930757232,AL,ALABAMA
197,2025,2,0.0,0.0,AZ,ARIZONA
198,2025,3,395568.3517596143,6562.078108428194,AR,ARKANSAS
199,2025,4,0.0,0.0,CA,CALIFORNIA
200,2025,5,90011.09276534773,1351.1596851456673,CO,COLORADO
201,2025,6,0.0,0.0,CT,CONNECTICUT
202,2025,7,271216.6864877743,816.9306378564359,DE,DELAWARE
203,2025,8,0.0,0.0,DC,DISTRICT OF COLUMBIA
204,2025,9,131.58090577016097,12.836481974132989,FL,FLORIDA
205,2025,10,1796.5617181625605,142.74674440775942,GA,GEORGIA
206,2025,12,796.47793537694,65.82567542521774,ID,IDAHO
207,2025,13,1987548.7831236592,15684.165010540995,IL,ILLINOIS
208,2025,14,1819889.133152871,15491.02009389589,IN,INDIANA
209,2025,15,4561828.00249064,33892.73089714199,IA,IOWA
210,2025,16,571018.4785346085,6959.048479597161,KS,KANSAS
211,2025,17,499013.5308363983,2768.826941925812,KY,KENTUCKY
212,2025,18,492268.21822497004,6593.547976967046,LA,LOUISIANA
213,2025,19,0.0,0.0,ME,MAINE
214,2025,20,430204.6777725592,1558.9545815115862,MD,MARYLAND
215,2025,21,0.0,0.0,MA,MASSACHUSETTS
216,2025,22,90611.32639779386,1511.2844799238114,MI,MICHIGAN
217,2025,23,659854.7249878623,9488.498916605817,MN,MINNESOTA
218,2025,24,490596.1965316105,6247.354658074173,MS,MISSISSIPPI
219,2025,25,783236.0611850441,9252.384139326512,MO,MISSOURI
220,2025,26,557544.3782177122,13126.427351057926,MT,MONTANA
221,2025,27,508569.16306708567,7515.238724212983,NE,NEBRASKA
222,2025,28,0.0,0.0,NV,NEVADA
223,2025,29,0.0,0.0,NH,NEW HAMPSHIRE
224,2025,30,62176.07082782876,326.91289034802264,NJ,NEW JERSEY
225,2025,31,0.0,0.0,NM,NEW MEXICO
226,2025,32,1158.8020635814569,26.342888121130507,NY,NEW YORK
227,2025,33,202358.64235666487,4510.849813517637,NC,NORTH CAROLINA
228,2025,34,241696.02801246496,3804.2193554355913,ND,NORTH DAKOTA
229,2025,35,2326095.721542201,14473.716880060616,OH,OHIO
230,2025,36,47327.37305129259,657.1140008060856,OK,OKLAHOMA
231,2025,37,0.0,0.0,OR,OREGON
232,2025,38,199320.08578878563,1211.29569200093,PA,PENNSYLVANIA
233,2025,39,0.0,0.0,RI,RHODE ISLAND
234,2025,40,280.6844645010476,54.10311921780213,SC,SOUTH CAROLINA
235,2025,41,1703459.9250186528,14036.665298345864,SD,SOUTH DAKOTA
236,2025,42,1126351.31730818,6544.598582161199,TN,TENNESSEE
237,2025,43,59114.21953172101,1963.0209426473261,TX,TEXAS
238,2025,44,0.0,0.0,UT,UTAH
239,2025,45,0.0,0.0,VT,VERMONT
240,2025,46,218881.1501710231,1274.2330901572657,VA,VIRGINIA
241,2025,47,0.0,0.0,WA,WASHINGTON
242,2025,48,13966.046576199453,57.43703282440879,WV,WEST VIRGINIA
243,2025,49,653895.4123020599,5133.824643876301,WI,WISCONSIN
244,2025,50,337356.9946517514,14128.502961108108,WY,WYOMING
245,2026,0,352226.1172707572,1830.039959476922,AL,ALABAMA
246,2026,2,0.0,0.0,AZ,ARIZONA
247,2026,3,382262.993569204,6696.572105871823,AR,ARKANSAS
248,2026,4,0.0,0.0,CA,CALIFORNIA
249,2026,5,45788.75988359969,688.974144135775,CO,COLORADO
250,2026,6,0.0,0.0,CT,CONNECTICUT
251,2026,7,103111.11735447274,830.4941962462209,DE,DELAWARE
252,2026,8,0.0,0.0,DC,DISTRICT OF COLUMBIA
253,2026,9,7730.379644187207,66.86419947246378,FL,FLORIDA
254,2026,10,247260.74631186735,1679.2657831142835,GA,GEORGIA
255,2026,12,550.9402567496102,45.5329807753215,ID,IDAHO
256,2026,13,581996.1697917128,3230.795166636057,IL,ILLINOIS
257,2026,14,2301899.7688305653,11548.741972647284,IN,INDIANA
258,2026,15,439473.2579572187,3026.875109748581,IA,IOWA
259,2026,16,253173.13945493224,2392.7384640859177,KS,KANSAS
260,2026,17,2161296.031885525,9351.575621843544,KY,KENTUCKY
261,2026,18,556668.7595156272,6921.154840472971,LA,LOUISIANA
262,2026,19,0.0,0.0,ME,MAINE
263,2026,20,206013.34572258365,1570.656657413193,MD,MARYLAND
264,2026,21,0.0,0.0,MA,MASSACHUSETTS
265,2026,22,13017.239921789263,192.95040182433556,MI,MICHIGAN
266,2026,23,287924.4566063633,3918.350187976509,MN,MINNESOTA
267,2026,24,867685.2988866908,9073.505303408998,MS,MISSISSIPPI
268,2026,25,1259305.1849019094,8664.182783798384,MO,MISSOURI
269,2026,26,503931.1735146736,10227.746558911696,MT,MONTANA
270,2026,27,166854.42581034824,3322.157374187173,NE,NEBRASKA
271,2026,28,0.0,0.0,NV,NEVADA
272,2026,29,0.0,0.0,NH,NEW HAMPSHIRE
273,2026,30,17730.762906581087,233.8933453413505,NJ,NEW JERSEY
274,2026,31,0.0,0.0,NM,NEW MEXICO
275,2026,32,0.0,0.0,NY,NEW YORK
276,2026,33,462197.9438288575,5102.376917749382,NC,NORTH CAROLINA
277,2026,34,65202.351259241936,1793.0335512081765,ND,NORTH DAKOTA
278,2026,35,2344023.1148735182,17233.89022896225,OH,OHIO
279,2026,36,26913.09439980109,378.0490975544178,OK,OKLAHOMA
280,2026,37,0.0,0.0,OR,OREGON
281,2026,38,82465.84215455127,1159.7378251925295,PA,PENNSYLVANIA
282,2026,39,0.0,0.0,RI,RHODE ISLAND
283,2026,40,269015.19610440644,2479.3519447991503,SC,SOUTH CAROLINA
284,2026,41,449332.51750247553,5234.659970771064,SD,SOUTH DAKOTA
285,2026,42,1987856.7353792496,8617.439573510685,TN,TENNESSEE
286,2026,43,57130.207870267404,1697.2267878323898,TX,TEXAS
287,2026,44,0.0,0.0,UT,UTAH
288,2026,45,0.0,0.0,VT,VERMONT
289,2026,46,156846.22584719348,1170.7085754727284,VA,VIRGINIA
290,2026,47,0.0,0.0,WA,WASHINGTON
291,2026,48,24077.56610112561,84.16001029790155,WV,WEST VIRGINIA
292,2026,49,42544.2407325566,814.4179621245191,WI,WISCONSIN
293,2026,50,270214.9138119151,11320.025088262437,WY,WYOMING
294,2027,0,11595.36061246229,241.9921258028871,AL,ALABAMA
295,2027,2,0.0,0.0,AZ,ARIZONA
296,2027,3,479371.0389183887,8714.8043933977,AR,ARKANSAS
297,2027,4,0.0,0.0,CA,CALIFORNIA
298,2027,5,60262.20728795815,847.5725256072801,CO,COLORADO
299,2027,6,0.0,0.0,CT,CONNECTICUT
300,2027,7,233170.5036224118,644.814616849794,DE,DELAWARE
301,2027,8,0.0,0.0,DC,DISTRICT OF COLUMBIA
302,2027,9,6890.938070482461,39.8465567616246,FL,FLORIDA
303,2027,10,206336.0767778244,1286.2277905611195,GA,GEORGIA
304,2027,12,713.4130142862489,58.96069613065704,ID,IDAHO
305,2027,13,12454709.385292267,49413.67232152457,IL,ILLINOIS
306,2027,14,10660270.329708893,30742.429784459426,IN,INDIANA
307,2027,15,11334763.651681429,52162.16990144113,IA,IOWA
308,2027,16,493778.111652084,3449.097838109736,KS,KANSAS
309,2027,17,3354873.0368919205,11137.120242690082,KY,KENTUCKY
310,2027,18,2838.429176227326,95.57290731636782,LA,LOUISIANA
311,2027,19,0.0,0.0,ME,MAINE
312,2027,20,242955.9912446645,764.040173907209,MD,MARYLAND
313,2027,21,0.0,0.0,MA,MASSACHUSETTS
314,2027,22,373218.87097394426,1655.3996402958091,MI,MICHIGAN
315,2027,23,5340431.971542572,33846.04798400978,MN,MINNESOTA
316,2027,24,139545.59981244366,1643.9006282462192,MS,MISSISSIPPI
317,2027,25,5114531.971157471,24142.12966720954,MO,MISSOURI
318,2027,26,586336.2840132609,11776.669518392311,MT,MONTANA
319,2027,27,842955.3391340277,8862.998294996047,NE,NEBRASKA
320,2027,28,0.0,0.0,NV,NEVADA
321,2027,29,0.0,0.0,NH,NEW HAMPSHIRE
322,2027,30,34917.59180832478,189.9145412433105,NJ,NEW JERSEY
323,2027,31,0.0,0.0,NM,NEW MEXICO
324,2027,32,12208.824580130922,89.2785038798659,NY,NEW YORK
325,2027,33,236627.10442499424,1701.5079344559867,NC,NORTH CAROLINA
326,2027,34,835727.7990247454,8501.985408408136,ND,NORTH DAKOTA
327,2027,35,6991963.923470968,23425.404483886552,OH,OHIO
328,2027,36,86361.02425315557,1270.820659469534,OK,OKLAHOMA
329,2027,37,0.0,0.0,OR,OREGON
330,2027,38,91801.8894444632,818.7036858921856,PA,PENNSYLVANIA
331,2027,39,0.0,0.0,RI,RHODE ISLAND
332,2027,40,205712.7998866093,1685.6888339431905,SC,SOUTH CAROLINA
333,2027,41,3637929.59712109,25879.06041254604,SD,SOUTH DAKOTA
334,2027,42,1442964.5724143393,7688.752299648292,TN,TENNESSEE
335,2027,43,58418.11920652301,1981.9484120249929,TX,TEXAS
336,2027,44,0.0,0.0,UT,UTAH
337,2027,45,0.0,0.0,VT,VERMONT
338,2027,46,123857.9917327729,501.1399615862827,VA,VIRGINIA
339,2027,47,0.0,0.0,WA,WASHINGTON
340,2027,48,40181.8136675164,144.4628211665125,WV,WEST VIRGINIA
341,2027,49,836426.1934888823,6284.224531161312,WI,WISCONSIN
342,2027,50,453199.1589438845,16084.389183510457,WY,WYOMING
343,2028,0,392104.716418014,1967.1647966156013,AL,ALABAMA
344,2028,2,0.0,0.0,AZ,ARIZONA
345,2028,3,484313.603943797,8633.32671058548,AR,ARKANSAS
346,2028,4,0.0,0.0,CA,CALIFORNIA
347,2028,5,89933.98840802154,1263.494686030817,CO,COLORADO
348,2028,6,0.0,0.0,CT,CONNECTICUT
349,2028,7,167142.8815365793,722.4772500509214,DE,DELAWARE
350,2028,8,0.0,0.0,DC,DISTRICT OF COLUMBIA
351,2028,9,14670.214449602428,96.31763578817775,FL,FLORIDA
352,2028,10,229288.36184185703,1942.339327926334,GA,GEORGIA
353,2028,12,786.3529396622356,64.9888855381477,ID,IDAHO
354,2028,13,13039616.317605648,50681.91284189011,IL,ILLINOIS
355,2028,14,11212386.766282236,31212.40708850037,IN,INDIANA
356,2028,15,13011469.874587491,52486.3591141551,IA,IOWA
357,2028,16,3316553.8143565804,20291.86155219837,KS,KANSAS
358,2028,17,3250834.9203131218,11402.26168821766,KY,KENTUCKY
359,2028,18,222384.61118466055,3909.6321415749976,LA,LOUISIANA
360,2028,19,0.0,0.0,ME,MAINE
361,2028,20,252629.5370749689,1048.6361176540051,MD,MARYLAND
362,2028,21,0.0,0.0,MA,MASSACHUSETTS
363,2028,22,492302.128799352,1805.817601827832,MI,MICHIGAN
364,2028,23,5863650.329164804,33782.27216447085,MN,MINNESOTA
365,2028,24,889474.2849518153,10120.223630728393,MS,MISSISSIPPI
366,2028,25,6987058.03510629,33447.55124789099,MO,MISSOURI
367,2028,26,765277.3458349479,14690.697393517006,MT,MONTANA
368,2028,27,1813486.660385747,15920.0652020241,NE,NEBRASKA
369,2028,28,0.0,0.0,NV,NEVADA
370,2028,29,54.82558422651216,0.7493761430798784,NH,NEW HAMPSHIRE
371,2028,30,57570.78509670965,297.1843592055619,NJ,NEW JERSEY
372,2028,31,0.0,0.0,NM,NEW MEXICO
373,2028,32,25051.817911521888,97.05356162070078,NY,NEW YORK
374,2028,33,850406.3320531165,4738.504583655124,NC,NORTH CAROLINA
375,2028,34,885079.6122734644,8881.263321884277,ND,NORTH DAKOTA
376,2028,35,10577185.901562646,25845.047772482925,OH,OHIO
377,2028,36,373364.0269849934,5621.4732390479885,OK,OKLAHOMA
378,2028,37,0.0,0.0,OR,OREGON
379,2028,38,634423.1815947581,2675.668586872547,PA,PENNSYLVANIA
380,2028,39,0.0,0.0,RI,RHODE ISLAND
381,2028,40,165810.9037738584,2251.1894344088378,SC,SOUTH CAROLINA
382,2028,41,3484366.353943997,24758.121279895477,SD,SOUTH DAKOTA
383,2028,42,1924459.9462419995,8838.697018769557,TN,TENNESSEE
384,2028,43,47077.83067205826,2197.4087697185355,TX,TEXAS
385,2028,44,0.0,0.0,UT,UTAH
386,2028,45,0.0,0.0,VT,VERMONT
387,2028,46,36379.13034243047,179.28816367975273,VA,VIRGINIA
388,2028,47,0.0,0.0,WA,WASHINGTON
389,2028,48,47273.92319966159,191.59230064783,WV,WEST VIRGINIA
390,2028,49,1398322.3579032682,6493.927687388295,WI,WISCONSIN
391,2028,50,405093.7948248914,15863.944515356185,WY,WYOMING
392,2029,0,145.27790685596224,3.838446239812318,AL,ALABAMA
393,2029,2,0.0,0.0,AZ,ARIZONA
394,2029,3,11075.235979382704,303.4441934474655,AR,ARKANSAS
395,2029,4,0.0,0.0,CA,CALIFORNIA
396,2029,5,99385.61294141042,1456.97489656572,CO,COLORADO
397,2029,6,0.0,0.0,CT,CONNECTICUT
398,2029,7,0.0,0.0,DE,DELAWARE
399,2029,8,0.0,0.0,DC,DISTRICT OF COLUMBIA
400,2029,9,268.3537116403812,9.434163651668376,FL,FLORIDA
401,2029,10,47239.57383169864,774.5987823724779,GA,GEORGIA
402,2029,12,723.1838217566026,64.71457118203342,ID,IDAHO
403,2029,13,1833370.0841200864,26266.40637144284,IL,ILLINOIS
404,2029,14,1148059.14926654,16299.581356860082,IN,INDIANA
405,2029,15,10606789.832368009,52016.953284268544,IA,IOWA
406,2029,16,1575692.849820693,13852.005143086855,KS,KANSAS
407,2029,17,0.0,0.0,KY,KENTUCKY
408,2029,18,2324.0247989347176,193.0638943039128,LA,LOUISIANA
409,2029,19,0.0,0.0,ME,MAINE
410,2029,20,0.0,0.0,MD,MARYLAND
411,2029,21,0.0,0.0,MA,MASSACHUSETTS
412,2029,22,188658.3075926986,1881.637845240749,MI,MICHIGAN
413,2029,23,4516927.463407764,33270.2202251326,MN,MINNESOTA
414,2029,24,0.0,0.0,MS,MISSISSIPPI
415,2029,25,1927844.970199441,13945.854903095167,MO,MISSOURI
416,2029,26,666605.9800479205,13816.885697958902,MT,MONTANA
417,2029,27,1620616.8833374628,15598.1038898096,NE,NEBRASKA
418,2029,28,0.0,0.0,NV,NEVADA
419,2029,29,35.77278456225789,0.5719106359833571,NH,NEW HAMPSHIRE
420,2029,30,0.0,0.0,NJ,NEW JERSEY
421,2029,31,0.0,0.0,NM,NEW MEXICO
422,2029,32,1198.1726695271082,5.124542384835795,NY,NEW YORK
423,2029,33,13943.72857075921,286.82485587321776,NC,NORTH CAROLINA
424,2029,34,813072.2503214024,8659.631053709658,ND,NORTH DAKOTA
425,2029,35,1737161.9740321874,11561.958612411776,OH,OHIO
426,2029,36,39758.907180867376,936.36717791809,OK,OKLAHOMA
427,2029,37,0.0,0.0,OR,OREGON
428,2029,38,0.0,0.0,PA,PENNSYLVANIA
429,2029,39,0.0,0.0,RI,RHODE ISLAND
430,2029,40,4758.062915656079,145.72270539105455,SC,SOUTH CAROLINA
431,2029,41,3395712.559560315,24429.30522806608,SD,SOUTH DAKOTA
432,2029,42,3589.1750179639366,112.30621262389798,TN,TENNESSEE
433,2029,43,10960.977268853889,371.9072878362618,TX,TEXAS
434,2029,44,0.0,0.0,UT,UTAH
435,2029,45,0.0,0.0,VT,VERMONT
436,2029,46,1895.986211695311,24.02003023657989,VA,VIRGINIA
437,2029,47,0.0,0.0,WA,WASHINGTON
438,2029,48,84.45244351176012,14.4844695212309,WV,WEST VIRGINIA
439,2029,49,741627.2802754864,5768.581523463426,WI,WISCONSIN
440,2029,50,321259.6732755557,13463.732142413304,WY,WYOMING
441,2030,0,307797.37886832975,1852.969074096223,AL,ALABAMA
442,2030,2,0.0,0.0,AZ,ARIZONA
443,2030,3,253635.9195789374,4097.270208422531,AR,ARKANSAS
444,2030,4,0.0,0.0,CA,CALIFORNIA
445,2030,5,89558.96453637865,1243.8985388636495,CO,COLORADO
446,2030,6,0.0,0.0,CT,CONNECTICUT
447,2030,7,96898.61391218804,613.7116004180963,DE,DELAWARE
448,2030,8,0.0,0.0,DC,DISTRICT OF COLUMBIA
449,2030,9,9410.748399092136,113.84123903426952,FL,FLORIDA
450,2030,10,187072.84921478853,1992.9211321556627,GA,GEORGIA
451,2030,12,552.2119472881966,45.63808084767278,ID,IDAHO
452,2030,13,1121458.7712481893,7617.945301831998,IL,ILLINOIS
453,2030,14,339966.8849210867,2670.366556292224,IN,INDIANA
454,2030,15,1098355.7074343786,6672.888156784593,IA,IOWA
455,2030,16,1013434.5740889031,7308.938316492407,KS,KANSAS
456,2030,17,1177453.6337885975,7479.710357297848,KY,KENTUCKY
457,2030,18,600340.8454616998,8500.503590440097,LA,LOUISIANA
458,2030,19,0.0,0.0,ME,MAINE
459,2030,20,185646.64009121308,756.008630915197,MD,MARYLAND
460,2030,21,0.0,0.0,MA,MASSACHUSETTS
461,2030,22,16295.043212166522,400.07656252394577,MI,MICHIGAN
462,2030,23,1010663.7009638834,10584.538687867813,MN,MINNESOTA
463,2030,24,783125.5370659879,8657.552100649023,MS,MISSISSIPPI
464,2030,25,1258683.2144886237,11198.064901772635,MO,MISSOURI
465,2030,26,793119.912017558,14424.754235111874,MT,MONTANA
466,2030,27,1032309.868998803,11831.77266992672,NE,NEBRASKA
467,2030,28,0.0,0.0,NV,NEVADA
468,2030,29,0.0,0.0,NH,NEW HAMPSHIRE
469,2030,30,6268.053630543257,213.3876853142779,NJ,NEW JERSEY
470,2030,31,0.0,0.0,NM,NEW MEXICO
471,2030,32,731.9639515990746,10.385533216499098,NY,NEW YORK
472,2030,33,893835.7582516326,5734.628881781084,NC,NORTH CAROLINA
473,2030,34,540548.2230232481,6887.359487279588,ND,NORTH DAKOTA
474,2030,35,66609.73275531226,2314.895487533564,OH,OHIO
475,2030,36,101322.91321543124,1666.166841441794,OK,OKLAHOMA
476,2030,37,0.0,0.0,OR,OREGON
477,2030,38,2103.237321552405,33.40776211593874,PA,PENNSYLVANIA
478,2030,39,0.0,0.0,RI,RHODE ISLAND
479,2030,40,261368.24287425767,3109.4889940626226,SC,SOUTH CAROLINA
480,2030,41,1972886.401094106,19065.416514275017,SD,SOUTH DAKOTA
481,2030,42,905589.234202797,4987.188644161392,TN,TENNESSEE
482,2030,43,31671.703742865444,1356.8635335428908,TX,TEXAS
483,2030,44,0.0,0.0,UT,UTAH
484,2030,45,0.0,0.0,VT,VERMONT
485,2030,46,215490.143722818,908.6432641421308,VA,VIRGINIA
486,2030,47,0.0,0.0,WA,WASHINGTON
487,2030,48,146.4692989455165,6.506776320061688,WV,WEST VIRGINIA
488,2030,49,11365.61762530149,131.58574879212506,WI,WISCONSIN
489,2030,50,391522.8035828444,15948.503480574627,WY,WYOMING
490,2031,0,449.4572685667695,21.935949805147335,AL,ALABAMA
491,2031,2,0.0,0.0,AZ,ARIZONA
492,2031,3,10099.382591832236,145.35101786851894,AR,ARKANSAS
493,2031,4,0.0,0.0,CA,CALIFORNIA
494,2031,5,85068.3949558437,1213.0272604313377,CO,COLORADO
495,2031,6,0.0,0.0,CT,CONNECTICUT
496,2031,7,114438.42746505584,1044.8298380688211,DE,DELAWARE
497,2031,8,0.0,0.0,DC,DISTRICT OF COLUMBIA
498,2031,9,0.0,0.0,FL,FLORIDA
499,2031,10,1280.9285990623955,33.61993019335908,GA,GEORGIA
500,2031,12,688.9083972255198,56.93548878038007,ID,IDAHO
501,2031,13,9755735.508029915,39672.852214175626,IL,ILLINOIS
502,2031,14,9856179.70381151,29686.2913012292,IN,INDIANA
503,2031,15,7383027.920422766,31112.43729606941,IA,IOWA
504,2031,16,2284717.2154840017,14107.246224279716,KS,KANSAS
505,2031,17,517493.532846014,1927.9262339171496,KY,KENTUCKY
506,2031,18,338.8377268127082,6.107383412708719,LA,LOUISIANA
507,2031,19,0.0,0.0,ME,MAINE
508,2031,20,302985.1747201951,2184.702622368812,MD,MARYLAND
509,2031,21,0.0,0.0,MA,MASSACHUSETTS
510,2031,22,505559.0762764359,2281.93537530065,MI,MICHIGAN
511,2031,23,954340.37067589,9057.149824868437,MN,MINNESOTA
512,2031,24,18025.112556031487,179.43113933966782,MS,MISSISSIPPI
513,2031,25,5289404.218681101,23928.665953538766,MO,MISSOURI
514,2031,26,772914.4383729433,14347.939061690526,MT,MONTANA
515,2031,27,1681032.3462700143,14933.961381143345,NE,NEBRASKA
516,2031,28,0.0,0.0,NV,NEVADA
517,2031,29,20.601373018307328,0.5446223371940471,NH,NEW HAMPSHIRE
518,2031,30,140006.15746153,820.9382805821701,NJ,NEW JERSEY
519,2031,31,0.0,0.0,NM,NEW MEXICO
520,2031,32,19241.022394621457,83.65630547663577,NY,NEW YORK
521,2031,33,42574.29732600113,643.9193948343175,NC,NORTH CAROLINA
522,2031,34,489211.1657445829,4916.192685772838,ND,NORTH DAKOTA
523,2031,35,9550888.135878742,26506.366653361463,OH,OHIO
524,2031,36,77729.2949250635,1209.5110411713054,OK,OKLAHOMA
525,2031,37,0.0,0.0,OR,OREGON
526,2031,38,884293.048549968,3679.821047364576,PA,PENNSYLVANIA
527,2031,39,0.0,0.0,RI,RHODE ISLAND
528,2031,40,526.8084361284722,20.076957411890685,SC,SOUTH CAROLINA
529,2031,41,1869938.8526835255,16683.09931474309,SD,SOUTH DAKOTA
530,2031,42,287599.51550073153,1132.7855784227345,TN,TENNESSEE
531,2031,43,19285.625199538375,672.7626479565778,TX,TEXAS
532,2031,44,0.0,0.0,UT,UTAH
533,2031,45,0.0,0.0,VT,VERMONT
534,2031,46,219048.52461119503,1496.7513314976793,VA,VIRGINIA
535,2031,47,0.0,0.0,WA,WASHINGTON
536,2031,48,49096.70876262439,169.78964084101588,WV,WEST VIRGINIA
537,2031,49,698323.916884866,5247.511478637246,WI,WISCONSIN
538,2031,50,450662.3511808221,16055.178097771004,WY,WYOMING
539,2032,0,45810.06494506101,358.6625581641952,AL,ALABAMA
540,2032,2,0.0,0.0,AZ,ARIZONA
541,2032,3,90837.8547011558,1756.576084438445,AR,ARKANSAS
542,2032,4,0.0,0.0,CA,CALIFORNIA
543,2032,5,112948.9810975795,1690.928811420576,CO,COLORADO
544,2032,6,0.0,0.0,CT,CONNECTICUT
545,2032,7,2332.93000698988,87.73097986434858,DE,DELAWARE
546,2032,8,0.0,0.0,DC,DISTRICT OF COLUMBIA
547,2032,9,12522.832436901252,82.00468309757721,FL,FLORIDA
548,2032,10,22998.731026300626,382.69574570496616,GA,GEORGIA
549,2032,12,552.2123418187093,45.638113454021706,ID,IDAHO
550,2032,13,4243696.894565338,35851.9905406644,IL,ILLINOIS
551,2032,14,527417.3130814146,5689.309056001375,IN,INDIANA
552,2032,15,5073099.00911797,34134.6524289154,IA,IOWA
553,2032,16,556483.8708202448,5992.423330373936,KS,KANSAS
554,2032,17,201321.53591163224,2286.5698313881885,KY,KENTUCKY
555,2032,18,272679.61561836395,4230.916168580804,LA,LOUISIANA
556,2032,19,0.0,0.0,ME,MAINE
557,2032,20,30503.60945515199,512.9670031983021,MD,MARYLAND
558,2032,21,0.0,0.0,MA,MASSACHUSETTS
559,2032,22,32201.09948761839,342.54997186301165,MI,MICHIGAN
560,2032,23,383635.28867250506,4244.763114835327,MN,MINNESOTA
561,2032,24,140771.9183949639,2734.3856316317715,MS,MISSISSIPPI
562,2032,25,3310232.809504844,25080.108537078555,MO,MISSOURI
563,2032,26,522863.4586712,10366.484148754986,MT,MONTANA
564,2032,27,371944.0190574512,6589.581461930675,NE,NEBRASKA
565,2032,28,0.0,0.0,NV,NEVADA
566,2032,29,0.0,0.0,NH,NEW HAMPSHIRE
567,2032,30,9878.239877827637,244.07302344729084,NJ,NEW JERSEY
568,2032,31,0.0,0.0,NM,NEW MEXICO
569,2032,32,0.0,0.0,NY,NEW YORK
570,2032,33,14973.490360200534,229.51039677947887,NC,NORTH CAROLINA
571,2032,34,457647.6800664018,6446.742801413625,ND,NORTH DAKOTA
572,2032,35,55734.07829368239,1597.4281855129802,OH,OHIO
573,2032,36,40806.46038345246,739.7427449258087,OK,OKLAHOMA
574,2032,37,0.0,0.0,OR,OREGON
575,2032,38,9635.669109063438,174.74583870517293,PA,PENNSYLVANIA
576,2032,39,0.0,0.0,RI,RHODE ISLAND
577,2032,40,0.0,0.0,SC,SOUTH CAROLINA
578,2032,41,1191149.9273997103,10850.066550836593,SD,SOUTH DAKOTA
579,2032,42,302404.7306071713,2627.310537218552,TN,TENNESSEE
580,2032,43,32104.728526136656,965.7114114949829,TX,TEXAS
581,2032,44,0.0,0.0,UT,UTAH
582,2032,45,0.0,0.0,VT,VERMONT
583,2032,46,1174.8438629657182,35.655634924329725,VA,VIRGINIA
584,2032,47,0.0,0.0,WA,WASHINGTON
585,2032,48,0.0,0.0,WV,WEST VIRGINIA
586,2032,49,147264.6592728821,2501.865498251263,WI,WISCONSIN
587,2032,50,481582.36764090334,15897.47408132631,WY,WYOMING
588,2033,0,204837.4143858961,1489.1320935461156,AL,ALABAMA
589,2033,2,0.0,0.0,AZ,ARIZONA
590,2033,3,344008.765224217,7025.325688829444,AR,ARKANSAS
591,2033,4,0.0,0.0,CA,CALIFORNIA
592,2033,5,138913.34909316938,1910.632124635936,CO,COLORADO
593,2033,6,0.0,0.0,CT,CONNECTICUT
594,2033,7,187259.67847317157,896.5414909684933,DE,DELAWARE
595,2033,8,0.0,0.0,DC,DISTRICT OF COLUMBIA
596,2033,9,22498.87890342353,134.80520432654947,FL,FLORIDA
597,2033,10,386269.59989106137,2182.53497043884,GA,GEORGIA
598,2033,12,195.48150575657525,16.155754702075214,ID,IDAHO
599,2033,13,652001.4625366402,3659.518498132631,IL,ILLINOIS
600,2033,14,396303.8414997496,2622.2408289283176,IN,INDIANA
601,2033,15,0.0,0.0,IA,IOWA
602,2033,16,19096.97570414753,423.2967485299854,KS,KANSAS
603,2033,17,1844298.4889754527,9169.170511696631,KY,KENTUCKY
604,2033,18,141154.36907947954,2036.2383231166073,LA,LOUISIANA
605,2033,19,0.0,0.0,ME,MAINE
606,2033,20,211650.06170461385,1095.604108700465,MD,MARYLAND
607,2033,21,0.0,0.0,MA,MASSACHUSETTS
608,2033,22,1358.2546587182976,56.78227350327059,MI,MICHIGAN
609,2033,23,2.7036503921175075,0.2283949837444203,MN,MINNESOTA
610,2033,24,441487.5615123615,6671.026081328363,MS,MISSISSIPPI
611,2033,25,573417.0546922728,3434.940117277791,MO,MISSOURI
612,2033,26,210514.04678916323,4660.932565273603,MT,MONTANA
613,2033,27,17453.31062299997,225.28780719237668,NE,NEBRASKA
614,2033,28,0.0,0.0,NV,NEVADA
615,2033,29,12.477067246464786,0.4902091143860805,NH,NEW HAMPSHIRE
616,2033,30,174174.97208065703,722.710580751151,NJ,NEW JERSEY
617,2033,31,0.0,0.0,NM,NEW MEXICO
618,2033,32,8469.989350932774,95.78330110550183,NY,NEW YORK
619,2033,33,1028272.260182642,5581.895033191697,NC,NORTH CAROLINA
620,2033,34,141.66477900973794,2.4915352490541043,ND,NORTH DAKOTA
621,2033,35,993897.6683005808,9308.505984153033,OH,OHIO
622,2033,36,69496.83149954116,1085.3231822770786,OK,OKLAHOMA
623,2033,37,0.0,0.0,OR,OREGON
624,2033,38,246616.0297547508,1973.7983848393487,PA,PENNSYLVANIA
625,2033,39,0.0,0.0,RI,RHODE ISLAND
626,2033,40,457548.8528563278,3080.132183576882,SC,SOUTH CAROLINA
627,2033,41,9029.57838240458,104.82619037343304,SD,SOUTH DAKOTA
628,2033,42,1273011.510325963,7675.868645585858,TN,TENNESSEE
629,2033,43,30861.313011840204,1071.6911519237574,TX,TEXAS
630,2033,44,0.0,0.0,UT,UTAH
631,2033,45,0.0,0.0,VT,VERMONT
632,2033,46,220675.3450287369,749.9803472611322,VA,VIRGINIA
633,2033,47,0.0,0.0,WA,WASHINGTON
634,2033,48,11761.181717613214,55.53707622036832,WV,WEST VIRGINIA
635,2033,49,421.7351052587554,5.330469536397002,WI,WISCONSIN
636,2033,50,423439.2222303493,14628.446111604906,WY,WYOMING
637,2034,0,0.0,0.0,AL,ALABAMA
638,2034,2,0.0,0.0,AZ,ARIZONA
639,2034,3,130271.98594251162,2224.364287936958,AR,ARKANSAS
640,2034,4,0.0,0.0,CA,CALIFORNIA
641,2034,5,163387.80920581744,2266.894449304123,CO,COLORADO
642,2034,6,0.0,0.0,CT,CONNECTICUT
643,2034,7,49926.950189845134,709.7330720509791,DE,DELAWARE
644,2034,8,0.0,0.0,DC,DISTRICT OF COLUMBIA
645,2034,9,472.0597464862548,3.6310489680464055,FL,FLORIDA
646,2034,10,5053.499229454572,128.6351849265407,GA,GEORGIA
647,2034,12,477.6419890826106,60.19391569755441,ID,IDAHO
648,2034,13,3854647.173430705,18632.10761910682,IL,ILLINOIS
649,2034,14,1936039.4431428383,11576.855719117026,IN,INDIANA
650,2034,15,6065349.496565414,27930.821524896484,IA,IOWA
651,2034,16,2891211.501070174,19988.90050017032,KS,KANSAS
652,2034,17,56217.18491633125,772.4205823561235,KY,KENTUCKY
653,2034,18,43978.6464945055,681.014563845163,LA,LOUISIANA
654,2034,19,0.0,0.0,ME,MAINE
655,2034,20,41035.86327933508,564.7478332789308,MD,MARYLAND
656,2034,21,0.0,0.0,MA,MASSACHUSETTS
657,2034,22,81442.46287715853,724.4217828252117,MI,MICHIGAN
658,2034,23,1360530.9246967451,10424.803763883603,MN,MINNESOTA
659,2034,24,24133.755314511614,643.5311808397112,MS,MISSISSIPPI
660,2034,25,4056933.549339432,22001.7466697716,MO,MISSOURI
661,2034,26,865995.1048268428,16290.447303715642,MT,MONTANA
662,2034,27,2750906.892773302,24823.963340903523,NE,NEBRASKA
663,2034,28,0.0,0.0,NV,NEVADA
664,2034,29,0.0,0.0,NH,NEW HAMPSHIRE
665,2034,30,10960.46218915869,161.12344853641034,NJ,NEW JERSEY
666,2034,31,0.0,0.0,NM,NEW MEXICO
667,2034,32,672.5177769716138,5.053450804739913,NY,NEW YORK
668,2034,33,41642.57211845745,2427.111329339829,NC,NORTH CAROLINA
669,2034,34,789902.0938273296,8157.748981289653,ND,NORTH DAKOTA
670,2034,35,1559544.077597025,12296.42540000379,OH,OHIO
671,2034,36,356903.38133772486,5267.63399765499,OK,OKLAHOMA
672,2034,37,0.0,0.0,OR,OREGON
673,2034,38,4849.035163999283,68.04075992628103,PA,PENNSYLVANIA
674,2034,39,0.0,0.0,RI,RHODE ISLAND
675,2034,40,17071.71054521104,261.9289930334548,SC,SOUTH CAROLINA
676,2034,41,3062304.243295368,23708.4254509807,SD,SOUTH DAKOTA
677,2034,42,76920.86266937759,720.7584652291312,TN,TENNESSEE
678,2034,43,73350.92749526433,2241.723338387609,TX,TEXAS
679,2034,44,0.0,0.0,UT,UTAH
680,2034,45,0.0,0.0,VT,VERMONT
681,2034,46,41307.83149980863,532.4370705920019,VA,VIRGINIA
682,2034,47,0.0,0.0,WA,WASHINGTON
683,2034,48,0.0,0.0,WV,WEST VIRGINIA
684,2034,49,843015.570405202,6255.823040262071,WI,WISCONSIN
685,2034,50,529109.321194564,18542.57533449417,WY,WYOMING
686,2035,0,247604.6571519344,1384.5253913080303,AL,ALABAMA
687,2035,2,0.0,0.0,AZ,ARIZONA
688,2035,3,239657.0345524856,4379.103604452311,AR,ARKANSAS
689,2035,4,0.0,0.0,CA,CALIFORNIA
690,2035,5,131925.00287826118,1829.2991134082604,CO,COLORADO
691,2035,6,0.0,0.0,CT,CONNECTICUT
692,2035,7,57242.98887208421,372.9044444709989,DE,DELAWARE
693,2035,8,0.0,0.0,DC,DISTRICT OF COLUMBIA
694,2035,9,554.4176199610026,5.737126081440743,FL,FLORIDA
695,2035,10,26021.44645950656,380.76757317704863,GA,GEORGIA
696,2035,12,910.5433472128152,111.26299853473324,ID,IDAHO
697,2035,13,141695.68499151125,1443.8245839524725,IL,ILLINOIS
698,2035,14,138900.6881014662,1851.0203788754636,IN,INDIANA
699,2035,15,44231.30031493307,220.58420044373568,IA,IOWA
700,2035,16,14083.871157259951,187.37314963017764,KS,KANSAS
701,2035,17,580567.9665813923,3656.977553759784,KY,KENTUCKY
702,2035,18,139295.76436749913,2932.253943563721,LA,LOUISIANA
703,2035,19,0.0,0.0,ME,MAINE
704,2035,20,183331.16751282057,1220.1370861152996,MD,MARYLAND
705,2035,21,0.0,0.0,MA,MASSACHUSETTS
706,2035,22,3758.6844512664975,114.92689610192686,MI,MICHIGAN
707,2035,23,806742.4077350262,5863.021968620191,MN,MINNESOTA
708,2035,24,103315.91175190666,1573.3704058915616,MS,MISSISSIPPI
709,2035,25,456611.66054062295,3027.101770420484,MO,MISSOURI
710,2035,26,714601.5792428894,13559.59761883906,MT,MONTANA
711,2035,27,202418.0536532293,4808.565076251676,NE,NEBRASKA
712,2035,28,0.0,0.0,NV,NEVADA
713,2035,29,33.73408060588671,0.4493134357013304,NH,NEW HAMPSHIRE
714,2035,30,97168.57684525222,698.0359276382183,NJ,NEW JERSEY
715,2035,31,0.0,0.0,NM,NEW MEXICO
716,2035,32,6756.604931252077,32.24218834837057,NY,NEW YORK
717,2035,33,232145.3945136131,3222.5430389537423,NC,NORTH CAROLINA
718,2035,34,171611.39185584802,2808.02780447142,ND,NORTH DAKOTA
719,2035,35,481619.7651565478,4445.149670338393,OH,OHIO
720,2035,36,127.50262783777356,14.060465609657898,OK,OKLAHOMA
721,2035,37,0.0,0.0,OR,OREGON
722,2035,38,242207.13784552037,1749.6511382808758,PA,PENNSYLVANIA
723,2035,39,0.0,0.0,RI,RHODE ISLAND
724,2035,40,41256.14207219054,1694.476528331949,SC,SOUTH CAROLINA
725,2035,41,1011638.9366281084,9074.119913809214,SD,SOUTH DAKOTA
726,2035,42,718592.4864913006,4934.23676653536,TN,TENNESSEE
727,2035,43,22954.25001121879,852.2929014444787,TX,TEXAS
728,2035,44,0.0,0.0,UT,UTAH
729,2035,45,0.0,0.0,VT,VERMONT
730,2035,46,95470.40164986596,525.6729159116481,VA,VIRGINIA
731,2035,47,0.0,0.0,WA,WASHINGTON
732,2035,48,5190.365939412254,69.99760683780576,WV,WEST VIRGINIA
733,2035,49,47037.362239161484,569.0062939419755,WI,WISCONSIN
734,2035,50,196600.359980415,8752.81638661203,WY,WYOMING
735,2036,0,84779.11095035239,826.9441658138162,AL,ALABAMA
736,2036,2,0.0,0.0,AZ,ARIZONA
737,2036,3,119322.7438687887,3893.5590330248906,AR,ARKANSAS
738,2036,4,0.0,0.0,CA,CALIFORNIA
739,2036,5,151384.56564340345,2212.453535277941,CO,COLORADO
740,2036,6,0.0,0.0,CT,CONNECTICUT
741,2036,7,0.0,0.0,DE,DELAWARE
742,2036,8,0.0,0.0,DC,DISTRICT OF COLUMBIA
743,2036,9,1188.1311550525238,29.599926482857104,FL,FLORIDA
744,2036,10,21061.85325863752,671.7108136588366,GA,GEORGIA
745,2036,12,950.3131202399314,78.53953038339344,ID,IDAHO
746,2036,13,9130426.088689946,46522.04529879293,IL,ILLINOIS
747,2036,14,3105044.0961168176,12721.364594080043,IN,INDIANA
748,2036,15,7850679.628145908,41869.427438500505,IA,IOWA
749,2036,16,2931369.787114109,18626.537751859847,KS,KANSAS
750,2036,17,1726146.184523419,7688.664661232382,KY,KENTUCKY
751,2036,18,440076.93024472264,6980.189579436079,LA,LOUISIANA
752,2036,19,0.0,0.0,ME,MAINE
753,2036,20,0.0,0.0,MD,MARYLAND
754,2036,21,0.0,0.0,MA,MASSACHUSETTS
755,2036,22,71214.2334554287,650.0437813784688,MI,MICHIGAN
756,2036,23,4849283.935176664,31707.13306081153,MN,MINNESOTA
757,2036,24,574005.584190042,8658.365877906777,MS,MISSISSIPPI
758,2036,25,6733670.949721279,32609.131175241346,MO,MISSOURI
759,2036,26,745189.5965255268,15796.7353466077,MT,MONTANA
760,2036,27,2327227.1145225167,24306.920015701573,NE,NEBRASKA
761,2036,28,0.0,0.0,NV,NEVADA
762,2036,29,0.0,0.0,NH,NEW HAMPSHIRE
763,2036,30,0.0,0.0,NJ,NEW JERSEY
764,2036,31,0.0,0.0,NM,NEW MEXICO
765,2036,32,202.19451900918892,2.418714846684685,NY,NEW YORK
766,2036,33,294338.6370234428,4612.6984605691205,NC,NORTH CAROLINA
767,2036,34,662113.3274464231,7543.075713396489,ND,NORTH DAKOTA
768,2036,35,686679.3016261834,3838.661508563762,OH,OHIO
769,2036,36,359729.21936476213,6111.847954685734,OK,OKLAHOMA
770,2036,37,0.0,0.0,OR,OREGON
771,2036,38,202.5817793287496,2.379978748175786,PA,PENNSYLVANIA
772,2036,39,0.0,0.0,RI,RHODE ISLAND
773,2036,40,41390.24135478226,869.8427614911035,SC,SOUTH CAROLINA
774,2036,41,2516628.870412899,22649.34693826295,SD,SOUTH DAKOTA
775,2036,42,644458.8226134364,6606.597359990266,TN,TENNESSEE
776,2036,43,86019.5253840162,2722.5782816762917,TX,TEXAS
777,2036,44,0.0,0.0,UT,UTAH
778,2036,45,0.0,0.0,VT,VERMONT
779,2036,46,0.0,0.0,VA,VIRGINIA
780,2036,47,0.0,0.0,WA,WASHINGTON
781,2036,48,0.0,0.0,WV,WEST VIRGINIA
782,2036,49,790193.2439849464,6004.328121131,WI,WISCONSIN
783,2036,50,419229.475779061,16526.125172114287,WY,WYOMING
784,2037,0,16732.76848814815,135.72537088462454,AL,ALABAMA
785,2037,2,0.0,0.0,AZ,ARIZONA
786,2037,3,83484.82135534855,1726.328461727829,AR,ARKANSAS
787,2037,4,0.0,0.0,CA,CALIFORNIA
788,2037,5,111543.75888595276,1648.333443917938,CO,COLORADO
789,2037,6,0.0,0.0,CT,CONNECTICUT
790,2037,7,243279.82139470865,1042.0606222402955,DE,DELAWARE
791,2037,8,0.0,0.0,DC,DISTRICT OF COLUMBIA
792,2037,9,0.0,0.0,FL,FLORIDA
793,2037,10,20.526658165187005,1.4755708387197286,GA,GEORGIA
794,2037,12,1067.207249604775,105.99378630421027,ID,IDAHO
795,2037,13,6228622.006860732,38373.33841061212,IL,ILLINOIS
796,2037,14,1365634.9024517215,6556.075020252576,IN,INDIANA
797,2037,15,8410555.880788047,41160.89832198026,IA,IOWA
798,2037,16,1397679.9775474162,13985.945842249872,KS,KANSAS
799,2037,17,4269.817425655598,82.88202301101624,KY,KENTUCKY
800,2037,18,322871.0148539097,4121.43911301481,LA,LOUISIANA
801,2037,19,0.0,0.0,ME,MAINE
802,2037,20,290259.6212149634,1596.679857136293,MD,MARYLAND
803,2037,21,0.0,0.0,MA,MASSACHUSETTS
804,2037,22,376004.94321043487,2723.100529460386,MI,MICHIGAN
805,2037,23,5048637.791837427,30524.557472204884,MN,MINNESOTA
806,2037,24,80180.14685609932,816.4207098030296,MS,MISSISSIPPI
807,2037,25,3171088.702173371,26035.62409863849,MO,MISSOURI
808,2037,26,516898.19987650594,10673.43386936134,MT,MONTANA
809,2037,27,1892650.003518192,22059.173202861723,NE,NEBRASKA
810,2037,28,0.0,0.0,NV,NEVADA
811,2037,29,0.0,0.0,NH,NEW HAMPSHIRE
812,2037,30,90876.88167621478,625.0029721019243,NJ,NEW JERSEY
813,2037,31,0.0,0.0,NM,NEW MEXICO
814,2037,32,21739.70847019718,132.85415934859736,NY,NEW YORK
815,2037,33,29749.86972306964,643.6203391606266,NC,NORTH CAROLINA
816,2037,34,531881.208619283,5394.600532394504,ND,NORTH DAKOTA
817,2037,35,852437.5840484109,6253.407711981211,OH,OHIO
818,2037,36,61294.16358598403,1977.9487515545463,OK,OKLAHOMA
819,2037,37,0.0,0.0,OR,OREGON
820,2037,38,112701.90440823352,910.413324209988,PA,PENNSYLVANIA
821,2037,39,0.0,0.0,RI,RHODE ISLAND
822,2037,40,0.0,0.0,SC,SOUTH CAROLINA
823,2037,41,1924789.690794753,14868.36861646819,SD,SOUTH DAKOTA
824,2037,42,2934.16979058638,19.47942552567717,TN,TENNESSEE
825,2037,43,21434.031875232038,638.2332236393847,TX,TEXAS
826,2037,44,0.0,0.0,UT,UTAH
827,2037,45,4430.055321709414,43.85262250993647,VT,VERMONT
828,2037,46,3078.160023599812,106.24542214145409,VA,VIRGINIA
829,2037,47,0.0,0.0,WA,WASHINGTON
830,2037,48,1194.9307300861574,29.02450507754221,WV,WEST VIRGINIA
831,2037,49,1177373.5346175765,6720.180040520675,WI,WISCONSIN
832,2037,50,279140.22534742614,12671.808457370898,WY,WYOMING
833,2038,0,297407.21060263016,1715.391256924332,AL,ALABAMA
834,2038,2,0.0,0.0,AZ,ARIZONA
835,2038,3,491482.2073723947,9165.846099536167,AR,ARKANSAS
836,2038,4,0.0,0.0,CA,CALIFORNIA
837,2038,5,105628.55078265844,1664.799079621399,CO,COLORADO
838,2038,6,0.0,0.0,CT,CONNECTICUT
839,2038,7,0.0,0.0,DE,DELAWARE
840,2038,8,0.0,0.0,DC,DISTRICT OF COLUMBIA
841,2038,9,19179.88071568068,132.68329379546424,FL,FLORIDA
842,2038,10,138323.15741754725,1734.7533134399512,GA,GEORGIA
843,2038,12,553.6224338552156,45.75465184961558,ID,IDAHO
844,2038,13,9610493.855805092,43061.485399909005,IL,ILLINOIS
845,2038,14,2908893.334323146,12092.90343793689,IN,INDIANA
846,2038,15,3804785.001502796,32052.64056238424,IA,IOWA
847,2038,16,2323871.1813180232,15174.15272822336,KS,KANSAS
848,2038,17,671832.3785576882,3095.166678887894,KY,KENTUCKY
849,2038,18,399305.15759772045,6372.829833714443,LA,LOUISIANA
850,2038,19,0.0,0.0,ME,MAINE
851,2038,20,24066.38659715161,149.07828149320278,MD,MARYLAND
852,2038,21,0.0,0.0,MA,MASSACHUSETTS
853,2038,22,272257.7547539092,2396.063034718688,MI,MICHIGAN
854,2038,23,2606372.3656120263,27567.550719766637,MN,MINNESOTA
855,2038,24,815339.8419743292,10097.53482001548,MS,MISSISSIPPI
856,2038,25,4662751.264144909,24914.98822332208,MO,MISSOURI
857,2038,26,540383.7174123549,11543.334300444432,MT,MONTANA
858,2038,27,771025.6960560789,10719.210770639063,NE,NEBRASKA
859,2038,28,0.0,0.0,NV,NEVADA
860,2038,29,0.0,0.0,NH,NEW HAMPSHIRE
861,2038,30,4479.689514931664,28.168707757461952,NJ,NEW JERSEY
862,2038,31,0.0,0.0,NM,NEW MEXICO
863,2038,32,90398.66317350084,514.9896145763087,NY,NEW YORK
864,2038,33,418566.60362964455,3348.891810895004,NC,NORTH CAROLINA
865,2038,34,419575.289792125,6740.29443849569,ND,NORTH DAKOTA
866,2038,35,1807131.3240175303,9456.20475740595,OH,OHIO
867,2038,36,390590.5241335663,5438.69558578906,OK,OKLAHOMA
868,2038,37,0.0,0.0,OR,OREGON
869,2038,38,212966.2429617876,857.8962077790945,PA,PENNSYLVANIA
870,2038,39,0.0,0.0,RI,RHODE ISLAND
871,2038,40,49888.57100920395,1561.887914332295,SC,SOUTH CAROLINA
872,2038,41,1264145.1592128717,15761.310479115236,SD,SOUTH DAKOTA
873,2038,42,748377.9948718997,4743.916762971781,TN,TENNESSEE
874,2038,43,88933.89133308207,2775.7654215034545,TX,TEXAS
875,2038,44,0.0,0.0,UT,UTAH
876,2038,45,4495.913955177584,49.13298962086806,VT,VERMONT
877,2038,46,23800.58550665053,97.3090107969276,VA,VIRGINIA
878,2038,47,0.0,0.0,WA,WASHINGTON
879,2038,48,73409.09418654707,263.3650084948616,WV,WEST VIRGINIA
880,2038,49,785638.2350249789,5854.98853370954,WI,WISCONSIN
881,2038,50,225200.50202341296,11398.324898558016,WY,WYOMING
882,2039,0,283503.0349331689,1810.6770541966437,AL,ALABAMA
883,2039,2,0.0,0.0,AZ,ARIZONA
884,2039,3,442398.7905410282,7131.725289805533,AR,ARKANSAS
885,2039,4,0.0,0.0,CA,CALIFORNIA
886,2039,5,111990.24610995852,1568.6812744911022,CO,COLORADO
887,2039,6,0.0,0.0,CT,CONNECTICUT
888,2039,7,91408.21853950492,554.7308775481839,DE,DELAWARE
889,2039,8,0.0,0.0,DC,DISTRICT OF COLUMBIA
890,2039,9,23953.08036925828,192.1125594318342,FL,FLORIDA
891,2039,10,137399.48988783153,1491.6655373938506,GA,GEORGIA
892,2039,12,1283.7309052077198,108.28082563027502,ID,IDAHO
893,2039,13,6322128.68388021,38933.39141077419,IL,ILLINOIS
894,2039,14,7339065.197847657,30792.578830790662,IN,INDIANA
895,2039,15,1328062.8520762878,14285.244893441744,IA,IOWA
896,2039,16,233818.020147059,3068.559843175075,KS,KANSAS
897,2039,17,2639888.947590862,11801.967500687002,KY,KENTUCKY
898,2039,18,312494.07966532535,4885.602932315525,LA,LOUISIANA
899,2039,19,0.0,0.0,ME,MAINE
900,2039,20,483943.8964930142,2140.7723627318496,MD,MARYLAND
901,2039,21,0.0,0.0,MA,MASSACHUSETTS
902,2039,22,954981.8794845154,4123.783788387753,MI,MICHIGAN
903,2039,23,1720629.8229026622,20965.098046689323,MN,MINNESOTA
904,2039,24,989901.637656788,10263.381806657417,MS,MISSISSIPPI
905,2039,25,956129.7557151616,7156.306799503896,MO,MISSOURI
906,2039,26,829309.8896985967,14524.130861689231,MT,MONTANA
907,2039,27,187139.22109471,4310.599425019614,NE,NEBRASKA
908,2039,28,0.0,0.0,NV,NEVADA
909,2039,29,0.0,0.0,NH,NEW HAMPSHIRE
910,2039,30,254849.39094531137,1001.5874793975208,NJ,NEW JERSEY
911,2039,31,0.0,0.0,NM,NEW MEXICO
912,2039,32,108627.92635216685,744.4307267771396,NY,NEW YORK
913,2039,33,500256.5680992792,3661.881857945265,NC,NORTH CAROLINA
914,2039,34,378409.772366483,6289.411006280152,ND,NORTH DAKOTA
915,2039,35,9305342.398814594,29836.759484277143,OH,OHIO
916,2039,36,164274.3167066953,2304.0606713670986,OK,OKLAHOMA
917,2039,37,0.0,0.0,OR,OREGON
918,2039,38,1054291.5686568387,4989.56630128525,PA,PENNSYLVANIA
919,2039,39,0.0,0.0,RI,RHODE ISLAND
920,2039,40,136961.87170828384,1267.379878253457,SC,SOUTH CAROLINA
921,2039,41,1328593.7799915608,14244.08448248691,SD,SOUTH DAKOTA
922,2039,42,1062248.9192823428,5798.244075251075,TN,TENNESSEE
923,2039,43,19845.062497798903,676.0042589498536,TX,TEXAS
924,2039,44,0.0,0.0,UT,UTAH
925,2039,45,18173.14340041219,84.90657992910756,VT,VERMONT
926,2039,46,294553.9794662238,1282.783072905538,VA,VIRGINIA
927,2039,47,0.0,0.0,WA,WASHINGTON
928,2039,48,189325.5987460853,548.903919759074,WV,WEST VIRGINIA
929,2039,49,178239.77171925397,1746.7127780141295,WI,WISCONSIN
930,2039,50,349422.26743054256,12347.518426162846,WY,WYOMING
931,2040,0,588865.6444941348,2574.421507382573,AL,ALABAMA
932,2040,2,0.0,0.0,AZ,ARIZONA
933,2040,3,690407.7555600438,9621.69107827142,AR,ARKANSAS
934,2040,4,0.0,0.0,CA,CALIFORNIA
935,2040,5,117621.11654745755,1803.9349424135544,CO,COLORADO
936,2040,6,0.0,0.0,CT,CONNECTICUT
937,2040,7,0.0,0.0,DE,DELAWARE
938,2040,8,0.0,0.0,DC,DISTRICT OF COLUMBIA
939,2040,9,25260.07733347141,210.10626190764745,FL,FLORIDA
940,2040,10,251185.5925003714,3035.5719550102367,GA,GEORGIA
941,2040,12,1068.2598124423337,91.79896587672876,ID,IDAHO
942,2040,13,12544862.634279393,52902.58734940751,IL,ILLINOIS
943,2040,14,6958685.094461601,32530.716386970307,IN,INDIANA
944,2040,15,12221832.545098808,52187.159553018486,IA,IOWA
945,2040,16,2193066.2629886023,13981.696678137498,KS,KANSAS
946,2040,17,3552198.440460001,13033.2282896426,KY,KENTUCKY
947,2040,18,803093.9927301396,8890.008968410377,LA,LOUISIANA
948,2040,19,0.0,0.0,ME,MAINE
949,2040,20,5583.274786071066,19.92653335689816,MD,MARYLAND
950,2040,21,0.0,0.0,MA,MASSACHUSETTS
951,2040,22,541502.0374176002,4218.712925896795,MI,MICHIGAN
952,2040,23,4781424.681623456,35558.82747746101,MN,MINNESOTA
953,2040,24,1327125.625944009,12024.10328602022,MS,MISSISSIPPI
954,2040,25,6090469.615525629,29016.448884527454,MO,MISSOURI
955,2040,26,616464.5563797463,13882.403973855213,MT,MONTANA
956,2040,27,2048963.5278690555,17998.080026859105,NE,NEBRASKA
957,2040,28,0.0,0.0,NV,NEVADA
958,2040,29,0.0,0.0,NH,NEW HAMPSHIRE
959,2040,30,0.0,0.0,NJ,NEW JERSEY
960,2040,31,0.0,0.0,NM,NEW MEXICO
961,2040,32,0.0,0.0,NY,NEW YORK
962,2040,33,205622.0938092173,2273.759528458609,NC,NORTH CAROLINA
963,2040,34,711609.6738655502,8490.958898338296,ND,NORTH DAKOTA
964,2040,35,2809735.878915596,19867.891917726098,OH,OHIO
965,2040,36,280648.1291859791,4342.37711870155,OK,OKLAHOMA
966,2040,37,0.0,0.0,OR,OREGON
967,2040,38,16724.89622733443,340.25613820066,PA,PENNSYLVANIA
968,2040,39,0.0,0.0,RI,RHODE ISLAND
969,2040,40,196760.96755565004,2331.3891182921943,SC,SOUTH CAROLINA
970,2040,41,2736037.200147557,19467.809026126764,SD,SOUTH DAKOTA
971,2040,42,2147938.345654708,8996.794332819623,TN,TENNESSEE
972,2040,43,58230.96849437752,1692.7925389468426,TX,TEXAS
973,2040,44,0.0,0.0,UT,UTAH
974,2040,45,0.0,0.0,VT,VERMONT
975,2040,46,3339.958206176543,38.42560779219899,VA,VIRGINIA
976,2040,47,0.0,0.0,WA,WASHINGTON
977,2040,48,49225.8448457502,138.38896966609417,WV,WEST VIRGINIA
978,2040,49,348930.3556567861,4342.760928845453,WI,WISCONSIN
979,2040,50,240881.4914396579,9730.339499421854,WY,WYOMING
980,2041,0,105007.44039041038,1321.69905453641,AL,ALABAMA
981,2041,2,0.0,0.0,AZ,ARIZONA
982,2041,3,659407.1447170229,10372.787594488997,AR,ARKANSAS
983,2041,4,0.0,0.0,CA,CALIFORNIA
984,2041,5,125945.80782829746,1783.0737384082072,CO,COLORADO
985,2041,6,0.0,0.0,CT,CONNECTICUT
986,2041,7,5273.324697445201,148.57736519921252,DE,DELAWARE
987,2041,8,0.0,0.0,DC,DISTRICT OF COLUMBIA
988,2041,9,629.5330209984587,20.92848590724477,FL,FLORIDA
989,2041,10,17533.133483470854,260.8869122429112,GA,GEORGIA
990,2041,12,1355.8892517874972,123.29342121493666,ID,IDAHO
991,2041,13,10117604.718803445,52704.63104103912,IL,ILLINOIS
992,2041,14,8053998.790726416,34649.78509347724,IN,INDIANA
993,2041,15,7369984.745695632,45301.41030589216,IA,IOWA
994,2041,16,1473546.5880917069,11423.641578714336,KS,KANSAS
995,2041,17,2777104.5059604133,12799.034191101551,KY,KENTUCKY
996,2041,18,247731.46587105197,4558.166854770611,LA,LOUISIANA
997,2041,19,0.0,0.0,ME,MAINE
998,2041,20,25969.51250219994,475.29031147825896,MD,MARYLAND
999,2041,21,0.0,0.0,MA,MASSACHUSETTS
1000,2041,22,387042.6303032211,3796.4619520967726,MI,MICHIGAN
1001,2041,23,4087742.398392823,34505.969532329735,MN,MINNESOTA
1002,2041,24,580578.5702186134,9346.942181552507,MS,MISSISSIPPI
1003,2041,25,2898982.0338403583,25036.33888275698,MO,MISSOURI
1004,2041,26,762218.5651115646,13902.973980139255,MT,MONTANA
1005,2041,27,1050414.904629938,12909.290758571997,NE,NEBRASKA
1006,2041,28,0.0,0.0,NV,NEVADA
1007,2041,29,0.0,0.0,NH,NEW HAMPSHIRE
1008,2041,30,27792.24553499051,451.16237350137953,NJ,NEW JERSEY
1009,2041,31,0.0,0.0,NM,NEW MEXICO
1010,2041,32,134786.68063694664,955.5387250906556,NY,NEW YORK
1011,2041,33,239390.56903426428,5554.268381726623,NC,NORTH CAROLINA
1012,2041,34,443744.5928975752,6470.251930639699,ND,NORTH DAKOTA
1013,2041,35,4554208.1994845625,29778.90111234977,OH,OHIO
1014,2041,36,330507.7151686929,4764.992928963384,OK,OKLAHOMA
1015,2041,37,0.0,0.0,OR,OREGON
1016,2041,38,329073.76355877245,2603.168947788658,PA,PENNSYLVANIA
1017,2041,39,0.0,0.0,RI,RHODE ISLAND
1018,2041,40,104618.64930719162,1960.4564135422888,SC,SOUTH CAROLINA
1019,2041,41,2103084.472143744,18980.524352377688,SD,SOUTH DAKOTA
1020,2041,42,1662241.219838857,7963.254074594725,TN,TENNESSEE
1021,2041,43,41676.64144078185,1257.7600790496972,TX,TEXAS
1022,2041,44,0.0,0.0,UT,UTAH
1023,2041,45,12606.137332605493,104.89330446006971,VT,VERMONT
1024,2041,46,69273.22009844036,764.9303929077465,VA,VIRGINIA
1025,2041,47,0.0,0.0,WA,WASHINGTON
1026,2041,48,74850.17114858402,551.1900417066652,WV,WEST VIRGINIA
1027,2041,49,560893.5732161056,5614.74555872054,WI,WISCONSIN
1028,2041,50,329590.3689690494,11526.160633481471,WY,WYOMING
1029,2042,0,282126.33933123306,1475.237999098876,AL,ALABAMA
1030,2042,2,0.0,0.0,AZ,ARIZONA
1031,2042,3,172641.88302545703,3263.2537508110813,AR,ARKANSAS
1032,2042,4,0.0,0.0,CA,CALIFORNIA
1033,2042,5,109099.82084468356,1704.1056583522295,CO,COLORADO
1034,2042,6,0.0,0.0,CT,CONNECTICUT
1035,2042,7,235768.4727047931,1136.737102832327,DE,DELAWARE
1036,2042,8,0.0,0.0,DC,DISTRICT OF COLUMBIA
1037,2042,9,14040.237189158102,178.73011203787487,FL,FLORIDA
1038,2042,10,119963.85827136476,1359.1209614359705,GA,GEORGIA
1039,2042,12,582.2632862611807,48.121702298394666,ID,IDAHO
1040,2042,13,6362883.607573761,46231.99368352754,IL,ILLINOIS
1041,2042,14,3781079.700369429,26017.380437007425,IN,INDIANA
1042,2042,15,11280418.832307372,50920.41333749799,IA,IOWA
1043,2042,16,1589935.8166017097,13808.327467762025,KS,KANSAS
1044,2042,17,1989512.953184953,11511.048671655488,KY,KENTUCKY
1045,2042,18,460832.2172611747,7140.280888869453,LA,LOUISIANA
1046,2042,19,0.0,0.0,ME,MAINE
1047,2042,20,408208.1578078427,2218.252767261368,MD,MARYLAND
1048,2042,21,0.0,0.0,MA,MASSACHUSETTS
1049,2042,22,800922.5715479254,4750.9605611795005,MI,MICHIGAN
1050,2042,23,5480792.922451625,34065.88274130289,MN,MINNESOTA
1051,2042,24,798658.9553550794,9493.726367076404,MS,MISSISSIPPI
1052,2042,25,3590418.60414062,25693.193505613257,MO,MISSOURI
1053,2042,26,701006.7252570409,13518.8980349103,MT,MONTANA
1054,2042,27,1910801.1085656404,16746.6475664488,NE,NEBRASKA
1055,2042,28,0.0,0.0,NV,NEVADA
1056,2042,29,0.0,0.0,NH,NEW HAMPSHIRE
1057,2042,30,102326.00474738944,901.5319868986936,NJ,NEW JERSEY
1058,2042,31,0.0,0.0,NM,NEW MEXICO
1059,2042,32,177552.40186302364,973.9157568442834,NY,NEW YORK
1060,2042,33,1159226.1408985737,8019.964727547824,NC,NORTH CAROLINA
1061,2042,34,894663.8817198959,8984.33452283994,ND,NORTH DAKOTA
1062,2042,35,2758834.7068474274,20015.81252862168,OH,OHIO
1063,2042,36,279728.8042068868,5068.592280426376,OK,OKLAHOMA
1064,2042,37,0.0,0.0,OR,OREGON
1065,2042,38,307304.89045256923,2929.36694794224,PA,PENNSYLVANIA
1066,2042,39,0.0,0.0,RI,RHODE ISLAND
1067,2042,40,257810.4705417521,2877.635303944316,SC,SOUTH CAROLINA
1068,2042,41,2687189.391947408,19025.05842927665,SD,SOUTH DAKOTA
1069,2042,42,1230382.753162593,8029.058952220005,TN,TENNESSEE
1070,2042,43,43564.449417844975,1594.4461943358983,TX,TEXAS
1071,2042,44,0.0,0.0,UT,UTAH
1072,2042,45,13330.796455365777,104.8926920475466,VT,VERMONT
1073,2042,46,312072.0477186075,1392.5340424069218,VA,VIRGINIA
1074,2042,47,0.0,0.0,WA,WASHINGTON
1075,2042,48,9345.030109095873,79.45258035697036,WV,WEST VIRGINIA
1076,2042,49,727542.8784844185,4758.880582935054,WI,WISCONSIN
1077,2042,50,262647.4081783974,9980.474664121368,WY,WYOMING
1078,2043,0,0.0,0.0,AL,ALABAMA
1079,2043,2,0.0,0.0,AZ,ARIZONA
1080,2043,3,186913.0258253549,3826.605698042031,AR,ARKANSAS
1081,2043,4,0.0,0.0,CA,CALIFORNIA
1082,2043,5,122593.49723951818,1730.715761299616,CO,COLORADO
1083,2043,6,0.0,0.0,CT,CONNECTICUT
1084,2043,7,0.0,0.0,DE,DELAWARE
1085,2043,8,0.0,0.0,DC,DISTRICT OF COLUMBIA
1086,2043,9,0.0,0.0,FL,FLORIDA
1087,2043,10,0.0,0.0,GA,GEORGIA
1088,2043,12,1490.0953834748889,123.15034818737708,ID,IDAHO
1089,2043,13,8149304.342637781,48678.544158526776,IL,ILLINOIS
1090,2043,14,1848257.794714238,13961.179875338134,IN,INDIANA
1091,2043,15,9512599.39456347,50090.65208261984,IA,IOWA
1092,2043,16,1037902.9569768192,12726.554085422043,KS,KANSAS
1093,2043,17,148594.4809592569,1326.0491346162707,KY,KENTUCKY
1094,2043,18,217983.10779391674,3575.150916900384,LA,LOUISIANA
1095,2043,19,0.0,0.0,ME,MAINE
1096,2043,20,0.0,0.0,MD,MARYLAND
1097,2043,21,0.0,0.0,MA,MASSACHUSETTS
1098,2043,22,341095.57042471657,2823.255935938909,MI,MICHIGAN
1099,2043,23,4688946.972918796,34142.733559264016,MN,MINNESOTA
1100,2043,24,163500.5885725645,2765.8675490196256,MS,MISSISSIPPI
1101,2043,25,2393862.336217016,24397.52308503564,MO,MISSOURI
1102,2043,26,791976.4285285763,13938.03935727579,MT,MONTANA
1103,2043,27,1014579.6121832212,11895.228333603069,NE,NEBRASKA
1104,2043,28,0.0,0.0,NV,NEVADA
1105,2043,29,0.0,0.0,NH,NEW HAMPSHIRE
1106,2043,30,0.0,0.0,NJ,NEW JERSEY
1107,2043,31,0.0,0.0,NM,NEW MEXICO
1108,2043,32,46151.38740659651,329.48776073395334,NY,NEW YORK
1109,2043,33,0.0,0.0,NC,NORTH CAROLINA
1110,2043,34,719948.3039672673,8511.089213476587,ND,NORTH DAKOTA
1111,2043,35,7939.682399353207,314.07465208489464,OH,OHIO
1112,2043,36,445566.5785636357,6436.256272391482,OK,OKLAHOMA
1113,2043,37,0.0,0.0,OR,OREGON
1114,2043,38,0.0,0.0,PA,PENNSYLVANIA
1115,2043,39,0.0,0.0,RI,RHODE ISLAND
1116,2043,40,0.0,0.0,SC,SOUTH CAROLINA
1117,2043,41,2303294.805018776,18676.914933266955,SD,SOUTH DAKOTA
1118,2043,42,250103.6184329301,1705.1150930826273,TN,TENNESSEE
1119,2043,43,48578.68602935909,1680.4915448322904,TX,TEXAS
1120,2043,44,0.0,0.0,UT,UTAH
1121,2043,45,0.0,0.0,VT,VERMONT
1122,2043,46,0.0,0.0,VA,VIRGINIA
1123,2043,47,0.0,0.0,WA,WASHINGTON
1124,2043,48,0.0,0.0,WV,WEST VIRGINIA
1125,2043,49,607989.4588297224,4598.982920805024,WI,WISCONSIN
1126,2043,50,298772.8048090603,10783.253857194406,WY,WYOMING
1127,2044,0,60785.44854792784,869.4605585691079,AL,ALABAMA
1128,2044,2,0.0,0.0,AZ,ARIZONA
1129,2044,3,520673.79880088125,10196.558022024758,AR,ARKANSAS
1130,2044,4,0.0,0.0,CA,CALIFORNIA
1131,2044,5,77136.73323729291,1210.9060994327365,CO,COLORADO
1132,2044,6,0.0,0.0,CT,CONNECTICUT
1133,2044,7,16263.146226735786,212.7816299170996,DE,DELAWARE
1134,2044,8,0.0,0.0,DC,DISTRICT OF COLUMBIA
1135,2044,9,5380.457647826848,161.39480706087616,FL,FLORIDA
1136,2044,10,143875.99407764277,1818.0720717706,GA,GEORGIA
1137,2044,12,1107.4614042530254,91.52719956744974,ID,IDAHO
1138,2044,13,7506576.517619083,49179.72401255675,IL,ILLINOIS
1139,2044,14,3836581.265680316,22044.97969324846,IN,INDIANA
1140,2044,15,6932826.607209826,46785.75898800904,IA,IOWA
1141,2044,16,1939117.037696523,15193.021291971483,KS,KANSAS
1142,2044,17,2445427.709301549,9854.007597511836,KY,KENTUCKY
1143,2044,18,135388.79947504174,1797.971962564479,LA,LOUISIANA
1144,2044,19,0.0,0.0,ME,MAINE
1145,2044,20,24269.207930676188,209.59426040619303,MD,MARYLAND
1146,2044,21,0.0,0.0,MA,MASSACHUSETTS
1147,2044,22,23726.423151232568,544.6571889704043,MI,MICHIGAN
1148,2044,23,3391487.2008466064,29562.96306491509,MN,MINNESOTA
1149,2044,24,529963.8362985085,6266.85637788233,MS,MISSISSIPPI
1150,2044,25,3666701.0736238384,26339.53096018889,MO,MISSOURI
1151,2044,26,610101.9716783154,11261.559959828845,MT,MONTANA
1152,2044,27,1555530.344419517,15214.17743085508,NE,NEBRASKA
1153,2044,28,0.0,0.0,NV,NEVADA
1154,2044,29,0.0,0.0,NH,NEW HAMPSHIRE
1155,2044,30,6555.071699040933,52.954329646502046,NJ,NEW JERSEY
1156,2044,31,0.0,0.0,NM,NEW MEXICO
1157,2044,32,604.2761135011725,8.215387031864662,NY,NEW YORK
1158,2044,33,39542.63101034952,1251.7708836908482,NC,NORTH CAROLINA
1159,2044,34,413595.30573708337,5964.692745559038,ND,NORTH DAKOTA
1160,2044,35,181127.7370083305,1672.9564478092204,OH,OHIO
1161,2044,36,233792.22094126177,5063.622267349614,OK,OKLAHOMA
1162,2044,37,0.0,0.0,OR,OREGON
1163,2044,38,3034.2142241353963,47.78299976292541,PA,PENNSYLVANIA
1164,2044,39,0.0,0.0,RI,RHODE ISLAND
1165,2044,40,62604.67336122378,796.5960827201807,SC,SOUTH CAROLINA
1166,2044,41,2059476.963244557,18362.9876842766,SD,SOUTH DAKOTA
1167,2044,42,1529403.767081278,7124.044536968093,TN,TENNESSEE
1168,2044,43,34791.58549994119,1187.5547860836214,TX,TEXAS
1169,2044,44,0.0,0.0,UT,UTAH
1170,2044,45,0.0,0.0,VT,VERMONT
1171,2044,46,2898.105177335754,65.28920104379415,VA,VIRGINIA
1172,2044,47,0.0,0.0,WA,WASHINGTON
1173,2044,48,0.0,0.0,WV,WEST VIRGINIA
1174,2044,49,14550.268483900756,244.91588830615007,WI,WISCONSIN
1175,2044,50,269267.94806777814,9428.296442768356,WY,WYOMING
1176,2045,0,0.0,0.0,AL,ALABAMA
1177,2045,2,0.0,0.0,AZ,ARIZONA
1178,2045,3,371996.1217718632,10303.309047551506,AR,ARKANSAS
1179,2045,4,0.0,0.0,CA,CALIFORNIA
1180,2045,5,76019.71305059255,1546.9210458607797,CO,COLORADO
1181,2045,6,0.0,0.0,CT,CONNECTICUT
1182,2045,7,0.0,0.0,DE,DELAWARE
1183,2045,8,0.0,0.0,DC,DISTRICT OF COLUMBIA
1184,2045,9,0.0,0.0,FL,FLORIDA
1185,2045,10,0.0,0.0,GA,GEORGIA
1186,2045,12,705.0573399515715,73.95925564165418,ID,IDAHO
1187,2045,13,11162355.104470229,51369.87937947357,IL,ILLINOIS
1188,2045,14,5765703.794031508,33927.769093128954,IN,INDIANA
1189,2045,15,12217875.936051168,50085.10868172688,IA,IOWA
1190,2045,16,2425517.791202294,16858.617841935407,KS,KANSAS
1191,2045,17,1139066.042354962,8865.261955855669,KY,KENTUCKY
1192,2045,18,308246.6366893261,6001.964691174007,LA,LOUISIANA
1193,2045,19,0.0,0.0,ME,MAINE
1194,2045,20,5487.26955650763,58.059024595776464,MD,MARYLAND
1195,2045,21,0.0,0.0,MA,MASSACHUSETTS
1196,2045,22,944926.142041517,4852.360061353604,MI,MICHIGAN
1197,2045,23,4537220.616223423,34195.91104270653,MN,MINNESOTA
1198,2045,24,475471.6214312319,10514.774095546534,MS,MISSISSIPPI
1199,2045,25,5292920.268216941,28259.62171371385,MO,MISSOURI
1200,2045,26,414415.6107714546,10752.948185252002,MT,MONTANA
1201,2045,27,1334642.469445663,14821.521347116895,NE,NEBRASKA
1202,2045,28,0.0,0.0,NV,NEVADA
1203,2045,29,0.0,0.0,NH,NEW HAMPSHIRE
1204,2045,30,30469.344268006327,269.7983326956915,NJ,NEW JERSEY
1205,2045,31,0.0,0.0,NM,NEW MEXICO
1206,2045,32,43506.07791903194,594.5255171357577,NY,NEW YORK
1207,2045,33,101968.84280672544,1050.0467421547728,NC,NORTH CAROLINA
1208,2045,34,599619.768597007,7945.191124607736,ND,NORTH DAKOTA
1209,2045,35,4661214.405714828,22060.773327901377,OH,OHIO
1210,2045,36,543093.2830274493,8216.552504897567,OK,OKLAHOMA
1211,2045,37,0.0,0.0,OR,OREGON
1212,2045,38,169265.76519613748,2165.719963712957,PA,PENNSYLVANIA
1213,2045,39,0.0,0.0,RI,RHODE ISLAND
1214,2045,40,1853.5545644228375,28.340343013371832,SC,SOUTH CAROLINA
1215,2045,41,2122463.828797686,18275.215066174336,SD,SOUTH DAKOTA
1216,2045,42,707771.5413990063,5099.9517901986455,TN,TENNESSEE
1217,2045,43,63791.95581201327,2391.7482687150523,TX,TEXAS
1218,2045,44,0.0,0.0,UT,UTAH
1219,2045,45,366.2291334329221,56.69792213365301,VT,VERMONT
1220,2045,46,6448.582817748872,101.80949476957107,VA,VIRGINIA
1221,2045,47,0.0,0.0,WA,WASHINGTON
1222,2045,48,21418.255318175907,99.93844966416054,WV,WEST VIRGINIA
1223,2045,49,801445.7523470768,3840.748753062096,WI,WISCONSIN
1224,2045,50,170508.0089970658,9362.637696030086,WY,WYOMING
1225,2046,0,508754.1520074589,2743.909945780581,AL,ALABAMA
1226,2046,2,0.0,0.0,AZ,ARIZONA
1227,2046,3,1028617.3399986416,14246.646196115646,AR,ARKANSAS
1228,2046,4,0.0,0.0,CA,CALIFORNIA
1229,2046,5,61848.494839175735,1305.2980658359363,CO,COLORADO
1230,2046,6,0.0,0.0,CT,CONNECTICUT
1231,2046,7,0.0,0.0,DE,DELAWARE
1232,2046,8,0.0,0.0,DC,DISTRICT OF COLUMBIA
1233,2046,9,20931.05421318179,179.66809894280553,FL,FLORIDA
1234,2046,10,431392.325781019,2816.371275268768,GA,GEORGIA
1235,2046,12,596.2611539709828,53.55820287819785,ID,IDAHO
1236,2046,13,9277778.964285,50039.87269583318,IL,ILLINOIS
1237,2046,14,1504513.042820034,14888.796619577926,IN,INDIANA
1238,2046,15,12152858.862559406,51295.38436611294,IA,IOWA
1239,2046,16,2659005.174907171,16797.42601978562,KS,KANSAS
1240,2046,17,2405730.949779976,13716.24325921338,KY,KENTUCKY
1241,2046,18,428886.6213121863,8264.186354643747,LA,LOUISIANA
1242,2046,19,0.0,0.0,ME,MAINE
1243,2046,20,0.0,0.0,MD,MARYLAND
1244,2046,21,0.0,0.0,MA,MASSACHUSETTS
1245,2046,22,232539.95568661703,1930.338283050557,MI,MICHIGAN
1246,2046,23,5636277.6690752655,34935.77833785136,MN,MINNESOTA
1247,2046,24,1486765.9008256956,14319.83111305952,MS,MISSISSIPPI
1248,2046,25,6340037.915613521,29155.12763789888,MO,MISSOURI
1249,2046,26,527106.3666634805,12215.63947083163,MT,MONTANA
1250,2046,27,2136079.3158384934,18930.082292922816,NE,NEBRASKA
1251,2046,28,0.0,0.0,NV,NEVADA
1252,2046,29,0.0,0.0,NH,NEW HAMPSHIRE
1253,2046,30,252.50389913541412,10.684947412868295,NJ,NEW JERSEY
1254,2046,31,0.0,0.0,NM,NEW MEXICO
1255,2046,32,9010.234364064405,152.22147789546634,NY,NEW YORK
1256,2046,33,101447.2831679344,1002.1897049801728,NC,NORTH CAROLINA
1257,2046,34,853428.3285790305,8978.074378050977,ND,NORTH DAKOTA
1258,2046,35,365905.88120096026,5568.512546589978,OH,OHIO
1259,2046,36,565759.7357976601,7848.164940248132,OK,OKLAHOMA
1260,2046,37,0.0,0.0,OR,OREGON
1261,2046,38,4671.2561858774025,213.51144119514845,PA,PENNSYLVANIA
1262,2046,39,0.0,0.0,RI,RHODE ISLAND
1263,2046,40,232551.116401206,2249.6052130054604,SC,SOUTH CAROLINA
1264,2046,41,2653886.3926039496,19230.123471295803,SD,SOUTH DAKOTA
1265,2046,42,1966908.114303959,10061.019822020831,TN,TENNESSEE
1266,2046,43,47863.864357603146,1650.5791011169576,TX,TEXAS
1267,2046,44,0.0,0.0,UT,UTAH
1268,2046,45,0.0,0.0,VT,VERMONT
1269,2046,46,0.0,0.0,VA,VIRGINIA
1270,2046,47,0.0,0.0,WA,WASHINGTON
1271,2046,48,21794.51794351985,148.1037828733293,WV,WEST VIRGINIA
1272,2046,49,536593.1076278344,3513.296648816441,WI,WISCONSIN
1273,2046,50,172070.20167936292,7411.390878102622,WY,WYOMING
1274,2047,0,392622.2466614717,2283.467940136469,AL,ALABAMA
1275,2047,2,0.0,0.0,AZ,ARIZONA
1276,2047,3,570822.663773335,10153.19439645458,AR,ARKANSAS
1277,2047,4,0.0,0.0,CA,CALIFORNIA
1278,2047,5,86097.6478032224,1274.0463595190115,CO,COLORADO
1279,2047,6,0.0,0.0,CT,CONNECTICUT
1280,2047,7,224746.12321436143,1104.627103125369,DE,DELAWARE
1281,2047,8,0.0,0.0,DC,DISTRICT OF COLUMBIA
1282,2047,9,6308.796000031824,99.30580638195386,FL,FLORIDA
1283,2047,10,531186.5252898724,3511.9743281094097,GA,GEORGIA
1284,2047,12,438.06941157794057,64.07233981019793,ID,IDAHO
1285,2047,13,8282396.842827534,47778.04007858384,IL,ILLINOIS
1286,2047,14,3763114.698753599,23530.393084139218,IN,INDIANA
1287,2047,15,7221313.354151757,46009.26386203255,IA,IOWA
1288,2047,16,671355.8146006216,5243.703286431208,KS,KANSAS
1289,2047,17,2978416.95732338,13661.837941884763,KY,KENTUCKY
1290,2047,18,10440.316757445953,570.3264103362411,LA,LOUISIANA
1291,2047,19,0.0,0.0,ME,MAINE
1292,2047,20,424031.7440023872,2312.6238740455274,MD,MARYLAND
1293,2047,21,0.0,0.0,MA,MASSACHUSETTS
1294,2047,22,348366.60098124243,4270.223292832016,MI,MICHIGAN
1295,2047,23,2853192.6655889894,30450.454677154703,MN,MINNESOTA
1296,2047,24,866859.2970684404,11505.1406234033,MS,MISSISSIPPI
1297,2047,25,4904758.828147325,24048.862578566856,MO,MISSOURI
1298,2047,26,393166.98816036456,10406.959021727667,MT,MONTANA
1299,2047,27,1297475.6705007888,17814.84689211982,NE,NEBRASKA
1300,2047,28,0.0,0.0,NV,NEVADA
1301,2047,29,0.0,0.0,NH,NEW HAMPSHIRE
1302,2047,30,79836.07004413386,693.9660040852979,NJ,NEW JERSEY
1303,2047,31,0.0,0.0,NM,NEW MEXICO
1304,2047,32,154617.79673173616,1100.838865028558,NY,NEW YORK
1305,2047,33,874434.9470296194,6567.697427433512,NC,NORTH CAROLINA
1306,2047,34,89242.03580710167,2467.6228997089056,ND,NORTH DAKOTA
1307,2047,35,2920870.722879298,20000.693850179723,OH,OHIO
1308,2047,36,14370.384269384216,385.9769595494394,OK,OKLAHOMA
1309,2047,37,0.0,0.0,OR,OREGON
1310,2047,38,222759.4785841164,2260.3438113901398,PA,PENNSYLVANIA
1311,2047,39,0.0,0.0,RI,RHODE ISLAND
1312,2047,40,653702.8512927962,4649.077143566788,SC,SOUTH CAROLINA
1313,2047,41,519784.74155211926,12261.562265093246,SD,SOUTH DAKOTA
1314,2047,42,2623404.2775839656,10561.597233579609,TN,TENNESSEE
1315,2047,43,5060.9350742649585,210.35553175766285,TX,TEXAS
1316,2047,44,0.0,0.0,UT,UTAH
1317,2047,45,4969.947551073317,98.74726759221548,VT,VERMONT
1318,2047,46,167434.30492503234,1058.3610407809454,VA,VIRGINIA
1319,2047,47,0.0,0.0,WA,WASHINGTON
1320,2047,48,11098.908063846646,159.72129688727367,WV,WEST VIRGINIA
1321,2047,49,502994.18797841296,4119.677025436683,WI,WISCONSIN
1322,2047,50,179414.38332543906,7441.499630808306,WY,WYOMING
1323,2048,0,410856.3110123654,2331.2662639882647,AL,ALABAMA
1324,2048,2,0.0,0.0,AZ,ARIZONA
1325,2048,3,844414.1249526818,12658.072355914806,AR,ARKANSAS
1326,2048,4,0.0,0.0,CA,CALIFORNIA
1327,2048,5,111793.61633001392,1589.3449898536094,CO,COLORADO
1328,2048,6,0.0,0.0,CT,CONNECTICUT
1329,2048,7,455.0531675569246,78.56405429209184,DE,DELAWARE
1330,2048,8,0.0,0.0,DC,DISTRICT OF COLUMBIA
1331,2048,9,26292.758371987584,202.82035159461816,FL,FLORIDA
1332,2048,10,248870.959034204,2154.8257913455736,GA,GEORGIA
1333,2048,12,89.41592472370048,30.61146589690917,ID,IDAHO
1334,2048,13,2345451.124411649,29233.88452054693,IL,ILLINOIS
1335,2048,14,1614635.8662571143,14553.834187824112,IN,INDIANA
1336,2048,15,3815030.094857041,40218.32298458723,IA,IOWA
1337,2048,16,219224.8761633788,2508.57596528419,KS,KANSAS
1338,2048,17,1585908.3243751451,11463.982304620848,KY,KENTUCKY
1339,2048,18,595341.2104489898,8303.921384860017,LA,LOUISIANA
1340,2048,19,0.0,0.0,ME,MAINE
1341,2048,20,8398.182063723623,194.987660938893,MD,MARYLAND
1342,2048,21,0.0,0.0,MA,MASSACHUSETTS
1343,2048,22,183304.83807445425,2824.937270261283,MI,MICHIGAN
1344,2048,23,365618.6869720211,7633.959412870625,MN,MINNESOTA
1345,2048,24,1588260.4969311357,14807.103136918102,MS,MISSISSIPPI
1346,2048,25,1601072.43778164,17081.952101080416,MO,MISSOURI
1347,2048,26,497886.2202582249,12204.822135507517,MT,MONTANA
1348,2048,27,1927040.3510424213,25245.310975842884,NE,NEBRASKA
1349,2048,28,0.0,0.0,NV,NEVADA
1350,2048,29,0.0,0.0,NH,NEW HAMPSHIRE
1351,2048,30,759.8603892798507,34.63201178328359,NJ,NEW JERSEY
1352,2048,31,0.0,0.0,NM,NEW MEXICO
1353,2048,32,9441.909970662233,90.24002385138454,NY,NEW YORK
1354,2048,33,794561.5065304155,5850.690609519992,NC,NORTH CAROLINA
1355,2048,34,412995.7611584726,6340.907277909992,ND,NORTH DAKOTA
1356,2048,35,451904.0649709195,5061.289441358404,OH,OHIO
1357,2048,36,172577.35292080935,3129.211338293333,OK,OKLAHOMA
1358,2048,37,0.0,0.0,OR,OREGON
1359,2048,38,21446.19069291267,247.63871699761336,PA,PENNSYLVANIA
1360,2048,39,0.0,0.0,RI,RHODE ISLAND
1361,2048,40,227741.092317553,2478.907556254805,SC,SOUTH CAROLINA
1362,2048,41,1154447.6564216672,14362.220884847247,SD,SOUTH DAKOTA
1363,2048,42,1983091.7123439412,9572.412229249952,TN,TENNESSEE
1364,2048,43,59410.82148346047,2541.770945964363,TX,TEXAS
1365,2048,44,0.0,0.0,UT,UTAH
1366,2048,45,0.0,0.0,VT,VERMONT
1367,2048,46,15571.381311004878,279.60435415848553,VA,VIRGINIA
1368,2048,47,0.0,0.0,WA,WASHINGTON
1369,2048,48,0.0,0.0,WV,WEST VIRGINIA
1370,2048,49,50084.11108719566,870.0467949840303,WI,WISCONSIN
1371,2048,50,212457.10995721692,9004.98298929532,WY,WYOMING
1372,2049,0,18581.38732361517,141.95912330319752,AL,ALABAMA
1373,2049,2,0.0,0.0,AZ,ARIZONA
1374,2049,3,48693.09162514418,1842.207340338896,AR,ARKANSAS
1375,2049,4,0.0,0.0,CA,CALIFORNIA
1376,2049,5,119006.9870270126,1789.1541324479824,CO,COLORADO
1377,2049,6,0.0,0.0,CT,CONNECTICUT
1378,2049,7,3303.1829494620283,43.34655816848352,DE,DELAWARE
1379,2049,8,0.0,0.0,DC,DISTRICT OF COLUMBIA
1380,2049,9,0.0,0.0,FL,FLORIDA
1381,2049,10,1279.7349517023083,14.20155486073428,GA,GEORGIA
1382,2049,12,0.0,0.0,ID,IDAHO
1383,2049,13,1939343.1031836316,21404.30357414705,IL,ILLINOIS
1384,2049,14,616230.3644075239,6015.57207957443,IN,INDIANA
1385,2049,15,2442840.8564012456,23961.08345008569,IA,IOWA
1386,2049,16,1226594.5133951723,13929.182418019518,KS,KANSAS
1387,2049,17,86942.47950810887,1137.211517706201,KY,KENTUCKY
1388,2049,18,267004.87733936665,7283.129113286342,LA,LOUISIANA
1389,2049,19,0.0,0.0,ME,MAINE
1390,2049,20,28895.34657178955,279.2572633317327,MD,MARYLAND
1391,2049,21,0.0,0.0,MA,MASSACHUSETTS
1392,2049,22,44008.62902295891,1099.9400599431413,MI,MICHIGAN
1393,2049,23,1123261.9689125814,21285.038115457643,MN,MINNESOTA
1394,2049,24,280531.8822851565,7019.925732494812,MS,MISSISSIPPI
1395,2049,25,1793496.9647088577,19966.571735666897,MO,MISSOURI
1396,2049,26,393879.2353358892,10168.51484173209,MT,MONTANA
1397,2049,27,1564820.4412264158,23301.45932512777,NE,NEBRASKA
1398,2049,28,0.0,0.0,NV,NEVADA
1399,2049,29,0.0,0.0,NH,NEW HAMPSHIRE
1400,2049,30,5052.205278737624,115.26392383294368,NJ,NEW JERSEY
1401,2049,31,0.0,0.0,NM,NEW MEXICO
1402,2049,32,2353.4912102707817,15.063489534116858,NY,NEW YORK
1403,2049,33,55445.21014316105,694.7723153107487,NC,NORTH CAROLINA
1404,2049,34,64.00950010550307,28.47015802184562,ND,NORTH DAKOTA
1405,2049,35,75902.64286998134,2338.4111955908197,OH,OHIO
1406,2049,36,150936.7311087123,2794.40958189074,OK,OKLAHOMA
1407,2049,37,0.0,0.0,OR,OREGON
1408,2049,38,145.85709862388322,4.737386842926486,PA,PENNSYLVANIA
1409,2049,39,0.0,0.0,RI,RHODE ISLAND
1410,2049,40,35054.58742807444,488.6257282086218,SC,SOUTH CAROLINA
1411,2049,41,856461.5798823908,12267.957624202943,SD,SOUTH DAKOTA
1412,2049,42,411291.9145795491,3293.3486928793823,TN,TENNESSEE
1413,2049,43,71901.57250820106,2011.844318381052,TX,TEXAS
1414,2049,44,0.0,0.0,UT,UTAH
1415,2049,45,0.0,0.0,VT,VERMONT
1416,2049,46,285.46148141139673,2.5530850693675005,VA,VIRGINIA
1417,2049,47,0.0,0.0,WA,WASHINGTON
1418,2049,48,0.0,0.0,WV,WEST VIRGINIA
1419,2049,49,37407.546607429176,669.5610704020415,WI,WISCONSIN
1420,2049,50,190041.09499088343,8300.154600791782,WY,WYOMING
1421,2050,0,205875.84714542268,1149.5912389312923,AL,ALABAMA
1422,2050,2,0.0,0.0,AZ,ARIZONA
1423,2050,3,329845.2552115359,7651.936176120526,AR,ARKANSAS
1424,2050,4,0.0,0.0,CA,CALIFORNIA
1425,2050,5,156031.91522924686,2434.307348955696,CO,COLORADO
1426,2050,6,0.0,0.0,CT,CONNECTICUT
1427,2050,7,202287.23172220227,992.3351532394404,DE,DELAWARE
1428,2050,8,0.0,0.0,DC,DISTRICT OF COLUMBIA
1429,2050,9,6749.182920986208,72.3201679114398,FL,FLORIDA
1430,2050,10,107253.62532828593,860.9132972872007,GA,GEORGIA
1431,2050,12,788.4135432055687,88.51812851405332,ID,IDAHO
1432,2050,13,3995039.959178996,31983.96302701027,IL,ILLINOIS
1433,2050,14,2900549.929609004,22818.31241363044,IN,INDIANA
1434,2050,15,0.0,0.0,IA,IOWA
1435,2050,16,218800.37725237943,2850.2041302034254,KS,KANSAS
1436,2050,17,1532070.386134335,9285.437909564493,KY,KENTUCKY
1437,2050,18,156796.0526612829,4298.043459080201,LA,LOUISIANA
1438,2050,19,0.0,0.0,ME,MAINE
1439,2050,20,308830.4278881055,1560.34823061394,MD,MARYLAND
1440,2050,21,0.0,0.0,MA,MASSACHUSETTS
1441,2050,22,139661.6340028298,1626.1988277561347,MI,MICHIGAN
1442,2050,23,986309.4535143516,12008.538629227103,MN,MINNESOTA
1443,2050,24,766850.1784636064,10882.80927515621,MS,MISSISSIPPI
1444,2050,25,1700514.7676269491,14585.624100057268,MO,MISSOURI
1445,2050,26,616104.911364519,11879.537415604782,MT,MONTANA
1446,2050,27,490405.972999028,7897.033436721354,NE,NEBRASKA
1447,2050,28,0.0,0.0,NV,NEVADA
1448,2050,29,0.0,0.0,NH,NEW HAMPSHIRE
1449,2050,30,155897.44991888414,996.7115918508988,NJ,NEW JERSEY
1450,2050,31,0.0,0.0,NM,NEW MEXICO
1451,2050,32,25623.022926122845,320.1932765940826,NY,NEW YORK
1452,2050,33,1027963.616122484,6223.601304489118,NC,NORTH CAROLINA
1453,2050,34,92709.5937374596,2051.743117875766,ND,NORTH DAKOTA
1454,2050,35,1947046.5673426348,17293.705864099058,OH,OHIO
1455,2050,36,204198.3009439256,2883.8309846770635,OK,OKLAHOMA
1456,2050,37,0.0,0.0,OR,OREGON
1457,2050,38,186345.98075659055,2437.688572314404,PA,PENNSYLVANIA
1458,2050,39,0.0,0.0,RI,RHODE ISLAND
1459,2050,40,72054.82420958873,1540.4274608523558,SC,SOUTH CAROLINA
1460,2050,41,930380.5782753516,13603.664945045522,SD,SOUTH DAKOTA
1461,2050,42,1611658.3310230854,7976.12029092,TN,TENNESSEE
1462,2050,43,33316.09973079325,1444.148958397701,TX,TEXAS
1463,2050,44,0.0,0.0,UT,UTAH
1464,2050,45,8425.49617956206,74.41803176894311,VT,VERMONT
1465,2050,46,150468.2519832968,653.5779203566362,VA,VIRGINIA
1466,2050,47,0.0,0.0,WA,WASHINGTON
1467,2050,48,17202.508327732852,80.45168840612368,WV,WEST VIRGINIA
1468,2050,49,81952.64027684997,961.524675508158,WI,WISCONSIN
1469,2050,50,330076.00997861085,11889.46490108814,WY,WYOMING
1470,2051,0,371417.8556350441,2104.4371443862747,AL,ALABAMA
1471,2051,2,0.0,0.0,AZ,ARIZONA
1472,2051,3,854508.8757390573,12099.235835024256,AR,ARKANSAS
1473,2051,4,0.0,0.0,CA,CALIFORNIA
1474,2051,5,125239.97415633606,2295.227421750484,CO,COLORADO
1475,2051,6,0.0,0.0,CT,CONNECTICUT
1476,2051,7,81197.64688426688,821.6073734382678,DE,DELAWARE
1477,2051,8,0.0,0.0,DC,DISTRICT OF COLUMBIA
1478,2051,9,10555.725976080494,110.27631258427984,FL,FLORIDA
1479,2051,10,285866.4536372348,2709.9651667743374,GA,GEORGIA
1480,2051,12,152.54568091792063,30.605349624235195,ID,IDAHO
1481,2051,13,11335470.256476644,55594.40724953462,IL,ILLINOIS
1482,2051,14,7805246.463260742,34079.03690283029,IN,INDIANA
1483,2051,15,8182702.456763415,51241.653423396,IA,IOWA
1484,2051,16,2714162.1579696285,16587.818964916332,KS,KANSAS
1485,2051,17,3091853.4845453813,12135.81648246358,KY,KENTUCKY
1486,2051,18,456519.38921114587,9356.44179700119,LA,LOUISIANA
1487,2051,19,0.0,0.0,ME,MAINE
1488,2051,20,54003.95841078572,528.6380057806246,MD,MARYLAND
1489,2051,21,0.0,0.0,MA,MASSACHUSETTS
1490,2051,22,617327.8723717695,4438.502751766628,MI,MICHIGAN
1491,2051,23,767620.3669332322,11332.424658875165,MN,MINNESOTA
1492,2051,24,1361570.2086985004,13468.430483958791,MS,MISSISSIPPI
1493,2051,25,6945954.9010064965,32742.39357207653,MO,MISSOURI
1494,2051,26,568654.521369976,14321.575271223286,MT,MONTANA
1495,2051,27,2790726.996220801,29481.8382397128,NE,NEBRASKA
1496,2051,28,0.0,0.0,NV,NEVADA
1497,2051,29,0.0,0.0,NH,NEW HAMPSHIRE
1498,2051,30,16926.72368510183,227.49535852519665,NJ,NEW JERSEY
1499,2051,31,0.0,0.0,NM,NEW MEXICO
1500,2051,32,7323.115933805443,68.24383101165697,NY,NEW YORK
1501,2051,33,1499916.1230461863,7031.747575534543,NC,NORTH CAROLINA
1502,2051,34,78.22694112894679,1.2028615153161597,ND,NORTH DAKOTA
1503,2051,35,4288550.726707537,23865.639100118577,OH,OHIO
1504,2051,36,422978.8074433619,5840.446305538228,OK,OKLAHOMA
1505,2051,37,0.0,0.0,OR,OREGON
1506,2051,38,132997.68125623232,1031.345126535895,PA,PENNSYLVANIA
1507,2051,39,0.0,0.0,RI,RHODE ISLAND
1508,2051,40,767355.3003374756,4341.023737552237,SC,SOUTH CAROLINA
1509,2051,41,358596.8495702561,5907.068067304283,SD,SOUTH DAKOTA
1510,2051,42,2150982.160372458,8749.771832015549,TN,TENNESSEE
1511,2051,43,92681.77959371175,3007.4490999961254,TX,TEXAS
1512,2051,44,0.0,0.0,UT,UTAH
1513,2051,45,0.0,0.0,VT,VERMONT
1514,2051,46,107009.67368085212,568.6774914815127,VA,VIRGINIA
1515,2051,47,0.0,0.0,WA,WASHINGTON
1516,2051,48,19188.610663266518,53.840492099732245,WV,WEST VIRGINIA
1517,2051,49,575330.3887556,5100.763976273246,WI,WISCONSIN
1518,2051,50,188346.32368947685,9793.655909463872,WY,WYOMING
1519,2052,0,341474.0184435424,1886.541870798702,AL,ALABAMA
1520,2052,2,0.0,0.0,AZ,ARIZONA
1521,2052,3,287930.8397845429,6832.688316887649,AR,ARKANSAS
1522,2052,4,0.0,0.0,CA,CALIFORNIA
1523,2052,5,107489.95953109604,2240.6959138697403,CO,COLORADO
1524,2052,6,0.0,0.0,CT,CONNECTICUT
1525,2052,7,18828.60102204422,173.6108495829095,DE,DELAWARE
1526,2052,8,0.0,0.0,DC,DISTRICT OF COLUMBIA
1527,2052,9,875.7611672743958,27.484283062038408,FL,FLORIDA
1528,2052,10,161453.5744624581,1183.9693595454,GA,GEORGIA
1529,2052,12,711.5164997932351,102.34984019749837,ID,IDAHO
1530,2052,13,15240028.659496598,58049.970226588535,IL,ILLINOIS
1531,2052,14,11280506.677396309,34466.99082187387,IN,INDIANA
1532,2052,15,14156941.31278468,57203.186806098274,IA,IOWA
1533,2052,16,2520259.758025709,15680.702509604604,KS,KANSAS
1534,2052,17,2982334.87437264,12228.389676568178,KY,KENTUCKY
1535,2052,18,66318.80134066686,1888.2233826328927,LA,LOUISIANA
1536,2052,19,0.0,0.0,ME,MAINE
1537,2052,20,81680.14707434629,856.774835162925,MD,MARYLAND
1538,2052,21,0.0,0.0,MA,MASSACHUSETTS
1539,2052,22,1124570.103253692,5024.566069442958,MI,MICHIGAN
1540,2052,23,5892325.942778105,41858.21771540367,MN,MINNESOTA
1541,2052,24,192316.41951462976,5488.739189501937,MS,MISSISSIPPI
1542,2052,25,7044406.561150018,32762.020638786096,MO,MISSOURI
1543,2052,26,775385.7363028922,14975.275135060523,MT,MONTANA
1544,2052,27,3602204.2011238304,32090.339523254155,NE,NEBRASKA
1545,2052,28,0.0,0.0,NV,NEVADA
1546,2052,29,0.0,0.0,NH,NEW HAMPSHIRE
1547,2052,30,20865.72710798907,249.16855362636025,NJ,NEW JERSEY
1548,2052,31,0.0,0.0,NM,NEW MEXICO
1549,2052,32,184444.7887879367,1198.8885850946926,NY,NEW YORK
1550,2052,33,132447.8685764721,1512.3704363641425,NC,NORTH CAROLINA
1551,2052,34,630951.5671508929,8580.15989410055,ND,NORTH DAKOTA
1552,2052,35,8851558.08215725,28974.05934069017,OH,OHIO
1553,2052,36,401945.1893390128,5542.560717683398,OK,OKLAHOMA
1554,2052,37,0.0,0.0,OR,OREGON
1555,2052,38,344893.4930590553,1858.8905761134856,PA,PENNSYLVANIA
1556,2052,39,0.0,0.0,RI,RHODE ISLAND
1557,2052,40,181346.5504705548,2894.443069703888,SC,SOUTH CAROLINA
1558,2052,41,2789545.552122253,21080.270769402498,SD,SOUTH DAKOTA
1559,2052,42,1616746.171264511,8970.707415578025,TN,TENNESSEE
1560,2052,43,36038.92785753434,1214.890917435488,TX,TEXAS
1561,2052,44,0.0,0.0,UT,UTAH
1562,2052,45,16416.409445975034,104.88961435760504,VT,VERMONT
1563,2052,46,19799.0949046079,175.53890733535837,VA,VIRGINIA
1564,2052,47,0.0,0.0,WA,WASHINGTON
1565,2052,48,96568.24255750029,482.3575165895604,WV,WEST VIRGINIA
1566,2052,49,1539400.9887790196,7372.391954358677,WI,WISCONSIN
1567,2052,50,332978.4723788622,11733.074609993915,WY,WYOMING
1568,2053,0,823.1822809117003,8.992333948778949,AL,ALABAMA
1569,2053,2,0.0,0.0,AZ,ARIZONA
1570,2053,3,402000.291328527,7705.85594262151,AR,ARKANSAS
1571,2053,4,0.0,0.0,CA,CALIFORNIA
1572,2053,5,29179.08053733293,940.7295593722308,CO,COLORADO
1573,2053,6,0.0,0.0,CT,CONNECTICUT
1574,2053,7,0.0,0.0,DE,DELAWARE
1575,2053,8,0.0,0.0,DC,DISTRICT OF COLUMBIA
1576,2053,9,0.0,0.0,FL,FLORIDA
1577,2053,10,0.0,0.0,GA,GEORGIA
1578,2053,12,0.0,0.0,ID,IDAHO
1579,2053,13,1496827.6632290147,29787.360900645686,IL,ILLINOIS
1580,2053,14,1113154.2272413585,13756.750789178735,IN,INDIANA
1581,2053,15,4527232.701439281,39814.89838827143,IA,IOWA
1582,2053,16,956215.8615637688,8303.789094447977,KS,KANSAS
1583,2053,17,440004.2439098873,4108.865192284518,KY,KENTUCKY
1584,2053,18,444574.9729002998,7443.604991411821,LA,LOUISIANA
1585,2053,19,0.0,0.0,ME,MAINE
1586,2053,20,3584.61450234022,176.47064385232622,MD,MARYLAND
1587,2053,21,0.0,0.0,MA,MASSACHUSETTS
1588,2053,22,8620.092785978935,127.44042016535738,MI,MICHIGAN
1589,2053,23,1546092.207641448,22276.66011604139,MN,MINNESOTA
1590,2053,24,687501.7686130379,9779.54200497802,MS,MISSISSIPPI
1591,2053,25,1733418.3637888432,17851.181532652692,MO,MISSOURI
1592,2053,26,348108.5073229471,11282.921624383558,MT,MONTANA
1593,2053,27,3324954.372261003,30389.993910965582,NE,NEBRASKA
1594,2053,28,0.0,0.0,NV,NEVADA
1595,2053,29,0.0,0.0,NH,NEW HAMPSHIRE
1596,2053,30,0.0,0.0,NJ,NEW JERSEY
1597,2053,31,0.0,0.0,NM,NEW MEXICO
1598,2053,32,170.428704250156,15.063489534116858,NY,NEW YORK
1599,2053,33,1451.1025535761546,42.02394287507948,NC,NORTH CAROLINA
1600,2053,34,281885.2028558076,4984.697360579509,ND,NORTH DAKOTA
1601,2053,35,68911.35213108215,1908.912908071065,OH,OHIO
1602,2053,36,145643.60915593416,3062.85210388968,OK,OKLAHOMA
1603,2053,37,0.0,0.0,OR,OREGON
1604,2053,38,1267.6041828758894,75.37256999400633,PA,PENNSYLVANIA
1605,2053,39,0.0,0.0,RI,RHODE ISLAND
1606,2053,40,0.0,0.0,SC,SOUTH CAROLINA
1607,2053,41,1599946.4458881123,19116.555585498736,SD,SOUTH DAKOTA
1608,2053,42,695070.744938815,4904.630338114046,TN,TENNESSEE
1609,2053,43,48185.480460830935,1850.5899758580035,TX,TEXAS
1610,2053,44,0.0,0.0,UT,UTAH
1611,2053,45,0.0,0.0,VT,VERMONT
1612,2053,46,0.0,0.0,VA,VIRGINIA
1613,2053,47,0.0,0.0,WA,WASHINGTON
1614,2053,48,2197.6955774916446,26.092532715252837,WV,WEST VIRGINIA
1615,2053,49,125954.15608820751,2004.1587406778792,WI,WISCONSIN
1616,2053,50,130299.61433298983,5706.24336316937,WY,WYOMING
1617,2054,0,64770.58190308626,397.18536794288326,AL,ALABAMA
1618,2054,2,0.0,0.0,AZ,ARIZONA
1619,2054,3,281166.2114869575,5742.517414993342,AR,ARKANSAS
1620,2054,4,0.0,0.0,CA,CALIFORNIA
1621,2054,5,93172.84362276323,1478.2583678909623,CO,COLORADO
1622,2054,6,0.0,0.0,CT,CONNECTICUT
1623,2054,7,43781.66915962054,398.1187423451655,DE,DELAWARE
1624,2054,8,0.0,0.0,DC,DISTRICT OF COLUMBIA
1625,2054,9,10918.252113257226,124.89602631212556,FL,FLORIDA
1626,2054,10,204250.1498761024,1592.706188059047,GA,GEORGIA
1627,2054,12,149.55268692750232,30.59461245311021,ID,IDAHO
1628,2054,13,4304191.168376021,45925.54628918964,IL,ILLINOIS
1629,2054,14,1653574.1291450467,18808.996117238665,IN,INDIANA
1630,2054,15,6263941.478579463,47388.422586356246,IA,IOWA
1631,2054,16,2009230.1010420169,13896.254421964864,KS,KANSAS
1632,2054,17,950981.3574694165,7498.86976327947,KY,KENTUCKY
1633,2054,18,39012.272248589354,1031.6172966933832,LA,LOUISIANA
1634,2054,19,0.0,0.0,ME,MAINE
1635,2054,20,99452.62407763794,610.9295026430988,MD,MARYLAND
1636,2054,21,0.0,0.0,MA,MASSACHUSETTS
1637,2054,22,80450.63796690326,1475.4051139028409,MI,MICHIGAN
1638,2054,23,2512209.550857281,28039.697057694822,MN,MINNESOTA
1639,2054,24,722313.6155674058,8861.992087927192,MS,MISSISSIPPI
1640,2054,25,4459123.32998983,29323.98940828585,MO,MISSOURI
1641,2054,26,178436.38969623204,6181.4071446697135,MT,MONTANA
1642,2054,27,2563206.98413206,26128.80924363873,NE,NEBRASKA
1643,2054,28,0.0,0.0,NV,NEVADA
1644,2054,29,0.0,0.0,NH,NEW HAMPSHIRE
1645,2054,30,11716.69164113205,252.13846691591075,NJ,NEW JERSEY
1646,2054,31,0.0,0.0,NM,NEW MEXICO
1647,2054,32,0.0,0.0,NY,NEW YORK
1648,2054,33,47430.57008921868,1148.0712067333793,NC,NORTH CAROLINA
1649,2054,34,15184.357584651409,450.3354709435061,ND,NORTH DAKOTA
1650,2054,35,1352968.6012741006,13381.811125765087,OH,OHIO
1651,2054,36,197794.7961961371,3741.856131842209,OK,OKLAHOMA
1652,2054,37,0.0,0.0,OR,OREGON
1653,2054,38,14345.567540738868,238.96069933888725,PA,PENNSYLVANIA
1654,2054,39,0.0,0.0,RI,RHODE ISLAND
1655,2054,40,2168.012503428446,78.69727239225823,SC,SOUTH CAROLINA
1656,2054,41,1661321.5270611192,16124.735616417682,SD,SOUTH DAKOTA
1657,2054,42,1172682.7313177634,6368.243472946739,TN,TENNESSEE
1658,2054,43,27923.802578613617,1051.8032617113759,TX,TEXAS
1659,2054,44,0.0,0.0,UT,UTAH
1660,2054,45,0.0,0.0,VT,VERMONT
1661,2054,46,55791.7592570497,335.6048675334385,VA,VIRGINIA
1662,2054,47,0.0,0.0,WA,WASHINGTON
1663,2054,48,11101.197861777331,62.981443758448336,WV,WEST VIRGINIA
1664,2054,49,73715.7549380228,1081.0284681684925,WI,WISCONSIN
1665,2054,50,209450.9032533268,9480.73174462317,WY,WYOMING
1666,2055,0,424904.8655846109,2441.981264770318,AL,ALABAMA
1667,2055,2,0.0,0.0,AZ,ARIZONA
1668,2055,3,439226.7854612514,6981.395105422743,AR,ARKANSAS
1669,2055,4,0.0,0.0,CA,CALIFORNIA
1670,2055,5,113441.21923898385,1698.7535875721728,CO,COLORADO
1671,2055,6,0.0,0.0,CT,CONNECTICUT
1672,2055,7,6371.940924133532,270.70170382707454,DE,DELAWARE
1673,2055,8,0.0,0.0,DC,DISTRICT OF COLUMBIA
1674,2055,9,44223.83475748454,255.72166634027352,FL,FLORIDA
1675,2055,10,591344.2302360723,3469.76661114809,GA,GEORGIA
1676,2055,12,299.7607444933027,30.59461298126915,ID,IDAHO
1677,2055,13,62209.394168335,2060.0598868815846,IL,ILLINOIS
1678,2055,14,105535.67727177088,1713.107632586619,IN,INDIANA
1679,2055,15,722915.7921992154,9865.0134269752,IA,IOWA
1680,2055,16,15776.953549341555,449.67541666941503,KS,KANSAS
1681,2055,17,209275.31309360053,2229.811388129422,KY,KENTUCKY
1682,2055,18,605345.019264399,6817.207816677296,LA,LOUISIANA
1683,2055,19,0.0,0.0,ME,MAINE
1684,2055,20,45200.70084709757,475.1102820174385,MD,MARYLAND
1685,2055,21,0.0,0.0,MA,MASSACHUSETTS
1686,2055,22,3544.1016179896524,30.93999073004789,MI,MICHIGAN
1687,2055,23,137539.9268942065,3314.114597710944,MN,MINNESOTA
1688,2055,24,1198131.7457464624,11285.279522418788,MS,MISSISSIPPI
1689,2055,25,112325.3735756589,1493.9945771249068,MO,MISSOURI
1690,2055,26,418680.5435609996,11862.64480137734,MT,MONTANA
1691,2055,27,873141.2717932339,15593.162631497597,NE,NEBRASKA
1692,2055,28,0.0,0.0,NV,NEVADA
1693,2055,29,0.0,0.0,NH,NEW HAMPSHIRE
1694,2055,30,14570.44245413678,206.482514987879,NJ,NEW JERSEY
1695,2055,31,0.0,0.0,NM,NEW MEXICO
1696,2055,32,96.55680277672424,12.288502463085502,NY,NEW YORK
1697,2055,33,888656.1501837882,5169.327319538018,NC,NORTH CAROLINA
1698,2055,34,1713.1244609915796,68.88879833620771,ND,NORTH DAKOTA
1699,2055,35,106355.91946759255,1945.1438492952343,OH,OHIO
1700,2055,36,67.64551621265159,6.65740360557874,OK,OKLAHOMA
1701,2055,37,0.0,0.0,OR,OREGON
1702,2055,38,8054.753729459557,213.1471491297128,PA,PENNSYLVANIA
1703,2055,39,0.0,0.0,RI,RHODE ISLAND
1704,2055,40,1113077.6391160071,5646.133795305077,SC,SOUTH CAROLINA
1705,2055,41,277841.9084094737,5524.459771572314,SD,SOUTH DAKOTA
1706,2055,42,1044152.2335352376,6584.208864894785,TN,TENNESSEE
1707,2055,43,3567.873994858088,133.93328384609964,TX,TEXAS
1708,2055,44,0.0,0.0,UT,UTAH
1709,2055,45,2791.803498982973,65.462747407565,VT,VERMONT
1710,2055,46,62964.75267306653,484.8076897165905,VA,VIRGINIA
1711,2055,47,0.0,0.0,WA,WASHINGTON
1712,2055,48,1557.9415533258095,17.486431241791273,WV,WEST VIRGINIA
1713,2055,49,12982.470372091935,296.1405180711148,WI,WISCONSIN
1714,2055,50,270746.788659089,10344.131250889104,WY,WYOMING
