Year,state_id,Production_Loss(ton),Area_Loss(km^2),State_Code,State_Name
2021,0,28541.468312498066,304.29841985943597,AL,ALABAMA
2021,2,241.44987580266152,51.93942607819326,AZ,ARIZONA
2021,3,12319.328830163147,639.4251967056233,AR,ARKANSAS
2021,4,3370.024781797655,109.85792810851635,CA,CALIFORNIA
2021,5,670493.4926378675,9300.047596540004,CO,COLORADO
2021,6,0.0,0.0,CT,CONNECTICUT
2021,7,21871.02740729471,159.8295718293443,DE,DELAWARE
2021,8,644.5397659068308,4.611803829403076,DC,DISTRICT OF COLUMBIA
2021,9,8966.01787141733,40.421497164879355,FL,FLORIDA
2021,10,107801.97607135834,1162.2004598729145,GA,GEORGIA
2021,12,296458.93839114025,1194.6476957966147,ID,IDAHO
2021,13,560771.5737543489,3989.1564732026213,IL,ILLINOIS
2021,14,358308.74486619805,2220.011492645125,IN,INDIANA
2021,15,20653.830956937698,56.69970964259095,IA,IOWA
2021,16,6196403.461075721,35647.03332301714,KS,KANSAS
2021,17,172945.5717992608,1485.188297390402,KY,KENTUCKY
2021,18,26240.260435827113,417.26538747258877,LA,LOUISIANA
2021,19,7.839745790251239,0.03914357116904247,ME,MAINE
2021,20,94257.25354602744,602.5835794512492,MD,MARYLAND
2021,21,7166.928403769763,49.72511009381128,MA,MASSACHUSETTS
2021,22,459508.3601241362,2214.2491400053577,MI,MICHIGAN
2021,23,4560414.034005715,13797.210015589708,MN,MINNESOTA
2021,24,131590.35019900894,1252.5967211099623,MS,MISSISSIPPI
2021,25,206342.5077189052,4168.021391247631,MO,MISSOURI
2021,26,2786765.1150760027,14012.912323157205,MT,MONTANA
2021,27,1437913.9802795143,7661.622616711557,NE,NEBRASKA
2021,28,1526.1027672450796,175.56625686628135,NV,NEVADA
2021,29,0.0,0.0,NH,NEW HAMPSHIRE
2021,30,22999.251949368714,158.4377407869707,NJ,NEW JERSEY
2021,31,13245.099632924346,224.8211518487885,NM,NEW MEXICO
2021,32,155793.6403882088,829.9289155556205,NY,NEW YORK
2021,33,189912.50976212736,2032.2325981097647,NC,NORTH CAROLINA
2021,34,15859700.816169053,62267.287495642064,ND,NORTH DAKOTA
2021,35,474247.8945465565,3690.5565918106045,OH,OHIO
2021,36,3615186.5567704737,20355.083968657465,OK,OKLAHOMA
2021,37,299482.04364888696,1541.554970603161,OR,OREGON
2021,38,76360.91770688201,722.9147639145726,PA,PENNSYLVANIA
2021,39,0.0,0.0,RI,RHODE ISLAND
2021,40,77103.30376370315,1366.53197605253,SC,SOUTH CAROLINA
2021,41,4210347.753816398,15292.88252261605,SD,SOUTH DAKOTA
2021,42,199869.0183160564,2274.8296999642416,TN,TENNESSEE
2021,43,869722.4788354533,4599.253485956923,TX,TEXAS
2021,44,7781.928742854788,500.9346437511879,UT,UTAH
2021,45,24516.781081092988,307.6166237183216,VT,VERMONT
2021,46,140359.839809503,1712.215378912748,VA,VIRGINIA
2021,47,709690.5835805881,5488.497485870863,WA,WASHINGTON
2021,48,24481.30348723342,758.2382244878202,WV,WEST VIRGINIA
2021,49,209588.0713645501,805.789167736973,WI,WISCONSIN
2021,50,68023.54142205023,523.9633140099041,WY,WYOMING
2022,0,41062.58209421913,285.3936351447814,AL,ALABAMA
2022,2,598.3158422865106,110.68065185519288,AZ,ARIZONA
2022,3,19007.388970535518,350.262475462042,AR,ARKANSAS
2022,4,2104.736266903915,64.2219432397839,CA,CALIFORNIA
2022,5,453615.4465393719,7997.6769992633635,CO,COLORADO
2022,6,0.0,0.0,CT,CONNECTICUT
2022,7,6927.518491669701,78.2991700316888,DE,DELAWARE
2022,8,0.0,0.0,DC,DISTRICT OF COLUMBIA
2022,9,3790.012953823356,13.518043576639453,FL,FLORIDA
2022,10,11320.162426909692,187.9398290043604,GA,GEORGIA
2022,12,31980.967144823146,175.21672702125605,ID,IDAHO
2022,13,425643.8705797257,3112.7091637452386,IL,ILLINOIS
2022,14,150175.9170313581,1172.7397416032643,IN,INDIANA
2022,15,7479.463617051954,41.425234953462606,IA,IOWA
2022,16,946392.3708044166,4850.54291585932,KS,KANSAS
2022,17,158292.81764050847,1333.119865894314,KY,KENTUCKY
2022,18,151087.12814569345,610.1283316061958,LA,LOUISIANA
2022,19,814.8769994726434,5.470920639744551,ME,MAINE
2022,20,31993.965926044824,319.3243852396397,MD,MARYLAND
2022,21,3144.985512514747,46.32016090622458,MA,MASSACHUSETTS
2022,22,492732.325868499,2138.134936025953,MI,MICHIGAN
2022,23,4568829.120557253,11884.398204490359,MN,MINNESOTA
2022,24,358448.07735149475,1671.0105445366112,MS,MISSISSIPPI
2022,25,122423.54192540786,1480.8492374093194,MO,MISSOURI
2022,26,115.04990004137885,1.6849924445890225,MT,MONTANA
2022,27,430927.6649706293,2621.422978531899,NE,NEBRASKA
2022,28,418.1693338025096,49.88289263698875,NV,NEVADA
2022,29,0.0,0.0,NH,NEW HAMPSHIRE
2022,30,6518.730688001926,55.75852567468253,NJ,NEW JERSEY
2022,31,6374.449024136463,297.91866007717226,NM,NEW MEXICO
2022,32,120845.39212935147,609.650649994373,NY,NEW YORK
2022,33,105168.89158986617,728.4315549966539,NC,NORTH CAROLINA
2022,34,6691507.078769053,25799.171396363516,ND,NORTH DAKOTA
2022,35,174336.92496961556,1591.3126360930105,OH,OHIO
2022,36,19764.345072490352,166.16745043301577,OK,OKLAHOMA
2022,37,357215.6636882252,2148.3940376177543,OR,OREGON
2022,38,40582.36222558916,462.5561332284252,PA,PENNSYLVANIA
2022,39,0.0,0.0,RI,RHODE ISLAND
2022,40,10898.351851670162,123.66458257823774,SC,SOUTH CAROLINA
2022,41,241040.30479725095,971.9818884802384,SD,SOUTH DAKOTA
2022,42,81607.60628795528,866.0806600601085,TN,TENNESSEE
2022,43,271349.46122697816,1946.1477677958521,TX,TEXAS
2022,44,967.1682458752055,61.0996779662021,UT,UTAH
2022,45,55360.07118628083,525.816591837575,VT,VERMONT
2022,46,18455.38250748768,226.3099007148238,VA,VIRGINIA
2022,47,786772.3922055396,6315.856401651874,WA,WASHINGTON
2022,48,4395.745713569933,321.9975061566338,WV,WEST VIRGINIA
2022,49,63071.77341743051,426.24483726862604,WI,WISCONSIN
2022,50,75070.84444445296,690.2370844943697,WY,WYOMING
2023,0,0.0,0.0,AL,ALABAMA
2023,2,2.0107285901436116,0.37195864680848256,AZ,ARIZONA
2023,3,2480.1559486209526,25.685111022421502,AR,ARKANSAS
2023,4,346.0979623661956,13.413553208403055,CA,CALIFORNIA
2023,5,81250.81599856823,1117.3823488107953,CO,COLORADO
2023,6,0.0,0.0,CT,CONNECTICUT
2023,7,0.0,0.0,DE,DELAWARE
2023,8,0.0,0.0,DC,DISTRICT OF COLUMBIA
2023,9,0.0,0.0,FL,FLORIDA
2023,10,0.0,0.0,GA,GEORGIA
2023,12,20682.754262778028,248.00683676113232,ID,IDAHO
2023,13,94054.6208911321,399.37384471297673,IL,ILLINOIS
2023,14,131216.65242466645,907.6544547519952,IN,INDIANA
2023,15,0.0,0.0,IA,IOWA
2023,16,1169400.7277179665,5311.873909714939,KS,KANSAS
2023,17,5985.7475296190805,38.440414758545096,KY,KENTUCKY
2023,18,0.0,0.0,LA,LOUISIANA
2023,19,416.82410142877586,3.1721006765407354,ME,MAINE
2023,20,305.6230653435499,2.3912801541227386,MD,MARYLAND
2023,21,0.0,0.0,MA,MASSACHUSETTS
2023,22,211524.61153067183,922.0676646022446,MI,MICHIGAN
2023,23,2088108.9793708618,6408.244858341904,MN,MINNESOTA
2023,24,0.0,0.0,MS,MISSISSIPPI
2023,25,59765.43114521338,481.80087278459837,MO,MISSOURI
2023,26,1120648.3164120708,7536.846007794432,MT,MONTANA
2023,27,0.0,0.0,NE,NEBRASKA
2023,28,32.87641327604298,3.7821757105410265,NV,NEVADA
2023,29,0.0,0.0,NH,NEW HAMPSHIRE
2023,30,1159.2910440022545,12.778629606573602,NJ,NEW JERSEY
2023,31,9500.776264438891,164.95859854118834,NM,NEW MEXICO
2023,32,155254.6743688928,697.1206655082937,NY,NEW YORK
2023,33,13112.450041869874,86.91496860023639,NC,NORTH CAROLINA
2023,34,5354023.2419414595,19626.986605830683,ND,NORTH DAKOTA
2023,35,209236.1849829477,1309.125551861251,OH,OHIO
2023,36,1599897.880387113,9299.893824222105,OK,OKLAHOMA
2023,37,178075.05941965277,1335.2694556452404,OR,OREGON
2023,38,10994.934279773817,101.59629625420328,PA,PENNSYLVANIA
2023,39,0.0,0.0,RI,RHODE ISLAND
2023,40,7275.677103048403,69.04573858458193,SC,SOUTH CAROLINA
2023,41,867617.1147198684,3106.3717704850155,SD,SOUTH DAKOTA
2023,42,0.0,0.0,TN,TENNESSEE
2023,43,788438.7708914885,4413.375123313528,TX,TEXAS
2023,44,15.965019960161033,1.0069152322586095,UT,UTAH
2023,45,58097.817922156,412.9570763194903,VT,VERMONT
2023,46,780.9893121523228,10.255989043779822,VA,VIRGINIA
2023,47,766407.5462365303,6637.428500230154,WA,WASHINGTON
2023,48,23314.892210537084,580.4443091792187,WV,WEST VIRGINIA
2023,49,49156.595299098495,224.34282847184465,WI,WISCONSIN
2023,50,250.7634210611188,3.6830942885074864,WY,WYOMING
2024,0,11829.161324056884,89.3596700322465,AL,ALABAMA
2024,2,8.628274407074741,1.5961185853126807,AZ,ARIZONA
2024,3,13020.503696561598,192.21242337101228,AR,ARKANSAS
2024,4,7802.819331955914,267.6207169117425,CA,CALIFORNIA
2024,5,145141.705274022,1993.7833685761202,CO,COLORADO
2024,6,0.0,0.0,CT,CONNECTICUT
2024,7,0.0,0.0,DE,DELAWARE
2024,8,0.0,0.0,DC,DISTRICT OF COLUMBIA
2024,9,1333.6430086586818,7.1736089514164485,FL,FLORIDA
2024,10,237.20885245512818,2.295308315280706,GA,GEORGIA
2024,12,2243.5755808143135,25.710253352654927,ID,IDAHO
2024,13,86781.50607379538,236.9236522263252,IL,ILLINOIS
2024,14,119503.68398711218,529.6020823787763,IN,INDIANA
2024,15,0.0,0.0,IA,IOWA
2024,16,3464086.932070736,17967.582405908153,KS,KANSAS
2024,17,33799.7787123032,211.67085084816904,KY,KENTUCKY
2024,18,37104.922299415884,158.48506717039504,LA,LOUISIANA
2024,19,726.7642490131719,5.72560497544345,ME,MAINE
2024,20,0.0,0.0,MD,MARYLAND
2024,21,0.0,0.0,MA,MASSACHUSETTS
2024,22,175118.9461613163,900.6036603681557,MI,MICHIGAN
2024,23,2291187.604836206,8469.900318809967,MN,MINNESOTA
2024,24,211985.50041357367,959.7979410832108,MS,MISSISSIPPI
2024,25,73028.69417150939,436.43327147102525,MO,MISSOURI
2024,26,4787395.70812879,24164.529981799624,MT,MONTANA
2024,27,25922.14082404707,132.40412221106772,NE,NEBRASKA
2024,28,17.060642804019665,1.9626942962966107,NV,NEVADA
2024,29,0.0,0.0,NH,NEW HAMPSHIRE
2024,30,0.0,0.0,NJ,NEW JERSEY
2024,31,1962.390532819323,53.581908760607945,NM,NEW MEXICO
2024,32,23458.782641422462,144.3338566528654,NY,NEW YORK
2024,33,127357.42820765293,487.41427334161705,NC,NORTH CAROLINA
2024,34,5845086.21844559,22575.35967517623,ND,NORTH DAKOTA
2024,35,201702.064431151,1261.1268098561886,OH,OHIO
2024,36,3689190.848454114,13329.953349937168,OK,OKLAHOMA
2024,37,30664.968398482044,251.16039621952467,OR,OREGON
2024,38,615.7062779136363,11.420746618778658,PA,PENNSYLVANIA
2024,39,0.0,0.0,RI,RHODE ISLAND
2024,40,128575.55273220777,497.0005699229557,SC,SOUTH CAROLINA
2024,41,30502.965101302754,125.32740879069064,SD,SOUTH DAKOTA
2024,42,3177.6448784834092,57.25194127268193,TN,TENNESSEE
2024,43,2805474.531053239,13064.018280061777,TX,TEXAS
2024,44,380.37953086101487,23.990570924377117,UT,UTAH
2024,45,0.0,0.0,VT,VERMONT
2024,46,10366.675025579112,107.18825393642369,VA,VIRGINIA
2024,47,61337.73241155145,474.0164439183369,WA,WASHINGTON
2024,48,3845.3294000138776,247.0250154102,WV,WEST VIRGINIA
2024,49,39145.11021308579,198.9260186523599,WI,WISCONSIN
2024,50,1020.6916209832968,7.507364381591088,WY,WYOMING
2025,0,21481.300975927552,387.4414754585807,AL,ALABAMA
2025,2,53.30305101874972,9.99474531567497,AZ,ARIZONA
2025,3,74428.76510061762,536.6137565266122,AR,ARKANSAS
2025,4,5763.4634652874465,201.96019324274732,CA,CALIFORNIA
2025,5,212239.60595891916,2982.9108063564317,CO,COLORADO
2025,6,0.0,0.0,CT,CONNECTICUT
2025,7,31456.80166382844,227.39169679890804,DE,DELAWARE
2025,8,0.0,0.0,DC,DISTRICT OF COLUMBIA
2025,9,2646.00985314803,26.48420791842604,FL,FLORIDA
2025,10,134283.66663454415,1191.3020045614362,GA,GEORGIA
2025,12,237834.391601978,1231.160837319922,ID,IDAHO
2025,13,131424.6832939369,474.5076879231633,IL,ILLINOIS
2025,14,92034.20607630003,689.646258532111,IN,INDIANA
2025,15,5692.155108142374,33.04901578717292,IA,IOWA
2025,16,2326597.6459441213,10409.175237373647,KS,KANSAS
2025,17,35181.13373754821,278.91252890422146,KY,KENTUCKY
2025,18,107656.54294048453,496.94702648377955,LA,LOUISIANA
2025,19,522.0801622575133,5.180121382907429,ME,MAINE
2025,20,57168.3306212339,572.643599197489,MD,MARYLAND
2025,21,680.3319440195721,10.988589507388307,MA,MASSACHUSETTS
2025,22,858609.6925668261,2327.8337720072504,MI,MICHIGAN
2025,23,625773.051381341,1860.2364831294656,MN,MINNESOTA
2025,24,271170.9919150824,1490.7759645886103,MS,MISSISSIPPI
2025,25,47929.81070426032,600.2178127326822,MO,MISSOURI
2025,26,5317575.23905029,27425.699349040122,MT,MONTANA
2025,27,842148.7653338141,4687.692023696774,NE,NEBRASKA
2025,28,337.59836473536404,39.49067709421346,NV,NEVADA
2025,29,0.0,0.0,NH,NEW HAMPSHIRE
2025,30,15591.835435036126,141.86516210764583,NJ,NEW JERSEY
2025,31,75.21870371638569,1.2242725067539055,NM,NEW MEXICO
2025,32,155202.1874283721,851.9865606850117,NY,NEW YORK
2025,33,59988.81250170739,928.7923598743691,NC,NORTH CAROLINA
2025,34,8952644.045148408,33869.08518917761,ND,NORTH DAKOTA
2025,35,147038.8776971259,1988.4377104728192,OH,OHIO
2025,36,166243.27202212514,631.127566888372,OK,OKLAHOMA
2025,37,734203.1000285407,4261.7098773444095,OR,OREGON
2025,38,25302.031714867593,412.259874706543,PA,PENNSYLVANIA
2025,39,0.0,0.0,RI,RHODE ISLAND
2025,40,56377.85801353978,845.3023794448213,SC,SOUTH CAROLINA
2025,41,1947160.4790920515,6871.225389385667,SD,SOUTH DAKOTA
2025,42,126591.00111376042,2077.0470198926387,TN,TENNESSEE
2025,43,204766.69524236728,1966.9912636763775,TX,TEXAS
2025,44,2184.2622206926653,142.0733813308152,UT,UTAH
2025,45,2799.3014444904384,101.78445171072849,VT,VERMONT
2025,46,14945.950748813899,383.4890385055304,VA,VIRGINIA
2025,47,1140718.9356965288,8977.125731346943,WA,WASHINGTON
2025,48,515.4569039429416,79.93435799676348,WV,WEST VIRGINIA
2025,49,185802.57418456278,607.5069347634326,WI,WISCONSIN
2025,50,85122.41440312695,755.8982416794613,WY,WYOMING
2026,0,9571.930628794598,209.72256794404174,AL,ALABAMA
2026,2,50.07896257068254,10.209029821175545,AZ,ARIZONA
2026,3,5329.985222900551,90.80066562435034,AR,ARKANSAS
2026,4,2713.459080385874,82.3149452074738,CA,CALIFORNIA
2026,5,84183.5382092387,1508.5008934714338,CO,COLORADO
2026,6,0.0,0.0,CT,CONNECTICUT
2026,7,51672.04813572486,218.09763334842387,DE,DELAWARE
2026,8,439.51602542641757,3.9934614165222166,DC,DISTRICT OF COLUMBIA
2026,9,4908.107681908418,27.46292265059173,FL,FLORIDA
2026,10,150992.7120863783,1629.9362070840743,GA,GEORGIA
2026,12,212817.80652441713,1301.0667664271969,ID,IDAHO
2026,13,81016.42156806655,990.073378871168,IL,ILLINOIS
2026,14,165160.45537521085,1690.6987764373207,IN,INDIANA
2026,15,4235.1465401658525,33.18345335054837,IA,IOWA
2026,16,2007892.3681421678,16934.125211485494,KS,KANSAS
2026,17,84031.76979729004,1236.0127647258178,KY,KENTUCKY
2026,18,14608.750484380698,209.95702128038224,LA,LOUISIANA
2026,19,936.8869338105603,7.05609254864589,ME,MAINE
2026,20,140024.92353604783,688.9587792387125,MD,MARYLAND
2026,21,3253.3033641394404,41.450132704028555,MA,MASSACHUSETTS
2026,22,237596.97199799994,1272.9283030223614,MI,MICHIGAN
2026,23,2927043.005505277,9715.687744660449,MN,MINNESOTA
2026,24,30764.84478197341,376.19156756434876,MS,MISSISSIPPI
2026,25,49133.04608520428,519.0632066359898,MO,MISSOURI
2026,26,1418553.1856034193,7295.728371718381,MT,MONTANA
2026,27,4025.508285940982,41.37208698253716,NE,NEBRASKA
2026,28,390.0075480013981,45.090756736460065,NV,NEVADA
2026,29,0.0,0.0,NH,NEW HAMPSHIRE
2026,30,18770.090254303494,124.10946271623793,NJ,NEW JERSEY
2026,31,628.7239811582092,10.877020127664984,NM,NEW MEXICO
2026,32,57741.20942352842,256.1832630339645,NY,NEW YORK
2026,33,93730.54217076192,1358.1703643146675,NC,NORTH CAROLINA
2026,34,3638284.45682854,20000.266031337957,ND,NORTH DAKOTA
2026,35,404613.52468106966,3995.3705449642584,OH,OHIO
2026,36,652599.9998840989,5784.220605240277,OK,OKLAHOMA
2026,37,344343.70741704217,2080.7718320057243,OR,OREGON
2026,38,53643.55358110302,519.7139836416403,PA,PENNSYLVANIA
2026,39,0.0,0.0,RI,RHODE ISLAND
2026,40,55790.22526051315,809.7263194576849,SC,SOUTH CAROLINA
2026,41,0.0,0.0,SD,SOUTH DAKOTA
2026,42,116755.44912717104,1872.1220359016015,TN,TENNESSEE
2026,43,73145.30633457069,1049.2283251403746,TX,TEXAS
2026,44,373.9056491034262,24.442884734696655,UT,UTAH
2026,45,65837.4621523686,630.6590849597121,VT,VERMONT
2026,46,93389.14545030495,1255.1654838861855,VA,VIRGINIA
2026,47,1313628.08132471,10321.208546766464,WA,WASHINGTON
2026,48,15503.282063024875,795.3512265962224,WV,WEST VIRGINIA
2026,49,62891.51952892303,367.2506373471118,WI,WISCONSIN
2026,50,3571.7170164219583,30.011741149824516,WY,WYOMING
2027,0,554.3682564575114,33.03185975911792,AL,ALABAMA
2027,2,50.20519934238268,10.018997253583585,AZ,ARIZONA
2027,3,4206.1496051394,65.0266721586439,AR,ARKANSAS
2027,4,5448.5360036206785,187.13233914574568,CA,CALIFORNIA
2027,5,59512.20166141568,993.7002744472568,CO,COLORADO
2027,6,0.0,0.0,CT,CONNECTICUT
2027,7,0.0,0.0,DE,DELAWARE
2027,8,0.0,0.0,DC,DISTRICT OF COLUMBIA
2027,9,0.0,0.0,FL,FLORIDA
2027,10,18298.48812954349,168.57283946988693,GA,GEORGIA
2027,12,664442.2448638971,3164.584032752722,ID,IDAHO
2027,13,802004.607851212,3545.693768577738,IL,ILLINOIS
2027,14,202913.51934550342,1699.6883719104092,IN,INDIANA
2027,15,17306.732849883287,52.94833452979631,IA,IOWA
2027,16,67540.34234987141,575.3599461311093,KS,KANSAS
2027,17,55460.72080279036,885.2963245602,KY,KENTUCKY
2027,18,142.6731912607677,7.848584516512714,LA,LOUISIANA
2027,19,516.6401781053256,4.928136246197691,ME,MAINE
2027,20,1969.447114234436,16.794075317918427,MD,MARYLAND
2027,21,2199.9011063403136,41.342202726293365,MA,MASSACHUSETTS
2027,22,713856.8242422212,2396.545117328689,MI,MICHIGAN
2027,23,5620146.203126766,11963.00895753812,MN,MINNESOTA
2027,24,1876.0402359175687,35.437631921983844,MS,MISSISSIPPI
2027,25,158404.5896015853,2219.202158027767,MO,MISSOURI
2027,26,2561744.5591957746,15562.643291735416,MT,MONTANA
2027,27,711130.2173842781,4536.298996662868,NE,NEBRASKA
2027,28,1630.4691181793828,193.38602857110644,NV,NEVADA
2027,29,0.0,0.0,NH,NEW HAMPSHIRE
2027,30,542.8146772275106,11.524105877969209,NJ,NEW JERSEY
2027,31,208.17632424694298,3.4532408762784668,NM,NEW MEXICO
2027,32,150531.09525232477,861.1881001279494,NY,NEW YORK
2027,33,4180.146887125293,25.12264228530041,NC,NORTH CAROLINA
2027,34,10302098.68440459,43711.27426514127,ND,NORTH DAKOTA
2027,35,258963.79295858924,2999.5540717715276,OH,OHIO
2027,36,157556.8542704496,1735.0903240621076,OK,OKLAHOMA
2027,37,873861.4101553292,4877.870175682712,OR,OREGON
2027,38,27564.648696478765,354.0245441752402,PA,PENNSYLVANIA
2027,39,0.0,0.0,RI,RHODE ISLAND
2027,40,30074.48844329002,135.1366752532367,SC,SOUTH CAROLINA
2027,41,1386877.6286972114,5483.104660889745,SD,SOUTH DAKOTA
2027,42,29326.03537589137,603.6808348996504,TN,TENNESSEE
2027,43,119790.30450281751,929.9216413377526,TX,TEXAS
2027,44,5116.387428511353,336.4658405419941,UT,UTAH
2027,45,26588.756088314072,392.3990772365145,VT,VERMONT
2027,46,100.93409233274446,4.894261879814474,VA,VIRGINIA
2027,47,1370685.4365085252,10731.203063345794,WA,WASHINGTON
2027,48,2589.366824203311,111.54451716473034,WV,WEST VIRGINIA
2027,49,189335.5507308086,666.7783609001096,WI,WISCONSIN
2027,50,22882.093183736968,195.42687530506214,WY,WYOMING
2028,0,79579.38601715813,576.4673754057903,AL,ALABAMA
2028,2,18.129822837596276,9.602140939084682,AZ,ARIZONA
2028,3,692371.9410625442,3282.2660048290622,AR,ARKANSAS
2028,4,5573.655918571783,201.1757638788103,CA,CALIFORNIA
2028,5,10044.310495483234,143.3126676249659,CO,COLORADO
2028,6,0.0,0.0,CT,CONNECTICUT
2028,7,7547.078776879681,98.8355660995354,DE,DELAWARE
2028,8,154.71744136812606,3.74870087809021,DC,DISTRICT OF COLUMBIA
2028,9,968.2057597142609,15.034175353839602,FL,FLORIDA
2028,10,264443.1679174297,1949.0258910176415,GA,GEORGIA
2028,12,711645.789591633,3127.4162089152246,ID,IDAHO
2028,13,1667703.5841016043,3914.296406226424,IL,ILLINOIS
2028,14,744029.6506991659,2227.6586152109576,IN,INDIANA
2028,15,29398.370667463987,60.382785752317375,IA,IOWA
2028,16,4497113.771577713,27587.20279071348,KS,KANSAS
2028,17,405852.62301610154,1826.1036423634703,KY,KENTUCKY
2028,18,68968.67956344617,285.02135548880455,LA,LOUISIANA
2028,19,544.1972009000837,7.889216206149333,ME,MAINE
2028,20,32788.69443082158,425.5058792692662,MD,MARYLAND
2028,21,5111.454884574365,39.02006436182991,MA,MASSACHUSETTS
2028,22,1159196.5270105535,2404.4037992494495,MI,MICHIGAN
2028,23,6456517.331266784,12063.152299989522,MN,MINNESOTA
2028,24,292786.13765543315,1565.0093618199185,MS,MISSISSIPPI
2028,25,1122940.6132178407,6150.581937535619,MO,MISSOURI
2028,26,5686540.389592988,27976.830099515882,MT,MONTANA
2028,27,138957.84369023796,732.802533652144,NE,NEBRASKA
2028,28,2000.3548620684476,231.07795263703662,NV,NEVADA
2028,29,0.0,0.0,NH,NEW HAMPSHIRE
2028,30,1097.9428837062094,24.628218754358176,NJ,NEW JERSEY
2028,31,2072.5533936727124,38.927286479953366,NM,NEW MEXICO
2028,32,136083.19725006053,782.2090058853498,NY,NEW YORK
2028,33,82931.19204528698,681.8235298044226,NC,NORTH CAROLINA
2028,34,15024994.093965009,51466.14571827608,ND,NORTH DAKOTA
2028,35,1171600.4250646713,4399.669532624144,OH,OHIO
2028,36,1524234.7328567016,8066.783202966518,OK,OKLAHOMA
2028,37,448333.13016865304,2561.1320904923896,OR,OREGON
2028,38,18923.323519252033,389.51099645570457,PA,PENNSYLVANIA
2028,39,0.0,0.0,RI,RHODE ISLAND
2028,40,92746.74003030937,724.195976477831,SC,SOUTH CAROLINA
2028,41,2997301.040995408,10485.302018821572,SD,SOUTH DAKOTA
2028,42,349515.6824605252,2573.223466490214,TN,TENNESSEE
2028,43,2069617.0892769818,11083.285857098264,TX,TEXAS
2028,44,7553.7339322319685,479.6791926078812,UT,UTAH
2028,45,17722.13863814737,270.5112290915648,VT,VERMONT
2028,46,39933.47504382121,848.7588589929612,VA,VIRGINIA
2028,47,1237532.295837919,9426.442098465057,WA,WASHINGTON
2028,48,11004.6742521051,281.3733604610589,WV,WEST VIRGINIA
2028,49,437960.22923817125,854.954474450155,WI,WISCONSIN
2028,50,33870.31022476414,244.23818178699096,WY,WYOMING
2029,0,18042.227126132206,253.72216926045792,AL,ALABAMA
2029,2,155.08059788559655,34.56147386958218,AZ,ARIZONA
2029,3,82840.49292486545,940.7448819534264,AR,ARKANSAS
2029,4,7032.350859536189,245.7863310437704,CA,CALIFORNIA
2029,5,347073.33743358013,6355.832839327562,CO,COLORADO
2029,6,0.0,0.0,CT,CONNECTICUT
2029,7,0.0,0.0,DE,DELAWARE
2029,8,0.0,0.0,DC,DISTRICT OF COLUMBIA
2029,9,749.3152468473198,14.194731473824822,FL,FLORIDA
2029,10,37061.477918147335,537.5036081949876,GA,GEORGIA
2029,12,512584.36652995215,2562.218024098087,ID,IDAHO
2029,13,224549.0216421875,1018.9038544446814,IL,ILLINOIS
2029,14,24338.762865394157,502.4842757532677,IN,INDIANA
2029,15,22515.75311533237,55.78828831416826,IA,IOWA
2029,16,1248941.7992051104,11805.697707445981,KS,KANSAS
2029,17,1416.2244865317955,17.77410190991519,KY,KENTUCKY
2029,18,5986.016669737654,51.626560382747954,LA,LOUISIANA
2029,19,1987.63439674459,8.900636737252697,ME,MAINE
2029,20,1521.9294936856406,17.171343739603813,MD,MARYLAND
2029,21,0.0,0.0,MA,MASSACHUSETTS
2029,22,470994.12873849506,2102.566546420062,MI,MICHIGAN
2029,23,6321182.539951614,12236.603176279526,MN,MINNESOTA
2029,24,26778.47497308103,310.38609788341626,MS,MISSISSIPPI
2029,25,351702.7463715273,3624.2876390012966,MO,MISSOURI
2029,26,4038723.106586854,20765.546265987727,MT,MONTANA
2029,27,1805624.9484617824,9052.856426222315,NE,NEBRASKA
2029,28,1062.9352011337078,122.4755822120761,NV,NEVADA
2029,29,0.0,0.0,NH,NEW HAMPSHIRE
2029,30,0.0,0.0,NJ,NEW JERSEY
2029,31,2484.726970485051,52.72897369791533,NM,NEW MEXICO
2029,32,24199.740935155904,106.54050262362456,NY,NEW YORK
2029,33,2862.9817420121603,15.132069337698995,NC,NORTH CAROLINA
2029,34,16742797.655511769,56040.38135203956,ND,NORTH DAKOTA
2029,35,23303.038161151217,550.7488397984988,OH,OHIO
2029,36,251274.8492852901,2352.144291193327,OK,OKLAHOMA
2029,37,532236.782059623,3108.704545165584,OR,OREGON
2029,38,5167.972039807919,49.728334634210974,PA,PENNSYLVANIA
2029,39,0.0,0.0,RI,RHODE ISLAND
2029,40,3460.9980317598083,51.77100192417525,SC,SOUTH CAROLINA
2029,41,4057715.9288749928,13523.66621984864,SD,SOUTH DAKOTA
2029,42,8164.571704708396,65.672707658528,TN,TENNESSEE
2029,43,216468.11932096077,2035.540324944293,TX,TEXAS
2029,44,7985.851389119799,504.2917077260155,UT,UTAH
2029,45,84175.79347778992,500.86332352566797,VT,VERMONT
2029,46,27766.510246102298,252.72269677603293,VA,VIRGINIA
2029,47,1433053.7069627333,11118.51560051096,WA,WASHINGTON
2029,48,3736.5111257023286,91.78757506890392,WV,WEST VIRGINIA
2029,49,198083.8757253855,718.7888152108325,WI,WISCONSIN
2029,50,116379.1100227421,886.3064948914729,WY,WYOMING
2030,0,3164.7732086018145,26.2855116044581,AL,ALABAMA
2030,2,143.84888681675025,36.55181855356046,AZ,ARIZONA
2030,3,0.0,0.0,AR,ARKANSAS
2030,4,6669.22039990749,214.0504954128349,CA,CALIFORNIA
2030,5,677737.6855902751,9464.649534514643,CO,COLORADO
2030,6,0.0,0.0,CT,CONNECTICUT
2030,7,5614.730320042063,83.13178575081935,DE,DELAWARE
2030,8,0.0,0.0,DC,DISTRICT OF COLUMBIA
2030,9,4928.199886300937,20.711351935038582,FL,FLORIDA
2030,10,150444.12608202946,674.6975787472176,GA,GEORGIA
2030,12,600857.9984132482,2726.2812796569974,ID,IDAHO
2030,13,80746.02414159641,1140.3030102570965,IL,ILLINOIS
2030,14,36432.693571024014,227.98375827752943,IN,INDIANA
2030,15,2135.605859527475,6.719990841604578,IA,IOWA
2030,16,6413486.115122961,30549.367338328124,KS,KANSAS
2030,17,68464.80321071015,793.0720704943105,KY,KENTUCKY
2030,18,62172.88172880722,328.62915385200625,LA,LOUISIANA
2030,19,265.7936104659403,2.1655062306047093,ME,MAINE
2030,20,678.8981970451116,9.613286734561978,MD,MARYLAND
2030,21,507.44289892188556,3.8201768868163426,MA,MASSACHUSETTS
2030,22,187811.62087235163,1102.9038208015086,MI,MICHIGAN
2030,23,2641009.683497165,10210.667682075034,MN,MINNESOTA
2030,24,61066.73139992043,474.5066635074127,MS,MISSISSIPPI
2030,25,83995.71541873766,980.1176782896235,MO,MISSOURI
2030,26,4914346.463090121,26052.260175763884,MT,MONTANA
2030,27,545237.497447001,3355.1632364673496,NE,NEBRASKA
2030,28,1293.2719929307536,148.7808867018358,NV,NEVADA
2030,29,0.0,0.0,NH,NEW HAMPSHIRE
2030,30,124.12479015644988,1.9913026133938514,NJ,NEW JERSEY
2030,31,29310.7897640511,479.2990037677517,NM,NEW MEXICO
2030,32,9888.725411115367,45.34338661120499,NY,NEW YORK
2030,33,39471.2876744032,335.60011061543094,NC,NORTH CAROLINA
2030,34,12484646.825269397,47508.88918486942,ND,NORTH DAKOTA
2030,35,34230.44685590208,430.5297684016125,OH,OHIO
2030,36,759876.1688108367,2897.003834105907,OK,OKLAHOMA
2030,37,863181.4356509595,4680.9956808656925,OR,OREGON
2030,38,12910.04881319419,147.4123833727363,PA,PENNSYLVANIA
2030,39,0.0,0.0,RI,RHODE ISLAND
2030,40,237130.78903373046,1104.6248584084349,SC,SOUTH CAROLINA
2030,41,2038681.1932399704,8090.316133263905,SD,SOUTH DAKOTA
2030,42,60509.16496089673,1353.9163512056966,TN,TENNESSEE
2030,43,891499.0654631356,3811.865901183771,TX,TEXAS
2030,44,10282.601502067651,656.7099294375114,UT,UTAH
2030,45,36568.346137194014,364.26949212909346,VT,VERMONT
2030,46,6511.724232593643,129.2588629505461,VA,VIRGINIA
2030,47,1173178.4373510615,9145.51831245941,WA,WASHINGTON
2030,48,1055.4025918781683,79.89305229609447,WV,WEST VIRGINIA
2030,49,237.9054169008228,3.561498090297357,WI,WISCONSIN
2030,50,13589.671040821198,103.53505574418463,WY,WYOMING
2031,0,34.7312076291404,11.11551914742401,AL,ALABAMA
2031,2,41.43490709400332,14.717046302990688,AZ,ARIZONA
2031,3,383.149756522491,40.107406814145904,AR,ARKANSAS
2031,4,3739.744355556418,116.87082743450777,CA,CALIFORNIA
2031,5,195300.5356684162,2996.120319640069,CO,COLORADO
2031,6,0.0,0.0,CT,CONNECTICUT
2031,7,44390.95841286991,259.7723936211436,DE,DELAWARE
2031,8,187.60874957420245,3.426647538048096,DC,DISTRICT OF COLUMBIA
2031,9,0.0,0.0,FL,FLORIDA
2031,10,28.62614415861352,1.8964651618528028,GA,GEORGIA
2031,12,579198.0686372587,2537.840686965112,ID,IDAHO
2031,13,29827.189269897204,355.9271010227243,IL,ILLINOIS
2031,14,48273.803438167866,503.12110873097646,IN,INDIANA
2031,15,14.226325256368352,0.36694874523436644,IA,IOWA
2031,16,1440911.8479058351,10573.159257921212,KS,KANSAS
2031,17,122.3053098097027,2.3792702160824284,KY,KENTUCKY
2031,18,0.0,0.0,LA,LOUISIANA
2031,19,581.6257243095228,5.401320244632936,ME,MAINE
2031,20,92685.23331897095,629.3359894172623,MD,MARYLAND
2031,21,1045.3224198942048,27.064402814983737,MA,MASSACHUSETTS
2031,22,550910.2755765799,2246.29008012667,MI,MICHIGAN
2031,23,1970564.0781072332,7855.345079071065,MN,MINNESOTA
2031,24,0.0,0.0,MS,MISSISSIPPI
2031,25,18423.771088783462,866.262091296254,MO,MISSOURI
2031,26,2896886.629987537,15429.326118224775,MT,MONTANA
2031,27,163608.81791633487,1496.2156357735687,NE,NEBRASKA
2031,28,3318.9813955521176,381.82300218077984,NV,NEVADA
2031,29,0.0,0.0,NH,NEW HAMPSHIRE
2031,30,39788.13107418462,176.0978413514096,NJ,NEW JERSEY
2031,31,6071.459472009038,214.19866840349735,NM,NEW MEXICO
2031,32,257361.61051323035,893.4710200349032,NY,NEW YORK
2031,33,19852.14584284156,168.92362587654782,NC,NORTH CAROLINA
2031,34,7037927.276267228,37839.5206257988,ND,NORTH DAKOTA
2031,35,372545.63108570554,2297.1225134494034,OH,OHIO
2031,36,985198.1676276426,7820.466544731315,OK,OKLAHOMA
2031,37,280540.32637048257,1567.5891815141215,OR,OREGON
2031,38,128943.81615443167,1114.0289681890429,PA,PENNSYLVANIA
2031,39,0.0,0.0,RI,RHODE ISLAND
2031,40,164.16606716670606,1.2191673010473631,SC,SOUTH CAROLINA
2031,41,84663.66974982915,656.7070381984804,SD,SOUTH DAKOTA
2031,42,0.0,0.0,TN,TENNESSEE
2031,43,548097.2513906448,4844.976147032665,TX,TEXAS
2031,44,7447.937652820599,472.13246440893874,UT,UTAH
2031,45,47741.68491740727,475.4424030783603,VT,VERMONT
2031,46,45574.147598810014,618.3447898157272,VA,VIRGINIA
2031,47,767384.8235511958,6104.123347486734,WA,WASHINGTON
2031,48,4721.557011982217,372.854980515662,WV,WEST VIRGINIA
2031,49,110519.84912059252,614.3258616899911,WI,WISCONSIN
2031,50,26480.764417130667,185.21653017529493,WY,WYOMING
2032,0,9315.452482712195,155.74825290701574,AL,ALABAMA
2032,2,0.0,0.0,AZ,ARIZONA
2032,3,193.24780962447863,13.10138471960969,AR,ARKANSAS
2032,4,4888.051210655301,163.82118999060015,CA,CALIFORNIA
2032,5,394796.56586833537,7354.094672295275,CO,COLORADO
2032,6,0.0,0.0,CT,CONNECTICUT
2032,7,10977.665525251294,111.68734899133595,DE,DELAWARE
2032,8,0.0,0.0,DC,DISTRICT OF COLUMBIA
2032,9,304.38129452581586,1.8817554288507061,FL,FLORIDA
2032,10,1709.5655193606594,28.402056326489095,GA,GEORGIA
2032,12,944845.8871892267,4217.589243036129,ID,IDAHO
2032,13,323252.52088927175,1301.2100744206914,IL,ILLINOIS
2032,14,119327.01919379896,785.1284426651555,IN,INDIANA
2032,15,14225.002678982053,55.53223321574746,IA,IOWA
2032,16,805990.6910756483,8845.661674401383,KS,KANSAS
2032,17,60914.23868311454,1003.4871204613878,KY,KENTUCKY
2032,18,2559.6075018933616,42.8980356719522,LA,LOUISIANA
2032,19,272.8156363724649,2.9122172825001624,ME,MAINE
2032,20,13726.658032674248,233.27337615943503,MD,MARYLAND
2032,21,0.0,0.0,MA,MASSACHUSETTS
2032,22,429816.64604054624,1882.6592394424456,MI,MICHIGAN
2032,23,1128631.49813267,4540.56369416192,MN,MINNESOTA
2032,24,11562.63051670944,103.05875338256064,MS,MISSISSIPPI
2032,25,188201.74345918326,1767.1412174731165,MO,MISSOURI
2032,26,2117239.7083369615,20873.784262856127,MT,MONTANA
2032,27,1269436.175568812,9157.831343342848,NE,NEBRASKA
2032,28,4063.3237037997733,473.594190185505,NV,NEVADA
2032,29,106.25595777771275,1.146639512613079,NH,NEW HAMPSHIRE
2032,30,13247.941017390223,78.87799273512925,NJ,NEW JERSEY
2032,31,9.240913043862394,0.4851697843302755,NM,NEW MEXICO
2032,32,5774.024938612191,47.594297406177915,NY,NEW YORK
2032,33,9357.135010297912,76.85465641761473,NC,NORTH CAROLINA
2032,34,6256364.5849336125,32061.67443738506,ND,NORTH DAKOTA
2032,35,260801.86493284444,1185.7370648323804,OH,OHIO
2032,36,214353.26314811182,2281.2128722988423,OK,OKLAHOMA
2032,37,972573.671420682,5554.914609633107,OR,OREGON
2032,38,35254.01308956236,426.11761919674495,PA,PENNSYLVANIA
2032,39,0.0,0.0,RI,RHODE ISLAND
2032,40,0.0,0.0,SC,SOUTH CAROLINA
2032,41,1162446.6470983021,8810.56722336674,SD,SOUTH DAKOTA
2032,42,70129.67323233538,1223.2181435421458,TN,TENNESSEE
2032,43,25742.38869283747,345.507456210219,TX,TEXAS
2032,44,9764.06115398476,638.3340945519295,UT,UTAH
2032,45,8773.897407026227,114.3088423729382,VT,VERMONT
2032,46,561.5842473768217,9.68801938888902,VA,VIRGINIA
2032,47,1526104.1188863474,12330.56196071576,WA,WASHINGTON
2032,48,1156.6567417030078,223.35271282774397,WV,WEST VIRGINIA
2032,49,134726.62558732688,587.0293141899659,WI,WISCONSIN
2032,50,74065.48574852425,800.864715271991,WY,WYOMING
2033,0,6521.457291774904,54.75733269816355,AL,ALABAMA
2033,2,15.937261067517072,2.9481860901394787,AZ,ARIZONA
2033,3,3020.492015508077,63.22572873009669,AR,ARKANSAS
2033,4,1423.946792835104,50.086267072093,CA,CALIFORNIA
2033,5,66962.20443582378,1058.8645868481685,CO,COLORADO
2033,6,0.0,0.0,CT,CONNECTICUT
2033,7,11409.027795947448,58.23539307768624,DE,DELAWARE
2033,8,0.0,0.0,DC,DISTRICT OF COLUMBIA
2033,9,2580.0152319343924,8.79967953172482,FL,FLORIDA
2033,10,152158.32334089873,618.7575059967144,GA,GEORGIA
2033,12,6261.089506090407,54.26358987251027,ID,IDAHO
2033,13,18124.05771691886,139.10376446188323,IL,ILLINOIS
2033,14,56266.5097149276,470.3555149560823,IN,INDIANA
2033,15,0.0,0.0,IA,IOWA
2033,16,12582.816885436547,103.28855054217192,KS,KANSAS
2033,17,154604.9935644818,1324.696000645818,KY,KENTUCKY
2033,18,232.52351353104737,0.9130934276433207,LA,LOUISIANA
2033,19,791.8136638083082,6.079521471682206,ME,MAINE
2033,20,19121.065429024227,106.31477907463682,MD,MARYLAND
2033,21,3416.9581611111507,37.84190092332853,MA,MASSACHUSETTS
2033,22,43863.93292344852,165.60405780171902,MI,MICHIGAN
2033,23,106025.31341684604,1112.3213105650937,MN,MINNESOTA
2033,24,10258.507063212179,46.653522598899286,MS,MISSISSIPPI
2033,25,3593.9823539694703,43.53057088621525,MO,MISSOURI
2033,26,45769.23161060678,1269.69992003915,MT,MONTANA
2033,27,2748.4526274719865,36.80487729449689,NE,NEBRASKA
2033,28,114.67824482894689,13.981074516543005,NV,NEVADA
2033,29,0.0,0.0,NH,NEW HAMPSHIRE
2033,30,29554.267179419076,135.13148673410188,NJ,NEW JERSEY
2033,31,6730.081323689126,168.1942449990802,NM,NEW MEXICO
2033,32,140150.01390413585,804.7380623763627,NY,NEW YORK
2033,33,76259.42317185109,438.49279406331857,NC,NORTH CAROLINA
2033,34,216620.61532640533,4494.323667794533,ND,NORTH DAKOTA
2033,35,124225.15912608404,719.1934631626978,OH,OHIO
2033,36,91793.43230286322,644.6425354043242,OK,OKLAHOMA
2033,37,71699.67515310024,423.7803349629521,OR,OREGON
2033,38,123814.47753752726,840.8964400396512,PA,PENNSYLVANIA
2033,39,0.0,0.0,RI,RHODE ISLAND
2033,40,133448.23805808724,545.4020652214657,SC,SOUTH CAROLINA
2033,41,0.0,0.0,SD,SOUTH DAKOTA
2033,42,104538.51019586965,1458.6010580664147,TN,TENNESSEE
2033,43,784768.2559442605,5177.208381996212,TX,TEXAS
2033,44,1333.0392527064653,84.07490451613782,UT,UTAH
2033,45,76524.61473211713,534.668538118591,VT,VERMONT
2033,46,26146.021864632425,290.50368086688445,VA,VIRGINIA
2033,47,833685.2338604804,6410.128527306691,WA,WASHINGTON
2033,48,7689.220380425882,339.19813641153974,WV,WEST VIRGINIA
2033,49,1923.8335454608082,12.452565069893264,WI,WISCONSIN
2033,50,4698.250529930836,35.03762352243359,WY,WYOMING
2034,0,7033.6853071926635,167.10070820662733,AL,ALABAMA
2034,2,16.921552048805594,13.77262416350888,AZ,ARIZONA
2034,3,39859.02798946673,502.9861383380991,AR,ARKANSAS
2034,4,8629.515980709275,276.46657438451166,CA,CALIFORNIA
2034,5,783620.3945983181,11041.488337763602,CO,COLORADO
2034,6,0.0,0.0,CT,CONNECTICUT
2034,7,47688.12543033309,249.17101063707423,DE,DELAWARE
2034,8,0.0,0.0,DC,DISTRICT OF COLUMBIA
2034,9,42.216609795039474,0.1808095913726807,FL,FLORIDA
2034,10,5350.955915201199,183.25315706967584,GA,GEORGIA
2034,12,852200.1857987903,3835.7318278369894,ID,IDAHO
2034,13,132610.98538480917,521.5323850011599,IL,ILLINOIS
2034,14,133297.25320122307,651.539208124598,IN,INDIANA
2034,15,321.5697520489311,1.4744821684561424,IA,IOWA
2034,16,7587439.690210324,39616.33897797169,KS,KANSAS
2034,17,33635.56262224869,292.9319370033386,KY,KENTUCKY
2034,18,415.73976912673214,7.905406715963119,LA,LOUISIANA
2034,19,4.326906575633188,0.40098615336539867,ME,MAINE
2034,20,79221.5111231237,393.8485652951689,MD,MARYLAND
2034,21,0.0,0.0,MA,MASSACHUSETTS
2034,22,100514.45496095694,613.9050125124908,MI,MICHIGAN
2034,23,635952.8023540592,4193.570255831042,MN,MINNESOTA
2034,24,75.29558586370703,1.2419389833444194,MS,MISSISSIPPI
2034,25,277090.73440349096,2780.63262058265,MO,MISSOURI
2034,26,3981641.234598974,21351.8088684159,MT,MONTANA
2034,27,1042682.337879388,8149.9490752030015,NE,NEBRASKA
2034,28,5269.683231834784,606.2365137065864,NV,NEVADA
2034,29,0.0,0.0,NH,NEW HAMPSHIRE
2034,30,24178.120665258393,135.3240120952226,NJ,NEW JERSEY
2034,31,20022.751468496554,458.1811442074322,NM,NEW MEXICO
2034,32,7727.766984404163,138.31792164633688,NY,NEW YORK
2034,33,30980.390484175034,370.7956887064995,NC,NORTH CAROLINA
2034,34,7752837.372934413,34700.362783034914,ND,NORTH DAKOTA
2034,35,172243.13823948297,1074.0799482344887,OH,OHIO
2034,36,3349579.3011952257,16995.319444029887,OK,OKLAHOMA
2034,37,838087.6483098874,4563.078006868745,OR,OREGON
2034,38,12615.13261704832,110.04087346925701,PA,PENNSYLVANIA
2034,39,0.0,0.0,RI,RHODE ISLAND
2034,40,14907.28482884048,381.65338773821907,SC,SOUTH CAROLINA
2034,41,1339002.8598493454,9069.347188046686,SD,SOUTH DAKOTA
2034,42,4218.170692095404,135.2219059049927,TN,TENNESSEE
2034,43,1288997.8688483976,9294.50159542793,TX,TEXAS
2034,44,13619.067635267576,866.2665752039494,UT,UTAH
2034,45,486.1383785123424,6.2817376093519846,VT,VERMONT
2034,46,48770.589758613576,590.6866842888745,VA,VIRGINIA
2034,47,1523021.281619354,11462.029862382635,WA,WASHINGTON
2034,48,12635.646794604518,274.3667141465013,WV,WEST VIRGINIA
2034,49,30698.176289705265,261.80272747952665,WI,WISCONSIN
2034,50,137582.56233657934,1226.0593526481225,WY,WYOMING
2035,0,3250.2352657385663,76.38973601922419,AL,ALABAMA
2035,2,1.1639626818454722,0.23895073321769586,AZ,ARIZONA
2035,3,100.64378643141336,5.041828781833514,AR,ARKANSAS
2035,4,524.1243489237029,23.521821318524392,CA,CALIFORNIA
2035,5,12373.628868640306,187.77519740839557,CO,COLORADO
2035,6,0.0,0.0,CT,CONNECTICUT
2035,7,2054.600985539154,78.51834180706459,DE,DELAWARE
2035,8,212.74070000667044,3.1561227324127197,DC,DISTRICT OF COLUMBIA
2035,9,28.92581399386251,0.14711025448608397,FL,FLORIDA
2035,10,18007.126772841515,325.83644892114944,GA,GEORGIA
2035,12,78001.90953004971,345.45205366092006,ID,IDAHO
2035,13,27020.015323828666,492.50537505070787,IL,ILLINOIS
2035,14,74191.88207749603,585.8774531328884,IN,INDIANA
2035,15,0.0,0.0,IA,IOWA
2035,16,149920.79748094745,2264.4281507006094,KS,KANSAS
2035,17,46838.440467514185,885.637353054317,KY,KENTUCKY
2035,18,9950.095478458685,62.20580114268604,LA,LOUISIANA
2035,19,693.8559375735173,6.1186562806815825,ME,MAINE
2035,20,27853.59930035497,459.0456620863149,MD,MARYLAND
2035,21,0.0,0.0,MA,MASSACHUSETTS
2035,22,31502.390631412913,400.1860766941466,MI,MICHIGAN
2035,23,448028.2276177922,3541.770835063162,MN,MINNESOTA
2035,24,2520.3916640357106,18.427400352596162,MS,MISSISSIPPI
2035,25,132215.99717075285,1522.406210776414,MO,MISSOURI
2035,26,223075.81488612265,2756.81599427533,MT,MONTANA
2035,27,456.26978598904793,24.850691218947706,NE,NEBRASKA
2035,28,48.451670276788974,5.6067327075564934,NV,NEVADA
2035,29,0.0,0.0,NH,NEW HAMPSHIRE
2035,30,5828.305679235258,83.84619959808059,NJ,NEW JERSEY
2035,31,23674.75241630792,696.0912092384123,NM,NEW MEXICO
2035,32,64027.727207930686,573.1592839520988,NY,NEW YORK
2035,33,29859.886354908453,549.720222586317,NC,NORTH CAROLINA
2035,34,1183772.2943256714,7822.783166228394,ND,NORTH DAKOTA
2035,35,56716.08444538728,388.84941598672043,OH,OHIO
2035,36,369110.0979198798,2748.772772410809,OK,OKLAHOMA
2035,37,33148.04710713276,179.89584968825744,OR,OREGON
2035,38,29953.67420186494,403.3111859443592,PA,PENNSYLVANIA
2035,39,0.0,0.0,RI,RHODE ISLAND
2035,40,36316.4065094246,697.4204416228824,SC,SOUTH CAROLINA
2035,41,0.0,0.0,SD,SOUTH DAKOTA
2035,42,65321.321754773475,1400.5734029736589,TN,TENNESSEE
2035,43,543629.4235309528,3461.1626828215085,TX,TEXAS
2035,44,3670.0285657255754,237.79989620142715,UT,UTAH
2035,45,13138.05301304868,444.05336020241043,VT,VERMONT
2035,46,58602.43191590665,751.7753261049286,VA,VIRGINIA
2035,47,61327.81802640288,485.79208608519275,WA,WASHINGTON
2035,48,13922.351827776218,679.2716206584352,WV,WEST VIRGINIA
2035,49,7217.308099169471,67.82249145507735,WI,WISCONSIN
2035,50,934.4805337272085,43.34487198812279,WY,WYOMING
2036,0,14295.46722429942,109.99060622959102,AL,ALABAMA
2036,2,156.69493584011562,50.95292301806542,AZ,ARIZONA
2036,3,280619.4772314126,2779.518992005301,AR,ARKANSAS
2036,4,4599.868403604712,157.93498099722282,CA,CALIFORNIA
2036,5,471131.06802258885,8064.5379271626425,CO,COLORADO
2036,6,0.0,0.0,CT,CONNECTICUT
2036,7,0.0,0.0,DE,DELAWARE
2036,8,0.0,0.0,DC,DISTRICT OF COLUMBIA
2036,9,826.6018476323213,2.695721944387473,FL,FLORIDA
2036,10,76768.2483913367,320.0312404968188,GA,GEORGIA
2036,12,171298.88535745602,845.96776882272,ID,IDAHO
2036,13,93545.21143689977,1720.115593614861,IL,ILLINOIS
2036,14,11535.267810511194,120.19086674148676,IN,INDIANA
2036,15,57.94845243420815,2.0606673670706717,IA,IOWA
2036,16,3554506.4946311126,27787.19559056464,KS,KANSAS
2036,17,42205.07925011765,411.18680174956233,KY,KENTUCKY
2036,18,152751.44497377047,551.4770257792428,LA,LOUISIANA
2036,19,0.0,0.0,ME,MAINE
2036,20,0.0,0.0,MD,MARYLAND
2036,21,0.0,0.0,MA,MASSACHUSETTS
2036,22,4056.850378343939,34.9804064366647,MI,MICHIGAN
2036,23,549256.3318659761,1954.4133290949917,MN,MINNESOTA
2036,24,222160.26316390873,1124.2502465412938,MS,MISSISSIPPI
2036,25,271377.2386550193,3146.501209326868,MO,MISSOURI
2036,26,513066.1650535193,3308.708139418578,MT,MONTANA
2036,27,415947.35806093074,3035.9009737341166,NE,NEBRASKA
2036,28,2217.8027045506606,260.1837047308763,NV,NEVADA
2036,29,0.0,0.0,NH,NEW HAMPSHIRE
2036,30,0.0,0.0,NJ,NEW JERSEY
2036,31,37993.28212315956,904.2601549721348,NM,NEW MEXICO
2036,32,0.0,0.0,NY,NEW YORK
2036,33,98373.06112241115,858.3577408457938,NC,NORTH CAROLINA
2036,34,1867936.070594517,6850.705038529477,ND,NORTH DAKOTA
2036,35,14064.254257752702,101.79127841341143,OH,OHIO
2036,36,5776473.46427509,26789.45908082878,OK,OKLAHOMA
2036,37,138750.38815472688,693.078806930465,OR,OREGON
2036,38,4878.319200517654,48.08831808641924,PA,PENNSYLVANIA
2036,39,0.0,0.0,RI,RHODE ISLAND
2036,40,139819.88743050495,724.6235867501165,SC,SOUTH CAROLINA
2036,41,487760.94613781164,1886.3535604145081,SD,SOUTH DAKOTA
2036,42,19947.92971077132,295.94444303753176,TN,TENNESSEE
2036,43,3031635.7847062508,14098.448650621618,TX,TEXAS
2036,44,10428.086997675,661.2268177066474,UT,UTAH
2036,45,0.0,0.0,VT,VERMONT
2036,46,0.0,0.0,VA,VIRGINIA
2036,47,39601.078256747045,345.2718873857716,WA,WASHINGTON
2036,48,205.06197665675,19.5100959668166,WV,WEST VIRGINIA
2036,49,3963.098330294869,15.648404642957413,WI,WISCONSIN
2036,50,107387.85465160142,799.0613589098627,WY,WYOMING
2037,0,20953.612224777633,204.84982077943798,AL,ALABAMA
2037,2,415.55002522358046,95.92115839507011,AZ,ARIZONA
2037,3,139513.49204268953,1171.9803511525984,AR,ARKANSAS
2037,4,7663.27723912542,255.99796923895175,CA,CALIFORNIA
2037,5,404511.3982775369,8267.84917886848,CO,COLORADO
2037,6,0.0,0.0,CT,CONNECTICUT
2037,7,657.7070738409067,31.984856207829225,DE,DELAWARE
2037,8,0.0,0.0,DC,DISTRICT OF COLUMBIA
2037,9,272.7106105590221,2.652957074392161,FL,FLORIDA
2037,10,79914.47647119177,752.8046479763007,GA,GEORGIA
2037,12,57295.646536203414,269.3805027560976,ID,IDAHO
2037,13,53399.36765905203,415.0531593563213,IL,ILLINOIS
2037,14,22086.906939351997,168.6447569851834,IN,INDIANA
2037,15,77.1397698132444,1.8280330863853516,IA,IOWA
2037,16,5528848.2568091005,33617.41049377112,KS,KANSAS
2037,17,3309.2938144322316,41.42440659496748,KY,KENTUCKY
2037,18,0.0,0.0,LA,LOUISIANA
2037,19,190.35676811147945,2.0984019060491774,ME,MAINE
2037,20,7374.855816160761,159.4199419964389,MD,MARYLAND
2037,21,175.1081490283792,6.721729653180075,MA,MASSACHUSETTS
2037,22,127028.82339031703,391.4781121017096,MI,MICHIGAN
2037,23,24733.76752407311,148.5339228767374,MN,MINNESOTA
2037,24,5063.126093231664,46.78313054571755,MS,MISSISSIPPI
2037,25,240785.2738191502,2101.05290458284,MO,MISSOURI
2037,26,536291.1741100063,4360.785590986871,MT,MONTANA
2037,27,942535.4541454694,5009.332547535778,NE,NEBRASKA
2037,28,1783.1015416658054,210.34357716368686,NV,NEVADA
2037,29,0.0,0.0,NH,NEW HAMPSHIRE
2037,30,2990.5151959737987,68.51215965883337,NJ,NEW JERSEY
2037,31,3667.4684897439497,115.24327910400027,NM,NEW MEXICO
2037,32,1921.7727280528065,50.98347455855908,NY,NEW YORK
2037,33,105225.21438638448,882.8425519609557,NC,NORTH CAROLINA
2037,34,2553631.377115725,14856.160317548427,ND,NORTH DAKOTA
2037,35,54747.842638111724,425.0716847468011,OH,OHIO
2037,36,369268.0540854859,2692.566809595083,OK,OKLAHOMA
2037,37,259242.35896586216,1541.015435547311,OR,OREGON
2037,38,3720.435427732093,100.46682884503122,PA,PENNSYLVANIA
2037,39,0.0,0.0,RI,RHODE ISLAND
2037,40,20956.819582046424,331.9669511165999,SC,SOUTH CAROLINA
2037,41,2831.9360431360847,15.578429919212528,SD,SOUTH DAKOTA
2037,42,21319.84798582096,154.74467636252166,TN,TENNESSEE
2037,43,259979.1073978556,1101.7320624108038,TX,TEXAS
2037,44,5161.279558243545,327.5454373450048,UT,UTAH
2037,45,59.85182945782951,5.789695970672033,VT,VERMONT
2037,46,23869.5611847474,408.23242952806356,VA,VIRGINIA
2037,47,8860.468245266777,100.7138827998919,WA,WASHINGTON
2037,48,0.04124913857626263,0.002917467923307224,WV,WEST VIRGINIA
2037,49,32035.722627526768,202.2284141007752,WI,WISCONSIN
2037,50,85473.79669898585,602.3885147222081,WY,WYOMING
2038,0,24325.038450692344,166.79115034296046,AL,ALABAMA
2038,2,25.262633218881888,7.414104239306367,AZ,ARIZONA
2038,3,587829.5498103941,2927.242778509682,AR,ARKANSAS
2038,4,881.3265453374686,26.47435395934297,CA,CALIFORNIA
2038,5,535094.1627793203,7913.726350141134,CO,COLORADO
2038,6,0.0,0.0,CT,CONNECTICUT
2038,7,0.0,0.0,DE,DELAWARE
2038,8,0.0,0.0,DC,DISTRICT OF COLUMBIA
2038,9,7184.883816119854,27.59303785097144,FL,FLORIDA
2038,10,112059.51454543708,456.81293277362863,GA,GEORGIA
2038,12,46581.79679351127,273.195411772499,ID,IDAHO
2038,13,13448.59061920552,153.90418983508874,IL,ILLINOIS
2038,14,19013.222153739043,111.85598976954242,IN,INDIANA
2038,15,0.0,0.0,IA,IOWA
2038,16,5449169.763519634,28660.042975526958,KS,KANSAS
2038,17,33975.05846973372,401.9834816297902,KY,KENTUCKY
2038,18,99418.29713473545,357.13693972999226,LA,LOUISIANA
2038,19,176.36815099058086,2.7980472826591214,ME,MAINE
2038,20,0.0,0.0,MD,MARYLAND
2038,21,666.203579767588,18.256329011925374,MA,MASSACHUSETTS
2038,22,130759.11825821018,788.706379738594,MI,MICHIGAN
2038,23,513443.4951318734,3058.263920614386,MN,MINNESOTA
2038,24,227109.2178040955,930.5191906466088,MS,MISSISSIPPI
2038,25,268132.2177007427,1780.8956480528623,MO,MISSOURI
2038,26,3190793.5182549334,24860.925169919818,MT,MONTANA
2038,27,1071106.5239110992,7310.618432181485,NE,NEBRASKA
2038,28,157.14688483140097,18.078527174058262,NV,NEVADA
2038,29,0.0,0.0,NH,NEW HAMPSHIRE
2038,30,279.1637991569569,4.502707150829801,NJ,NEW JERSEY
2038,31,28811.039729443262,470.076664497587,NM,NEW MEXICO
2038,32,30181.026249275645,381.04898416516585,NY,NEW YORK
2038,33,31200.874119914315,276.05822958078585,NC,NORTH CAROLINA
2038,34,6318547.560840087,38712.17577107989,ND,NORTH DAKOTA
2038,35,679.3140926192598,26.599572183668048,OH,OHIO
2038,36,5498375.701117789,20767.645212778312,OK,OKLAHOMA
2038,37,65782.05667588384,379.82670133117995,OR,OREGON
2038,38,591.3198622097913,5.502526932360164,PA,PENNSYLVANIA
2038,39,0.0,0.0,RI,RHODE ISLAND
2038,40,125512.2269862269,615.5740324549465,SC,SOUTH CAROLINA
2038,41,710485.740060996,3643.5984397630505,SD,SOUTH DAKOTA
2038,42,75687.07488946998,729.5176799407479,TN,TENNESSEE
2038,43,2493936.683187441,11184.476481521011,TX,TEXAS
2038,44,4289.125972511809,271.41517854387433,UT,UTAH
2038,45,1328.4455809918998,33.4594111964739,VT,VERMONT
2038,46,769.0866747217998,15.74932067917556,VA,VIRGINIA
2038,47,60107.08077482298,661.6879469995888,WA,WASHINGTON
2038,48,580.4350369793159,52.821436627102045,WV,WEST VIRGINIA
2038,49,44211.01656981163,241.10951902542968,WI,WISCONSIN
2038,50,90990.43447805959,698.3177933722702,WY,WYOMING
2039,0,22538.949120087975,181.6316893119285,AL,ALABAMA
2039,2,453.00963862394167,83.82471002605867,AZ,ARIZONA
2039,3,60267.64907799116,704.6153943082993,AR,ARKANSAS
2039,4,6105.20390486287,197.36391409403544,CA,CALIFORNIA
2039,5,197142.17164295833,2908.0767812783597,CO,COLORADO
2039,6,0.0,0.0,CT,CONNECTICUT
2039,7,12489.895736341776,85.19944592437193,DE,DELAWARE
2039,8,235.1008986317861,2.885597926777344,DC,DISTRICT OF COLUMBIA
2039,9,6241.106508374902,29.75904036172725,FL,FLORIDA
2039,10,127491.96193130841,962.8297587683525,GA,GEORGIA
2039,12,224799.77120019682,1111.0068314328828,ID,IDAHO
2039,13,168050.2789947877,1435.6757112854934,IL,ILLINOIS
2039,14,92202.10686598161,645.1597427265585,IN,INDIANA
2039,15,0.005146911971738022,4.408478571577987e-05,IA,IOWA
2039,16,1852405.0564341955,11793.872177948857,KS,KANSAS
2039,17,95474.37121319944,1159.9637175431985,KY,KENTUCKY
2039,18,106082.56601995727,375.4632213729875,LA,LOUISIANA
2039,19,29.597111283701345,0.20582453784086302,ME,MAINE
2039,20,69234.96042749254,458.73322659446495,MD,MARYLAND
2039,21,678.3426984870389,24.604266325687814,MA,MASSACHUSETTS
2039,22,176439.42383556085,1045.788366249224,MI,MICHIGAN
2039,23,1001833.5142858475,3209.4389596044994,MN,MINNESOTA
2039,24,368785.252173431,1288.4828133927622,MS,MISSISSIPPI
2039,25,50835.50941434053,651.2502013656133,MO,MISSOURI
2039,26,980355.8502161088,5783.276746602903,MT,MONTANA
2039,27,346528.58540154685,1836.9642683650732,NE,NEBRASKA
2039,28,3956.2397834175094,455.30155172348,NV,NEVADA
2039,29,0.0,0.0,NH,NEW HAMPSHIRE
2039,30,9620.113296179472,109.71033959327332,NJ,NEW JERSEY
2039,31,2374.915180604133,39.511868835089864,NM,NEW MEXICO
2039,32,103653.31262614815,693.2503493605077,NY,NEW YORK
2039,33,94152.85659728138,907.9636997517921,NC,NORTH CAROLINA
2039,34,549003.1879693477,4356.04785994847,ND,NORTH DAKOTA
2039,35,250993.6199149984,1180.4103825499692,OH,OHIO
2039,36,372718.2098119017,2895.5428376790014,OK,OKLAHOMA
2039,37,381832.7207586849,2341.210794891459,OR,OREGON
2039,38,9048.201015089315,205.10488764049632,PA,PENNSYLVANIA
2039,39,0.0,0.0,RI,RHODE ISLAND
2039,40,30288.26016622544,442.62871968482284,SC,SOUTH CAROLINA
2039,41,593872.3965027909,3247.4675244583086,SD,SOUTH DAKOTA
2039,42,118086.96805821413,2021.4133146041459,TN,TENNESSEE
2039,43,294028.0694749074,2473.8974937128037,TX,TEXAS
2039,44,10283.640846893302,657.5836296783428,UT,UTAH
2039,45,18875.304416597577,300.66052493995,VT,VERMONT
2039,46,109744.60805100441,1437.694081161399,VA,VIRGINIA
2039,47,128753.52698041248,1365.8991791826033,WA,WASHINGTON
2039,48,6294.823689088414,122.45701495337312,WV,WEST VIRGINIA
2039,49,279.1130671046534,6.00704271846332,WI,WISCONSIN
2039,50,20197.643507026412,182.51793025748438,WY,WYOMING
2040,0,80276.39361523415,460.49842154292753,AL,ALABAMA
2040,2,626.7110600279418,122.73231356649424,AZ,ARIZONA
2040,3,81617.54443036439,1407.4515690470114,AR,ARKANSAS
2040,4,3574.034589726562,114.20983453181586,CA,CALIFORNIA
2040,5,545435.8456840727,7770.4842937190915,CO,COLORADO
2040,6,0.0,0.0,CT,CONNECTICUT
2040,7,0.0,0.0,DE,DELAWARE
2040,8,0.0,0.0,DC,DISTRICT OF COLUMBIA
2040,9,13087.697751866588,42.21431877040871,FL,FLORIDA
2040,10,386623.8879915525,2045.179976145535,GA,GEORGIA
2040,12,641637.3865286004,2890.753298676885,ID,IDAHO
2040,13,585488.395366681,3366.503620882491,IL,ILLINOIS
2040,14,150959.68317759733,1078.2100631266244,IN,INDIANA
2040,15,8459.62832636604,27.800700340394453,IA,IOWA
2040,16,5452476.56327912,29135.838020471056,KS,KANSAS
2040,17,131307.92988610032,1582.1569005547663,KY,KENTUCKY
2040,18,160995.77594854374,470.486094997298,LA,LOUISIANA
2040,19,60.355069126611895,1.772861193313638,ME,MAINE
2040,20,731.9336607557059,5.19846381922282,MD,MARYLAND
2040,21,0.0,0.0,MA,MASSACHUSETTS
2040,22,17647.527679396728,67.6756303952822,MI,MICHIGAN
2040,23,2327645.6719911005,9140.634396875555,MN,MINNESOTA
2040,24,428797.93662155105,1285.5584486604587,MS,MISSISSIPPI
2040,25,140686.76621427288,1991.5113599136948,MO,MISSOURI
2040,26,3270609.5094686695,18054.1769463554,MT,MONTANA
2040,27,1675201.9223876358,7912.966788140918,NE,NEBRASKA
2040,28,7818.231266754811,902.8825716793455,NV,NEVADA
2040,29,0.0,0.0,NH,NEW HAMPSHIRE
2040,30,0.0,0.0,NJ,NEW JERSEY
2040,31,28619.41261345089,577.8803202792105,NM,NEW MEXICO
2040,32,0.0,0.0,NY,NEW YORK
2040,33,71558.89778973503,637.1528925846649,NC,NORTH CAROLINA
2040,34,5489785.41978579,27934.59320044912,ND,NORTH DAKOTA
2040,35,124421.51590057577,741.9753499947594,OH,OHIO
2040,36,3249591.4592063813,18510.478852253276,OK,OKLAHOMA
2040,37,492844.82075336913,2702.5789851978643,OR,OREGON
2040,38,7930.917506157563,88.3260730435205,PA,PENNSYLVANIA
2040,39,0.0,0.0,RI,RHODE ISLAND
2040,40,292054.8759335221,1517.1296259179435,SC,SOUTH CAROLINA
2040,41,2834465.5040185177,10678.230430107646,SD,SOUTH DAKOTA
2040,42,93499.78865332759,1788.0937800900408,TN,TENNESSEE
2040,43,806938.6695357221,7872.917593793795,TX,TEXAS
2040,44,16922.966495982557,1069.738885232273,UT,UTAH
2040,45,359.1323422646704,14.665620635358525,VT,VERMONT
2040,46,28099.38815264547,396.6459468381705,VA,VIRGINIA
2040,47,148213.00234811252,1397.6285669645558,WA,WASHINGTON
2040,48,8262.430490730432,423.67248121896085,WV,WEST VIRGINIA
2040,49,22721.558321949902,112.92734352581843,WI,WISCONSIN
2040,50,143315.06362776266,1019.0605593182108,WY,WYOMING
2041,0,12391.901039829718,116.22286925337733,AL,ALABAMA
2041,2,87.59749197496906,19.433357049671166,AZ,ARIZONA
2041,3,168871.37084380368,1807.4874052535417,AR,ARKANSAS
2041,4,3590.3229146364065,123.69065097214947,CA,CALIFORNIA
2041,5,490187.3475621831,7049.340803268646,CO,COLORADO
2041,6,0.0,0.0,CT,CONNECTICUT
2041,7,2819.4097960433933,49.92370926475068,DE,DELAWARE
2041,8,0.0,0.0,DC,DISTRICT OF COLUMBIA
2041,9,2414.446605452886,12.322557534412669,FL,FLORIDA
2041,10,42947.57921790214,582.8746637114087,GA,GEORGIA
2041,12,659508.025660102,3108.1851746959283,ID,IDAHO
2041,13,380950.2142712777,3117.4290553279734,IL,ILLINOIS
2041,14,83013.16227191225,1055.5212231135208,IN,INDIANA
2041,15,978.4218614946312,15.418899569578025,IA,IOWA
2041,16,1001215.6264622703,5783.401752716763,KS,KANSAS
2041,17,97726.1262137085,1095.5790244762838,KY,KENTUCKY
2041,18,60402.38779281368,328.58507306285355,LA,LOUISIANA
2041,19,955.0360355291698,8.136017684748408,ME,MAINE
2041,20,26546.24446192149,320.40075221848974,MD,MARYLAND
2041,21,0.0,0.0,MA,MASSACHUSETTS
2041,22,88740.03422056556,325.87394949136035,MI,MICHIGAN
2041,23,316097.43710246176,1044.5634038500193,MN,MINNESOTA
2041,24,161450.46411734002,864.3387315459069,MS,MISSISSIPPI
2041,25,218221.7840442377,2700.0098417638583,MO,MISSOURI
2041,26,4002808.721412301,20414.27156787623,MT,MONTANA
2041,27,793258.6593451541,3842.4740638126004,NE,NEBRASKA
2041,28,4809.6356316787615,562.5210073610715,NV,NEVADA
2041,29,0.0,0.0,NH,NEW HAMPSHIRE
2041,30,8698.034857195891,81.4761653482042,NJ,NEW JERSEY
2041,31,7701.276071687798,126.08334686418858,NM,NEW MEXICO
2041,32,269634.53890088375,1492.5799559939855,NY,NEW YORK
2041,33,49628.00717789522,548.7260004005789,NC,NORTH CAROLINA
2041,34,2957678.222241326,13798.729053024066,ND,NORTH DAKOTA
2041,35,151133.34668477107,1266.4758449960505,OH,OHIO
2041,36,876872.5420570893,4713.6186603427805,OK,OKLAHOMA
2041,37,621593.5609040235,3174.1278691274956,OR,OREGON
2041,38,33287.90633274637,426.8116922698372,PA,PENNSYLVANIA
2041,39,0.0,0.0,RI,RHODE ISLAND
2041,40,79755.77444598687,988.1404177175043,SC,SOUTH CAROLINA
2041,41,175001.4362115012,953.2053153164228,SD,SOUTH DAKOTA
2041,42,137933.02051562685,2178.3736489540397,TN,TENNESSEE
2041,43,577662.8988932193,2706.611343777918,TX,TEXAS
2041,44,14836.798216966354,936.0958383977309,UT,UTAH
2041,45,17184.288680767684,325.2317166902598,VT,VERMONT
2041,46,28959.56547096822,465.85673258040515,VA,VIRGINIA
2041,47,504571.6303820475,3810.9320487620885,WA,WASHINGTON
2041,48,3324.3733860046113,334.8429444585504,WV,WEST VIRGINIA
2041,49,86538.39415893386,378.10497201976244,WI,WISCONSIN
2041,50,154104.65240738465,1164.4993400551284,WY,WYOMING
2042,0,26691.566734244218,177.8242701397129,AL,ALABAMA
2042,2,554.423405610276,102.59854924155178,AZ,ARIZONA
2042,3,41365.24135865925,415.09143925348724,AR,ARKANSAS
2042,4,5451.0003668196705,174.78361876351497,CA,CALIFORNIA
2042,5,637228.6101937004,9339.360963258388,CO,COLORADO
2042,6,0.0,0.0,CT,CONNECTICUT
2042,7,7669.7009577066065,102.53898983714775,DE,DELAWARE
2042,8,124.93992027800218,2.692365922752075,DC,DISTRICT OF COLUMBIA
2042,9,2123.1093384674937,14.07693601797378,FL,FLORIDA
2042,10,221865.8820367274,1398.6742626365337,GA,GEORGIA
2042,12,354284.32209524896,1589.621634272897,ID,IDAHO
2042,13,113241.4211420173,1097.4461710514092,IL,ILLINOIS
2042,14,27567.76018948571,425.93363909372135,IN,INDIANA
2042,15,20830.337267210998,65.24266616818566,IA,IOWA
2042,16,6307833.443515284,35164.075004803,KS,KANSAS
2042,17,55734.079592110356,610.8470346749223,KY,KENTUCKY
2042,18,76265.15586437276,254.98281334369744,LA,LOUISIANA
2042,19,35.15088919971233,0.5794059608810532,ME,MAINE
2042,20,37653.242254066034,422.6152659591484,MD,MARYLAND
2042,21,0.0,0.0,MA,MASSACHUSETTS
2042,22,26414.815031935977,217.20766986514124,MI,MICHIGAN
2042,23,2918646.4666299215,7728.8542888358115,MN,MINNESOTA
2042,24,161424.33810106092,728.0214091517704,MS,MISSISSIPPI
2042,25,168898.8490226695,2077.235008744269,MO,MISSOURI
2042,26,800612.0603838125,4471.511622580785,MT,MONTANA
2042,27,1783697.4939276117,7545.9441929143595,NE,NEBRASKA
2042,28,3683.9541411175283,423.81027864237774,NV,NEVADA
2042,29,0.0,0.0,NH,NEW HAMPSHIRE
2042,30,9938.772845976382,85.77143166587162,NJ,NEW JERSEY
2042,31,22434.963415615388,537.9726959146396,NM,NEW MEXICO
2042,32,32896.81020323069,310.17468920295494,NY,NEW YORK
2042,33,237268.5101827084,1530.7524423562234,NC,NORTH CAROLINA
2042,34,8369574.016909086,31158.997376667594,ND,NORTH DAKOTA
2042,35,90097.22368002743,601.839323822931,OH,OHIO
2042,36,2736433.468415918,18496.14010814646,OK,OKLAHOMA
2042,37,438802.63422094623,2375.1750661835017,OR,OREGON
2042,38,36238.49998413375,403.3829336725016,PA,PENNSYLVANIA
2042,39,0.0,0.0,RI,RHODE ISLAND
2042,40,168243.1164257909,987.6098067182693,SC,SOUTH CAROLINA
2042,41,3016037.050708858,10027.795578456893,SD,SOUTH DAKOTA
2042,42,67885.73950607238,1361.2467489616056,TN,TENNESSEE
2042,43,1132310.156607931,5921.54652333069,TX,TEXAS
2042,44,13691.332491291498,864.4312362207232,UT,UTAH
2042,45,0.0,0.0,VT,VERMONT
2042,46,197217.66783261823,1766.1767820057717,VA,VIRGINIA
2042,47,146115.12674546643,1263.8491726723262,WA,WASHINGTON
2042,48,3321.294450975535,207.9122477698317,WV,WEST VIRGINIA
2042,49,12847.071143133016,111.89517297301511,WI,WISCONSIN
2042,50,148686.33183522432,1056.374805615395,WY,WYOMING
2043,0,10616.13068199474,65.56444833782244,AL,ALABAMA
2043,2,542.2544040409559,100.31001465921783,AZ,ARIZONA
2043,3,13249.36000965729,415.551208170534,AR,ARKANSAS
2043,4,3214.0634099579993,103.73745795074959,CA,CALIFORNIA
2043,5,558831.5904901533,8340.925148819626,CO,COLORADO
2043,6,0.0,0.0,CT,CONNECTICUT
2043,7,0.0,0.0,DE,DELAWARE
2043,8,0.0,0.0,DC,DISTRICT OF COLUMBIA
2043,9,1.898271845951681,0.14711025448608395,FL,FLORIDA
2043,10,68.85293587354265,5.867589666653988,GA,GEORGIA
2043,12,628580.7783442646,2680.878610269429,ID,IDAHO
2043,13,313287.461168452,2696.5300097884115,IL,ILLINOIS
2043,14,121806.39107242605,1043.905737514786,IN,INDIANA
2043,15,12358.158860935931,57.390096599692775,IA,IOWA
2043,16,2348347.028200401,21323.533354898515,KS,KANSAS
2043,17,5822.53204274144,57.91950661114296,KY,KENTUCKY
2043,18,47273.904375085214,167.53066607348234,LA,LOUISIANA
2043,19,10.282750520861892,0.16174935466572674,ME,MAINE
2043,20,0.0,0.0,MD,MARYLAND
2043,21,0.0,0.0,MA,MASSACHUSETTS
2043,22,36347.6550213116,203.2453171338381,MI,MICHIGAN
2043,23,2255541.4557736637,8938.41376317289,MN,MINNESOTA
2043,24,5250.603708148495,28.00803825782333,MS,MISSISSIPPI
2043,25,208139.1115937855,3359.6545265998366,MO,MISSOURI
2043,26,4058432.4791647717,21505.17311100615,MT,MONTANA
2043,27,881920.6414525161,5620.37261241655,NE,NEBRASKA
2043,28,4450.971563951005,517.71605760315,NV,NEVADA
2043,29,0.0,0.0,NH,NEW HAMPSHIRE
2043,30,0.0,0.0,NJ,NEW JERSEY
2043,31,46094.70590095035,862.7211004918694,NM,NEW MEXICO
2043,32,39.26532306925271,2.0874209317901107,NY,NEW YORK
2043,33,0.0,0.0,NC,NORTH CAROLINA
2043,34,5244326.030244297,32155.80086083401,ND,NORTH DAKOTA
2043,35,41568.53300247515,505.0805094586121,OH,OHIO
2043,36,4409420.977804156,18838.666883398848,OK,OKLAHOMA
2043,37,392154.96644138324,2035.9863319767503,OR,OREGON
2043,38,0.0,0.0,PA,PENNSYLVANIA
2043,39,0.0,0.0,RI,RHODE ISLAND
2043,40,0.0,0.0,SC,SOUTH CAROLINA
2043,41,1538506.1094192541,7609.688515036216,SD,SOUTH DAKOTA
2043,42,23.963286846035313,0.6047778511367696,TN,TENNESSEE
2043,43,1589603.6697341802,9458.945967016289,TX,TEXAS
2043,44,15618.378786458876,998.5629323753898,UT,UTAH
2043,45,54.755610245097984,5.271966696795277,VT,VERMONT
2043,46,0.0,0.0,VA,VIRGINIA
2043,47,160783.47217157314,1414.3911391984489,WA,WASHINGTON
2043,48,973.2212812318654,38.55896324175785,WV,WEST VIRGINIA
2043,49,21270.713681819358,230.53056363224422,WI,WISCONSIN
2043,50,83472.00457748638,608.2541641373658,WY,WYOMING
2044,0,1260.6590982645628,35.03602755835301,AL,ALABAMA
2044,2,590.6548864534194,109.26347462953228,AZ,ARIZONA
2044,3,85256.19305398304,1333.4045493639069,AR,ARKANSAS
2044,4,7211.222652495907,240.11639834462386,CA,CALIFORNIA
2044,5,452438.18999311415,7283.108106124424,CO,COLORADO
2044,6,0.0,0.0,CT,CONNECTICUT
2044,7,900.3683752774823,51.19084213267233,DE,DELAWARE
2044,8,0.0,0.0,DC,DISTRICT OF COLUMBIA
2044,9,1871.107254195236,19.226192816881934,FL,FLORIDA
2044,10,21587.167201471653,545.8763538578436,GA,GEORGIA
2044,12,454866.201284687,1990.053957429739,ID,IDAHO
2044,13,349046.49723612954,2425.01546379341,IL,ILLINOIS
2044,14,60762.092696909596,498.47202192701843,IN,INDIANA
2044,15,10312.528981531199,43.54218223251456,IA,IOWA
2044,16,4877434.374110403,31583.64032023959,KS,KANSAS
2044,17,90655.14033779346,881.9187133126004,KY,KENTUCKY
2044,18,10550.785259084663,86.33627685081291,LA,LOUISIANA
2044,19,8.85517873945373,0.4489652409909188,ME,MAINE
2044,20,1376.9156660601807,41.46123293737689,MD,MARYLAND
2044,21,376.79054993419845,9.492253557315587,MA,MASSACHUSETTS
2044,22,21442.449040805284,73.76977522497648,MI,MICHIGAN
2044,23,1724911.9753411463,6980.6563446219225,MN,MINNESOTA
2044,24,29835.003325115784,310.12158870058454,MS,MISSISSIPPI
2044,25,68807.05785882028,1211.431564202817,MO,MISSOURI
2044,26,2288134.5230613537,13267.417834038388,MT,MONTANA
2044,27,1267868.4827010157,7391.962840210334,NE,NEBRASKA
2044,28,3980.569433807044,458.94503762238674,NV,NEVADA
2044,29,72.95250923268874,1.1262081531863122,NH,NEW HAMPSHIRE
2044,30,588.355568733137,9.832333562822155,NJ,NEW JERSEY
2044,31,21551.871637227312,361.34246410964727,NM,NEW MEXICO
2044,32,33111.65599272298,450.15508073479896,NY,NEW YORK
2044,33,21327.354274742927,155.46153757251187,NC,NORTH CAROLINA
2044,34,1350583.3514687947,9021.063595353764,ND,NORTH DAKOTA
2044,35,11125.989499053776,334.7437642326886,OH,OHIO
2044,36,2511534.946683281,11916.103466382203,OK,OKLAHOMA
2044,37,137569.9310687552,791.707025658999,OR,OREGON
2044,38,3152.652683472978,41.619972418538964,PA,PENNSYLVANIA
2044,39,0.0,0.0,RI,RHODE ISLAND
2044,40,16487.93030757161,298.3654909884842,SC,SOUTH CAROLINA
2044,41,1894431.2939833244,9677.045304006424,SD,SOUTH DAKOTA
2044,42,77336.61092365933,841.7451313354385,TN,TENNESSEE
2044,43,801826.5151304639,4053.3942377433877,TX,TEXAS
2044,44,15575.691224256858,989.4876268189707,UT,UTAH
2044,45,8904.095657755215,315.2353516385798,VT,VERMONT
2044,46,14258.685589615912,275.5747729325131,VA,VIRGINIA
2044,47,549647.3390331945,4664.249843414288,WA,WASHINGTON
2044,48,852.1299636244524,100.22783648742747,WV,WEST VIRGINIA
2044,49,8600.250213927595,63.708970709486564,WI,WISCONSIN
2044,50,144431.57964452964,1157.5348032603608,WY,WYOMING
2045,0,1101.504092562554,14.550769696547317,AL,ALABAMA
2045,2,69.5156595123313,12.859493206071729,AZ,ARIZONA
2045,3,504749.2258982458,2718.346524740829,AR,ARKANSAS
2045,4,1225.4935669873385,37.270918824521665,CA,CALIFORNIA
2045,5,341853.50003331865,5687.639847625498,CO,COLORADO
2045,6,0.0,0.0,CT,CONNECTICUT
2045,7,0.0,0.0,DE,DELAWARE
2045,8,0.0,0.0,DC,DISTRICT OF COLUMBIA
2045,9,0.0,0.0,FL,FLORIDA
2045,10,1503.5472724845242,11.365758277534203,GA,GEORGIA
2045,12,40241.18814713195,275.49138574001904,ID,IDAHO
2045,13,893023.2479687906,2964.8103339486534,IL,ILLINOIS
2045,14,89141.93067698841,474.7856250968131,IN,INDIANA
2045,15,30036.934036876617,103.75049722292022,IA,IOWA
2045,16,1899869.870090696,21802.042454373288,KS,KANSAS
2045,17,53451.99702969,408.0801943507654,KY,KENTUCKY
2045,18,56827.00205987497,269.27993405574017,LA,LOUISIANA
2045,19,436.0739332574635,2.7994797808025926,ME,MAINE
2045,20,348.6652681297905,11.344942399885081,MD,MARYLAND
2045,21,0.0,0.0,MA,MASSACHUSETTS
2045,22,44075.348449879675,424.2583621501773,MI,MICHIGAN
2045,23,3667.2143299989866,102.47043692101047,MN,MINNESOTA
2045,24,80857.8471719824,570.8463762046092,MS,MISSISSIPPI
2045,25,1127140.4156513112,5893.97361086487,MO,MISSOURI
2045,26,2254465.6510636625,12469.873565387757,MT,MONTANA
2045,27,191290.46043708044,1596.3709835790705,NE,NEBRASKA
2045,28,1353.8490180820468,155.82385821764095,NV,NEVADA
2045,29,146.1159214085463,1.1566084894541093,NH,NEW HAMPSHIRE
2045,30,11.603273861488992,0.11376817002257013,NJ,NEW JERSEY
2045,31,191.67885262736286,4.607945141710619,NM,NEW MEXICO
2045,32,27255.13649110469,643.926946164911,NY,NEW YORK
2045,33,1110.9184411787683,8.07510367929028,NC,NORTH CAROLINA
2045,34,1025588.0783599154,7682.484887610242,ND,NORTH DAKOTA
2045,35,104681.90454877674,572.6665892769398,OH,OHIO
2045,36,3556051.2034682324,18566.261865040287,OK,OKLAHOMA
2045,37,368675.77951372135,1935.4498452887065,OR,OREGON
2045,38,5342.867565931783,129.22173228109713,PA,PENNSYLVANIA
2045,39,0.0,0.0,RI,RHODE ISLAND
2045,40,858.673357282172,17.315385163384605,SC,SOUTH CAROLINA
2045,41,918817.9397474097,5113.928986609804,SD,SOUTH DAKOTA
2045,42,82556.44729085795,969.8619851992424,TN,TENNESSEE
2045,43,1065316.2673772383,6160.021848428559,TX,TEXAS
2045,44,2953.0105822336454,191.7591410126633,UT,UTAH
2045,45,10.976321907178034,5.0839988457221725,VT,VERMONT
2045,46,0.0,0.0,VA,VIRGINIA
2045,47,668511.5423456845,5229.3986522289815,WA,WASHINGTON
2045,48,315.0626868665135,18.89078556033206,WV,WEST VIRGINIA
2045,49,34695.557785004596,219.95549593646237,WI,WISCONSIN
2045,50,106949.7707996399,758.3292964953845,WY,WYOMING
2046,0,6165.445782896649,74.88669603575681,AL,ALABAMA
2046,2,393.6763426801278,74.70078680667775,AZ,ARIZONA
2046,3,126274.11292819376,2508.5788570737996,AR,ARKANSAS
2046,4,2170.2451264996716,68.13061510203839,CA,CALIFORNIA
2046,5,590963.2175620627,8562.162138825122,CO,COLORADO
2046,6,0.0,0.0,CT,CONNECTICUT
2046,7,15925.880871275713,159.882784773666,DE,DELAWARE
2046,8,0.0,0.0,DC,DISTRICT OF COLUMBIA
2046,9,3267.2230154292383,21.1856602853487,FL,FLORIDA
2046,10,51542.25090220505,486.93781191820636,GA,GEORGIA
2046,12,71532.77620859498,572.7621474057121,ID,IDAHO
2046,13,326411.89746028214,2044.116160153762,IL,ILLINOIS
2046,14,36078.782742201234,268.41328783005406,IN,INDIANA
2046,15,50691.42845221089,111.88016389571457,IA,IOWA
2046,16,6010003.6374184,34300.11386405298,KS,KANSAS
2046,17,68501.74551946658,962.7115520318278,KY,KENTUCKY
2046,18,76021.27053475026,308.1732287008647,LA,LOUISIANA
2046,19,49.379862458844286,0.327156497235829,ME,MAINE
2046,20,43281.262194172115,377.6032879107563,MD,MARYLAND
2046,21,0.0,0.0,MA,MASSACHUSETTS
2046,22,10959.696324470991,68.66411998038627,MI,MICHIGAN
2046,23,2970470.1649292,10263.614365806297,MN,MINNESOTA
2046,24,133404.58688283473,762.7477774558879,MS,MISSISSIPPI
2046,25,454178.8184588111,5432.038787439576,MO,MISSOURI
2046,26,2874127.6259500356,14317.159041075965,MT,MONTANA
2046,27,1587181.7746989385,7137.938414949893,NE,NEBRASKA
2046,28,2043.3532455730642,235.2806282967941,NV,NEVADA
2046,29,0.0,0.0,NH,NEW HAMPSHIRE
2046,30,135.8650040639746,1.114653337842439,NJ,NEW JERSEY
2046,31,27995.348342787343,482.881319206388,NM,NEW MEXICO
2046,32,2772.5436678078654,55.10942773671568,NY,NEW YORK
2046,33,17255.15070808272,301.7089068503546,NC,NORTH CAROLINA
2046,34,10183837.239424283,39670.89853752703,ND,NORTH DAKOTA
2046,35,117019.12717879453,441.69219799140416,OH,OHIO
2046,36,4907787.193841523,21429.597585443797,OK,OKLAHOMA
2046,37,186544.97694119377,1067.0839708531553,OR,OREGON
2046,38,437.914261392052,19.472587732822355,PA,PENNSYLVANIA
2046,39,0.0,0.0,RI,RHODE ISLAND
2046,40,29269.900712961386,476.98080022446163,SC,SOUTH CAROLINA
2046,41,2832651.175338429,9728.380893070265,SD,SOUTH DAKOTA
2046,42,42127.2865569703,733.5100456087869,TN,TENNESSEE
2046,43,2102587.8755327426,9906.204119863909,TX,TEXAS
2046,44,10486.491471513367,666.995056689462,UT,UTAH
2046,45,0.0,0.0,VT,VERMONT
2046,46,34787.996635969495,924.5862945467255,VA,VIRGINIA
2046,47,193517.03311912518,1675.0317701225003,WA,WASHINGTON
2046,48,22.545827265578332,13.132230360739152,WV,WEST VIRGINIA
2046,49,51933.07733781074,272.68224604431936,WI,WISCONSIN
2046,50,119875.32337830968,875.3185088454536,WY,WYOMING
2047,0,166387.51084267124,653.4042283138713,AL,ALABAMA
2047,2,1128.4870895733966,209.57654663988157,AZ,ARIZONA
2047,3,235643.71582810616,2404.258879894621,AR,ARKANSAS
2047,4,9147.6197184846,295.935466252584,CA,CALIFORNIA
2047,5,158326.48675177604,2480.8874337429415,CO,COLORADO
2047,6,0.0,0.0,CT,CONNECTICUT
2047,7,5743.802288495661,118.29233088585585,DE,DELAWARE
2047,8,0.0,0.0,DC,DISTRICT OF COLUMBIA
2047,9,11903.953892997522,42.39536554069186,FL,FLORIDA
2047,10,483690.29331579694,2092.4326902041876,GA,GEORGIA
2047,12,604012.9310015743,2825.237621521771,ID,IDAHO
2047,13,726343.3422646683,3113.828036088604,IL,ILLINOIS
2047,14,123635.6431908269,513.564433528292,IN,INDIANA
2047,15,36209.587303344946,137.44719550626377,IA,IOWA
2047,16,166346.47484724884,1395.078265700141,KS,KANSAS
2047,17,224265.2506835829,1570.7270243506314,KY,KENTUCKY
2047,18,62955.722940490494,279.3897380912066,LA,LOUISIANA
2047,19,0.0,0.0,ME,MAINE
2047,20,29868.72268829349,278.5488792885128,MD,MARYLAND
2047,21,0.0,0.0,MA,MASSACHUSETTS
2047,22,204282.40091471278,875.3029239193593,MI,MICHIGAN
2047,23,1208042.483205658,3425.903604315238,MN,MINNESOTA
2047,24,488449.2870142015,1566.8939777861283,MS,MISSISSIPPI
2047,25,488766.4743680311,4781.460194783494,MO,MISSOURI
2047,26,1300984.0868998512,8031.596962305244,MT,MONTANA
2047,27,462516.9414541499,3344.539922619089,NE,NEBRASKA
2047,28,4406.14446475948,506.89265984777404,NV,NEVADA
2047,29,0.0,0.0,NH,NEW HAMPSHIRE
2047,30,2234.825491919241,55.338675615497166,NJ,NEW JERSEY
2047,31,9133.884366979077,168.07880052137043,NM,NEW MEXICO
2047,32,61259.70487207171,1018.3436813323286,NY,NEW YORK
2047,33,231255.8059466636,1580.0835091910146,NC,NORTH CAROLINA
2047,34,1508386.5326347747,10032.469233653035,ND,NORTH DAKOTA
2047,35,219162.93074728633,878.27452191665,OH,OHIO
2047,36,747922.4376103705,2978.9357089413634,OK,OKLAHOMA
2047,37,366891.0387653393,2033.6779548356851,OR,OREGON
2047,38,3361.0632188091804,116.26671364670287,PA,PENNSYLVANIA
2047,39,0.0,0.0,RI,RHODE ISLAND
2047,40,164087.05947774564,1153.8829465319552,SC,SOUTH CAROLINA
2047,41,619910.4734815471,3896.7180037428952,SD,SOUTH DAKOTA
2047,42,432694.8301767013,2824.9950996711914,TN,TENNESSEE
2047,43,372262.39565086615,1998.060401724418,TX,TEXAS
2047,44,15622.134173337006,988.4909389982788,UT,UTAH
2047,45,27011.144247779688,226.92951439739724,VT,VERMONT
2047,46,49342.40318115995,766.1502420994686,VA,VIRGINIA
2047,47,440537.7956997701,3598.3982738438312,WA,WASHINGTON
2047,48,2384.4409337882807,208.80944113702935,WV,WEST VIRGINIA
2047,49,208581.7277838426,722.4030891642732,WI,WISCONSIN
2047,50,105890.94829748808,806.217069841307,WY,WYOMING
2048,0,17267.17217592302,325.67602458232716,AL,ALABAMA
2048,2,935.9377389149282,181.23665437766113,AZ,ARIZONA
2048,3,102461.66024321466,648.8126441749853,AR,ARKANSAS
2048,4,9626.77265199676,304.34533416915457,CA,CALIFORNIA
2048,5,696817.3863921212,9647.794931418675,CO,COLORADO
2048,6,0.0,0.0,CT,CONNECTICUT
2048,7,0.0,0.0,DE,DELAWARE
2048,8,0.0,0.0,DC,DISTRICT OF COLUMBIA
2048,9,4470.45887326038,24.342012530803213,FL,FLORIDA
2048,10,146436.97054100354,889.3881584342378,GA,GEORGIA
2048,12,185145.99050393928,903.1724301986096,ID,IDAHO
2048,13,101569.39123870319,532.4985137857334,IL,ILLINOIS
2048,14,61393.218637728074,255.0899178594206,IN,INDIANA
2048,15,2242.2338350177715,6.514360717901113,IA,IOWA
2048,16,3626997.2407805803,19467.225318939134,KS,KANSAS
2048,17,93777.52715899644,680.7635418040113,KY,KENTUCKY
2048,18,112064.03881477399,464.2822164118587,LA,LOUISIANA
2048,19,0.0,0.0,ME,MAINE
2048,20,3145.7763689001804,54.03972633283318,MD,MARYLAND
2048,21,0.0,0.0,MA,MASSACHUSETTS
2048,22,33341.10277387347,163.01263463644688,MI,MICHIGAN
2048,23,96472.81659895777,359.0609469154043,MN,MINNESOTA
2048,24,40737.94031043739,373.7029279652601,MS,MISSISSIPPI
2048,25,12689.815014160113,143.34103001388,MO,MISSOURI
2048,26,807395.4512153473,5439.748821663494,MT,MONTANA
2048,27,783566.3982792946,3790.6822529351452,NE,NEBRASKA
2048,28,5754.583953967948,662.0201380308948,NV,NEVADA
2048,29,0.0,0.0,NH,NEW HAMPSHIRE
2048,30,120.52705408354205,2.123175799243588,NJ,NEW JERSEY
2048,31,50966.100603564104,833.6753070533111,NM,NEW MEXICO
2048,32,13964.984855160665,281.74437745488484,NY,NEW YORK
2048,33,139001.59845575885,1228.0559819598234,NC,NORTH CAROLINA
2048,34,3853359.303047576,23643.795333925256,ND,NORTH DAKOTA
2048,35,1856.891438494385,37.27851495064675,OH,OHIO
2048,36,5073674.877239618,20507.12551274817,OK,OKLAHOMA
2048,37,78138.28788901566,421.294452401268,OR,OREGON
2048,38,1987.600636472652,49.30645779430142,PA,PENNSYLVANIA
2048,39,0.0,0.0,RI,RHODE ISLAND
2048,40,56902.031340329086,484.06986394017343,SC,SOUTH CAROLINA
2048,41,101352.12502975184,957.8926225069931,SD,SOUTH DAKOTA
2048,42,133063.27030906637,2069.7679815783304,TN,TENNESSEE
2048,43,2486424.7153649274,11649.385195329074,TX,TEXAS
2048,44,11860.006608329402,757.2906633544517,UT,UTAH
2048,45,252.66433488306575,18.205850361231093,VT,VERMONT
2048,46,22009.79668537413,396.4562484070747,VA,VIRGINIA
2048,47,87764.75412357942,718.5843559793901,WA,WASHINGTON
2048,48,6.954196827300298,3.257511089824997,WV,WEST VIRGINIA
2048,49,639.5839252980433,1.7701745331443877,WI,WISCONSIN
2048,50,122151.62769171495,868.442067970232,WY,WYOMING
2049,0,0.0,0.0,AL,ALABAMA
2049,2,1064.5971859526858,203.6760527832348,AZ,ARIZONA
2049,3,514.7296016505614,7.043201268588558,AR,ARKANSAS
2049,4,4567.797144219994,152.5950368894343,CA,CALIFORNIA
2049,5,246409.0514140385,3775.6718798499724,CO,COLORADO
2049,6,0.0,0.0,CT,CONNECTICUT
2049,7,0.0,0.0,DE,DELAWARE
2049,8,0.0,0.0,DC,DISTRICT OF COLUMBIA
2049,9,0.0,0.0,FL,FLORIDA
2049,10,1662.3529398796443,16.776297198567743,GA,GEORGIA
2049,12,41825.841253642386,370.55164866996296,ID,IDAHO
2049,13,9585.771943677662,113.51943016671122,IL,ILLINOIS
2049,14,36602.54118801981,161.56091180170532,IN,INDIANA
2049,15,11944.15349792096,38.90476812311533,IA,IOWA
2049,16,2495226.2254456347,15443.253503171563,KS,KANSAS
2049,17,35966.59354583761,401.84308290299657,KY,KENTUCKY
2049,18,25193.75441899394,180.12819014946822,LA,LOUISIANA
2049,19,0.0,0.0,ME,MAINE
2049,20,0.0,0.0,MD,MARYLAND
2049,21,0.0,0.0,MA,MASSACHUSETTS
2049,22,4212.737202358686,32.752437811408974,MI,MICHIGAN
2049,23,11846.369603050392,64.95527095996499,MN,MINNESOTA
2049,24,61850.38866441278,391.00153226589885,MS,MISSISSIPPI
2049,25,19487.24868276642,351.3487875472075,MO,MISSOURI
2049,26,1325456.1557369623,7469.372024958002,MT,MONTANA
2049,27,78488.12093211222,618.7820778714162,NE,NEBRASKA
2049,28,1776.6690182407908,204.8046776936947,NV,NEVADA
2049,29,0.0,0.0,NH,NEW HAMPSHIRE
2049,30,0.0,0.0,NJ,NEW JERSEY
2049,31,18819.404589222035,482.69724066727304,NM,NEW MEXICO
2049,32,0.0,0.0,NY,NEW YORK
2049,33,7560.955335183422,62.550628081381504,NC,NORTH CAROLINA
2049,34,290315.4211507338,1157.3393719292471,ND,NORTH DAKOTA
2049,35,16944.391764270404,102.53586523451952,OH,OHIO
2049,36,2556458.1517412793,12140.763269889576,OK,OKLAHOMA
2049,37,237882.16894272622,1318.7049973859273,OR,OREGON
2049,38,1480.5647179827542,36.02061307645284,PA,PENNSYLVANIA
2049,39,0.0,0.0,RI,RHODE ISLAND
2049,40,0.0,0.0,SC,SOUTH CAROLINA
2049,41,0.0,0.0,SD,SOUTH DAKOTA
2049,42,2471.4984514970415,60.68136827905462,TN,TENNESSEE
2049,43,2017819.218439568,10042.209152431325,TX,TEXAS
2049,44,7303.426199106745,472.65726551516616,UT,UTAH
2049,45,0.0,0.0,VT,VERMONT
2049,46,914.0051164768942,12.865699883101133,VA,VIRGINIA
2049,47,139210.0798304058,1188.217561677631,WA,WASHINGTON
2049,48,379.43114980828545,35.49162048054636,WV,WEST VIRGINIA
2049,49,7611.432556686967,64.76845973263046,WI,WISCONSIN
2049,50,1120.0728116033438,8.454979642010597,WY,WYOMING
2050,0,0.0016602901162349683,5.3782880659513156e-05,AL,ALABAMA
2050,2,459.475902844618,85.02489321374114,AZ,ARIZONA
2050,3,23008.87682380609,373.1556739428456,AR,ARKANSAS
2050,4,1057.1550665529228,32.29556144585088,CA,CALIFORNIA
2050,5,147718.70504991186,2789.334893989909,CO,COLORADO
2050,6,0.0,0.0,CT,CONNECTICUT
2050,7,5932.800345119379,64.4750777731056,DE,DELAWARE
2050,8,0.0,0.0,DC,DISTRICT OF COLUMBIA
2050,9,511.0347605845932,9.475325921703961,FL,FLORIDA
2050,10,4917.093906600675,113.76383569820024,GA,GEORGIA
2050,12,202908.02900908692,837.7136992546878,ID,IDAHO
2050,13,11974.264383142361,131.29098270483715,IL,ILLINOIS
2050,14,20892.598896380066,194.93702326281377,IN,INDIANA
2050,15,148.82881860382537,0.7240764768749851,IA,IOWA
2050,16,1116510.1768515212,9757.642869721674,KS,KANSAS
2050,17,18557.581812607226,663.48922419179,KY,KENTUCKY
2050,18,48785.77344716438,252.61492544358782,LA,LOUISIANA
2050,19,0.0,0.0,ME,MAINE
2050,20,18246.621369642577,205.22966990505034,MD,MARYLAND
2050,21,0.0,0.0,MA,MASSACHUSETTS
2050,22,21452.798919634384,176.0867648156588,MI,MICHIGAN
2050,23,179307.84891984978,1365.6377245159151,MN,MINNESOTA
2050,24,56293.40079168011,440.4714748343651,MS,MISSISSIPPI
2050,25,3879.5977652059173,45.21883362323302,MO,MISSOURI
2050,26,21186.190671324825,523.1813453955962,MT,MONTANA
2050,27,0.0,0.0,NE,NEBRASKA
2050,28,2504.627606095491,296.2143006403652,NV,NEVADA
2050,29,1.5720161647112072,0.2779976015716553,NH,NEW HAMPSHIRE
2050,30,8035.392186680319,93.80353579926219,NJ,NEW JERSEY
2050,31,1923.3044328887827,39.64910173279207,NM,NEW MEXICO
2050,32,2555.9953926402654,84.57657352819085,NY,NEW YORK
2050,33,122034.80091008157,915.5536140178887,NC,NORTH CAROLINA
2050,34,276909.95161456265,3287.6162663960604,ND,NORTH DAKOTA
2050,35,32983.71819814309,293.16904770116264,OH,OHIO
2050,36,1789244.6722363043,7995.1666194466015,OK,OKLAHOMA
2050,37,41606.47874943066,223.3752822259267,OR,OREGON
2050,38,21658.070398610704,343.86892643491154,PA,PENNSYLVANIA
2050,39,0.0,0.0,RI,RHODE ISLAND
2050,40,31851.34188877057,399.47677888209626,SC,SOUTH CAROLINA
2050,41,418.22980605124565,4.866060206598266,SD,SOUTH DAKOTA
2050,42,22498.232548972723,577.8362261498111,TN,TENNESSEE
2050,43,309701.45142123534,2066.0524788969014,TX,TEXAS
2050,44,7563.0397773968625,490.85765143494405,UT,UTAH
2050,45,0.0,0.0,VT,VERMONT
2050,46,12794.35364501171,281.3496997421421,VA,VIRGINIA
2050,47,106892.21280515566,1111.710973022879,WA,WASHINGTON
2050,48,833.4481226251422,93.05677673111956,WV,WEST VIRGINIA
2050,49,2632.856160589697,27.7126150670168,WI,WISCONSIN
2050,50,3870.1772370663343,27.73047599264894,WY,WYOMING
2051,0,52052.880106545184,312.10197565889666,AL,ALABAMA
2051,2,841.6461513201959,155.69359538189485,AZ,ARIZONA
2051,3,20647.30357592845,318.0573570577864,AR,ARKANSAS
2051,4,657.7856880890438,22.169409596930745,CA,CALIFORNIA
2051,5,293269.5800282096,5159.812317943387,CO,COLORADO
2051,6,0.0,0.0,CT,CONNECTICUT
2051,7,2834.3613583360748,50.88507088983289,DE,DELAWARE
2051,8,0.0,0.0,DC,DISTRICT OF COLUMBIA
2051,9,6173.3508447748945,21.747201095462437,FL,FLORIDA
2051,10,212514.78622139827,1397.2452925317555,GA,GEORGIA
2051,12,6490.4646719286075,63.257540693410974,ID,IDAHO
2051,13,46373.21538539986,264.5209060073277,IL,ILLINOIS
2051,14,9893.224737240293,100.47978665959027,IN,INDIANA
2051,15,12264.121692801411,44.52746806734674,IA,IOWA
2051,16,6067094.824802571,31377.878818849516,KS,KANSAS
2051,17,19804.52641606587,159.850281476659,KY,KENTUCKY
2051,18,137397.0922848708,363.9424581017448,LA,LOUISIANA
2051,19,16.511559560315586,0.21469739974909813,ME,MAINE
2051,20,814.5032849960638,14.2973035931626,MD,MARYLAND
2051,21,0.0,0.0,MA,MASSACHUSETTS
2051,22,16419.511747709796,83.95397124850092,MI,MICHIGAN
2051,23,0.0,0.0,MN,MINNESOTA
2051,24,312106.8932629633,1085.55230211874,MS,MISSISSIPPI
2051,25,18416.45192617328,330.8241523204888,MO,MISSOURI
2051,26,3792.7071316847487,92.34193236849394,MT,MONTANA
2051,27,159154.48187954343,787.0045969143129,NE,NEBRASKA
2051,28,336.6703829544866,38.7636524223511,NV,NEVADA
2051,29,32.27893207381013,0.5447008601168426,NH,NEW HAMPSHIRE
2051,30,1994.466328672916,17.356693199514915,NJ,NEW JERSEY
2051,31,35662.179420052445,581.9470522462506,NM,NEW MEXICO
2051,32,6905.2449201972595,108.60458381201678,NY,NEW YORK
2051,33,303277.436942819,1298.99165597813,NC,NORTH CAROLINA
2051,34,0.0,0.0,ND,NORTH DAKOTA
2051,35,18574.993378119565,197.2781147708916,OH,OHIO
2051,36,5430635.1843310185,20785.831130040184,OK,OKLAHOMA
2051,37,46117.97008928508,220.82102405952912,OR,OREGON
2051,38,718.4325872032641,15.29614581648081,PA,PENNSYLVANIA
2051,39,0.0,0.0,RI,RHODE ISLAND
2051,40,120356.32956787664,727.7781257478623,SC,SOUTH CAROLINA
2051,41,0.0,0.0,SD,SOUTH DAKOTA
2051,42,28223.052532844056,350.8380751078282,TN,TENNESSEE
2051,43,2031437.6420651758,10074.78174772696,TX,TEXAS
2051,44,4024.5323112122965,263.44000076476163,UT,UTAH
2051,45,0.0,0.0,VT,VERMONT
2051,46,39423.69021216215,522.6140334444551,VA,VIRGINIA
2051,47,12597.272554803145,90.64100153120674,WA,WASHINGTON
2051,48,18.71032382843508,3.8311301534654136,WV,WEST VIRGINIA
2051,49,3481.1925567939534,23.349047051024584,WI,WISCONSIN
2051,50,18821.79395314867,132.58103178315545,WY,WYOMING
2052,0,9426.249232695312,130.99372586868964,AL,ALABAMA
2052,2,1207.1681544113162,224.244538830725,AZ,ARIZONA
2052,3,588221.4854476001,2646.945045303831,AR,ARKANSAS
2052,4,4852.228698825594,169.6794182941776,CA,CALIFORNIA
2052,5,679532.4497268025,9463.360248102937,CO,COLORADO
2052,6,0.0,0.0,CT,CONNECTICUT
2052,7,582.9240999089482,25.103074802435486,DE,DELAWARE
2052,8,0.0,0.0,DC,DISTRICT OF COLUMBIA
2052,9,971.1258386465696,13.114982605459982,FL,FLORIDA
2052,10,7458.46704637575,206.27428059710948,GA,GEORGIA
2052,12,454004.3670295313,1835.7483823446391,ID,IDAHO
2052,13,1127179.3603256096,3114.0195475463743,IL,ILLINOIS
2052,14,109946.23606625172,575.7235641899313,IN,INDIANA
2052,15,79047.1024228373,172.3686521858342,IA,IOWA
2052,16,7001857.48135424,35114.19212512947,KS,KANSAS
2052,17,91015.14303248994,696.069363804364,KY,KENTUCKY
2052,18,49250.73144607296,268.12085648828224,LA,LOUISIANA
2052,19,49.143614528266845,0.8381402972935921,ME,MAINE
2052,20,4648.139390178467,73.9279236803809,MD,MARYLAND
2052,21,0.0,0.0,MA,MASSACHUSETTS
2052,22,238121.197355943,1098.1484133209105,MI,MICHIGAN
2052,23,1233094.171865736,4076.384478129175,MN,MINNESOTA
2052,24,63902.495488431035,389.82184277557144,MS,MISSISSIPPI
2052,25,1275516.6110737445,5699.247306509852,MO,MISSOURI
2052,26,2179179.186116398,12952.375502168563,MT,MONTANA
2052,27,1585675.7737042557,7372.509453524141,NE,NEBRASKA
2052,28,4718.049697237415,544.0278163416875,NV,NEVADA
2052,29,18.789305578697395,0.2849844434654237,NH,NEW HAMPSHIRE
2052,30,761.0456412795764,12.948361178715729,NJ,NEW JERSEY
2052,31,40283.8031858188,664.8979265959692,NM,NEW MEXICO
2052,32,33027.323166338,756.2709044722762,NY,NEW YORK
2052,33,9096.605570618975,94.07751780715323,NC,NORTH CAROLINA
2052,34,3795496.4635929572,25386.835300396742,ND,NORTH DAKOTA
2052,35,118210.46067395624,627.6494319897058,OH,OHIO
2052,36,3728970.3100978746,16919.676471356302,OK,OKLAHOMA
2052,37,180126.28123948153,908.5692675478565,OR,OREGON
2052,38,11303.31060797078,224.78646636640184,PA,PENNSYLVANIA
2052,39,0.0,0.0,RI,RHODE ISLAND
2052,40,2239.7361616044464,48.681002725902424,SC,SOUTH CAROLINA
2052,41,2563125.6757133557,9077.680241230395,SD,SOUTH DAKOTA
2052,42,117171.75726344516,778.9508010710904,TN,TENNESSEE
2052,43,1625157.71981333,8264.093817338045,TX,TEXAS
2052,44,14982.127970013727,961.8501569057123,UT,UTAH
2052,45,0.0,0.0,VT,VERMONT
2052,46,9754.036614242781,433.43484427597014,VA,VIRGINIA
2052,47,46007.78896738235,392.83395284461056,WA,WASHINGTON
2052,48,0.0,0.0,WV,WEST VIRGINIA
2052,49,184072.11258244258,676.9521894222197,WI,WISCONSIN
2052,50,129717.57951060188,990.4311408830771,WY,WYOMING
2053,0,9.556634363203335,0.8568614532653429,AL,ALABAMA
2053,2,648.8185199016953,120.02299060644495,AZ,ARIZONA
2053,3,1443.7815536323162,15.75017420048292,AR,ARKANSAS
2053,4,4977.952342816108,168.3767870837354,CA,CALIFORNIA
2053,5,578679.6450659528,7867.20821220908,CO,COLORADO
2053,6,0.0,0.0,CT,CONNECTICUT
2053,7,0.0,0.0,DE,DELAWARE
2053,8,0.0,0.0,DC,DISTRICT OF COLUMBIA
2053,9,163.85412123572107,1.617367355773805,FL,FLORIDA
2053,10,174.37075844581764,1.3405433452125644,GA,GEORGIA
2053,12,437694.09552108136,2081.443767836352,ID,IDAHO
2053,13,425.5394757645629,32.12652272924981,IL,ILLINOIS
2053,14,16059.24023064216,102.5363351162811,IN,INDIANA
2053,15,6790.868492251528,13.958791527348726,IA,IOWA
2053,16,6194205.46959518,28621.15551880696,KS,KANSAS
2053,17,102830.65745389748,1025.1298814851248,KY,KENTUCKY
2053,18,3049.710770353413,24.9275048499968,LA,LOUISIANA
2053,19,4.0125449186653235,0.08417021365721998,ME,MAINE
2053,20,106.76277276696484,3.6142432167644647,MD,MARYLAND
2053,21,0.0,0.0,MA,MASSACHUSETTS
2053,22,10820.481546524616,25.64704598731059,MI,MICHIGAN
2053,23,707545.3322347229,1859.3004059059353,MN,MINNESOTA
2053,24,664.5303038206742,8.344280330672854,MS,MISSISSIPPI
2053,25,53569.37063577697,586.3438612579921,MO,MISSOURI
2053,26,918970.9955091059,5804.315922311145,MT,MONTANA
2053,27,1031212.5113759364,5705.332414987466,NE,NEBRASKA
2053,28,4736.408249476535,544.8869402499621,NV,NEVADA
2053,29,0.0,0.0,NH,NEW HAMPSHIRE
2053,30,0.0,0.0,NJ,NEW JERSEY
2053,31,32347.242847647743,531.4399190176518,NM,NEW MEXICO
2053,32,3818.1962037231615,93.58778205453777,NY,NEW YORK
2053,33,697.585284713048,31.26972786437866,NC,NORTH CAROLINA
2053,34,371415.6625804696,2067.681756419628,ND,NORTH DAKOTA
2053,35,133953.36481788222,534.4608786251239,OH,OHIO
2053,36,5200299.623951854,19752.837060812286,OK,OKLAHOMA
2053,37,418245.53078989685,2385.6532104479948,OR,OREGON
2053,38,999.5424523610847,19.07673155459632,PA,PENNSYLVANIA
2053,39,0.0,0.0,RI,RHODE ISLAND
2053,40,329.4217456208426,13.718092478985795,SC,SOUTH CAROLINA
2053,41,615221.7494256843,2505.9865566398257,SD,SOUTH DAKOTA
2053,42,40697.9279858703,550.1624791219151,TN,TENNESSEE
2053,43,1994225.9983204145,9604.582248995035,TX,TEXAS
2053,44,12264.023794548635,778.3876260267355,UT,UTAH
2053,45,0.0,0.0,VT,VERMONT
2053,46,0.0,0.0,VA,VIRGINIA
2053,47,655999.7017842993,6201.335486993686,WA,WASHINGTON
2053,48,2135.838126497489,136.2042186845104,WV,WEST VIRGINIA
2053,49,12303.215862684656,32.918793219768475,WI,WISCONSIN
2053,50,105542.06001174271,748.801518057818,WY,WYOMING
2054,0,330.8779372304373,13.924795642277608,AL,ALABAMA
2054,2,897.6587530351263,166.0552961419163,AZ,ARIZONA
2054,3,58432.018337280155,905.1982293746139,AR,ARKANSAS
2054,4,5681.868878269515,185.60147409317764,CA,CALIFORNIA
2054,5,437307.3411098164,6889.37059597342,CO,COLORADO
2054,6,0.0,0.0,CT,CONNECTICUT
2054,7,0.0,0.0,DE,DELAWARE
2054,8,0.0,0.0,DC,DISTRICT OF COLUMBIA
2054,9,0.0,0.0,FL,FLORIDA
2054,10,0.0,0.0,GA,GEORGIA
2054,12,399897.58412152395,1749.2558424699941,ID,IDAHO
2054,13,50801.84291758081,520.4103633631657,IL,ILLINOIS
2054,14,3086.060496584674,53.25138840678586,IN,INDIANA
2054,15,47866.9485703981,140.6269426475493,IA,IOWA
2054,16,3166016.5423241127,22910.151309693767,KS,KANSAS
2054,17,1131.5507629549152,9.80358327877153,KY,KENTUCKY
2054,18,269.66008287298445,6.588119216447742,LA,LOUISIANA
2054,19,23.558855194151672,0.5004439992674525,ME,MAINE
2054,20,0.0,0.0,MD,MARYLAND
2054,21,0.0,0.0,MA,MASSACHUSETTS
2054,22,8609.426878150181,68.59294032705765,MI,MICHIGAN
2054,23,1359.2342761556124,18.117371437751046,MN,MINNESOTA
2054,24,449.67348968845704,6.4004974592450985,MS,MISSISSIPPI
2054,25,329272.0398084305,4025.9796035301315,MO,MISSOURI
2054,26,1396502.0900705366,7928.299995870161,MT,MONTANA
2054,27,573433.7194395745,3494.610541626257,NE,NEBRASKA
2054,28,4469.571530168094,514.1894505337023,NV,NEVADA
2054,29,0.0,0.0,NH,NEW HAMPSHIRE
2054,30,0.0,0.0,NJ,NEW JERSEY
2054,31,13563.726165813367,365.52195660384086,NM,NEW MEXICO
2054,32,101.10436451445939,1.1673478034765623,NY,NEW YORK
2054,33,9423.161580262367,115.8672771845646,NC,NORTH CAROLINA
2054,34,187453.00318824477,757.236886047527,ND,NORTH DAKOTA
2054,35,852.0751332806906,15.65685746254062,OH,OHIO
2054,36,3901070.606894196,20267.188273925385,OK,OKLAHOMA
2054,37,341066.8623142826,1857.97637324802,OR,OREGON
2054,38,759.9486040078422,12.254983722106946,PA,PENNSYLVANIA
2054,39,0.0,0.0,RI,RHODE ISLAND
2054,40,0.0,0.0,SC,SOUTH CAROLINA
2054,41,179597.8596185267,927.9195310055304,SD,SOUTH DAKOTA
2054,42,37556.40138265432,569.9901509571931,TN,TENNESSEE
2054,43,645819.115946601,4111.124160895014,TX,TEXAS
2054,44,13739.807553846791,876.5400692019779,UT,UTAH
2054,45,0.0,0.0,VT,VERMONT
2054,46,66.9631222828342,5.643368356546749,VA,VIRGINIA
2054,47,389926.06898178626,3145.3999149110678,WA,WASHINGTON
2054,48,0.0,0.0,WV,WEST VIRGINIA
2054,49,0.22835065492251777,0.000517949570739829,WI,WISCONSIN
2054,50,2992.9466465071932,28.094874983580464,WY,WYOMING
2055,0,176.53122952193624,3.9518726416228827,AL,ALABAMA
2055,2,297.47231428409054,56.60139296588387,AZ,ARIZONA
2055,3,1639.4629127766445,189.73409294617431,AR,ARKANSAS
2055,4,5589.546690724638,178.57464728223988,CA,CALIFORNIA
2055,5,208547.31256586342,3558.1713380971228,CO,COLORADO
2055,6,0.0,0.0,CT,CONNECTICUT
2055,7,0.0,0.0,DE,DELAWARE
2055,8,0.0,0.0,DC,DISTRICT OF COLUMBIA
2055,9,709.4142737684506,7.907109589613687,FL,FLORIDA
2055,10,3536.5136545294845,48.19424511582484,GA,GEORGIA
2055,12,447018.9325530939,2212.3559860853147,ID,IDAHO
2055,13,24853.085385835213,282.3576631129502,IL,ILLINOIS
2055,14,12288.203818427066,113.61296421901035,IN,INDIANA
2055,15,7152.7530262184155,64.33027575873064,IA,IOWA
2055,16,1749803.8342086214,11621.20682237102,KS,KANSAS
2055,17,1289.2423937303818,66.98775015013415,KY,KENTUCKY
2055,18,0.0,0.0,LA,LOUISIANA
2055,19,2.6982041180649015,0.06780794397958864,ME,MAINE
2055,20,251.43514204471938,7.565116819353371,MD,MARYLAND
2055,21,0.0,0.0,MA,MASSACHUSETTS
2055,22,23490.907123702833,112.12597327715636,MI,MICHIGAN
2055,23,185588.10551298404,1230.3390234842432,MN,MINNESOTA
2055,24,4694.172992206684,92.51720665232807,MS,MISSISSIPPI
2055,25,9645.09158550151,317.69274804112223,MO,MISSOURI
2055,26,1337446.4302903682,9309.385191158159,MT,MONTANA
2055,27,149424.11548985547,1741.3874154551581,NE,NEBRASKA
2055,28,4295.222305811051,497.9417134331676,NV,NEVADA
2055,29,0.0,0.0,NH,NEW HAMPSHIRE
2055,30,0.0,0.0,NJ,NEW JERSEY
2055,31,651.9380661807095,18.661083865195828,NM,NEW MEXICO
2055,32,52628.102117741415,628.4378314509327,NY,NEW YORK
2055,33,8489.511011293682,81.57671579090186,NC,NORTH CAROLINA
2055,34,1170233.9437847026,5508.224530508517,ND,NORTH DAKOTA
2055,35,15441.683337145772,137.79029711299285,OH,OHIO
2055,36,135972.7784123638,677.8461964952451,OK,OKLAHOMA
2055,37,422226.9873385699,2305.6067483385164,OR,OREGON
2055,38,1340.586004961462,38.95377564020551,PA,PENNSYLVANIA
2055,39,0.0,0.0,RI,RHODE ISLAND
2055,40,204.42265813188095,9.767189733849383,SC,SOUTH CAROLINA
2055,41,442058.10542684945,3027.517325567938,SD,SOUTH DAKOTA
2055,42,20745.74108931036,451.61318849816223,TN,TENNESSEE
2055,43,45465.598842159365,268.3192538861279,TX,TEXAS
2055,44,12102.238513696946,778.3131023145232,UT,UTAH
2055,45,0.0,0.0,VT,VERMONT
2055,46,0.0,0.0,VA,VIRGINIA
2055,47,941018.5508928358,7226.623266508384,WA,WASHINGTON
2055,48,0.0,0.0,WV,WEST VIRGINIA
2055,49,1396.2573860524283,17.175438035309355,WI,WISCONSIN
2055,50,38.598978576783615,0.33123103818166766,WY,WYOMING
